tour,player,elo,matches,last_date
WTA,Sapfo Sakellaridi,1682.85,634,2026-04-27
ATP,Filip Cristian Jianu,1677.72,490,2026-06-01
ATP,Nicholas David Ionel,1642.87,463,2026-03-09
ATP,Andrey Chepelev,1585.11,454,2026-05-12
WTA,Katarina Kuzmova,1830.31,452,2026-06-01
ATP,Robin Bertrand,1616.34,446,2026-06-01
WTA,Sandra Samir,1747.16,442,2026-05-18
ATP,Dan Added,1697.06,440,2026-05-11
WTA,Carole Monnet,1834.57,433,2026-04-13
ATP,Marek Gengel,1732.7,432,2026-06-01
ATP,Nikolas Sanchez Izquierdo,1856.44,431,2026-06-01
ATP,Aziz Dougaz,1679.12,424,2026-05-11
ATP,Denis Yevseyev,1650.16,423,2026-05-25
WTA,Justina Mikulskyte,1787.72,422,2026-01-19
ATP,Matthew Dellavedova,1533.87,419,2026-04-27
ATP,Ivan Gakhov,1680.47,416,2026-04-27
ATP,Carlos Sanchez Jover,1680.41,416,2026-05-25
ATP,Oliver Crawford,1707.66,415,2026-04-20
ATP,Michael Geerts,1690.4,415,2026-05-04
ATP,Zdenek Kolar,1774.33,414,2026-06-01
ATP,Lorenzo Giustino,1731.71,413,2026-06-01
ATP,Billy Harris,1737.53,410,2026-06-01
WTA,Carlota Martinez Cirez,1723.41,410,2026-04-06
ATP,Santiago Fa Rodriguez Taverna,1602.96,410,2026-05-25
ATP,Matteo Martineau,1686.49,408,2026-06-01
ATP,Gauthier Onclin,1803.36,402,2026-06-01
ATP,Moez Echargui,1696.05,402,2026-06-01
ATP,Eric Vanshelboim,1545.9,401,2026-04-13
WTA,Leyre Romero Gormaz,1891.84,397,2026-04-21
WTA,Angela Fita Boluda,1901.88,396,2026-02-09
WTA,Alice Rame,1732.15,396,2026-03-03
ATP,Daniel Michalski,1708.2,396,2026-06-01
WTA,Carolina Alves,1689.22,394,2026-05-18
ATP,Gonzalo Villanueva,1688.81,394,2026-05-11
WTA,Yasmine Mansouri,1683.31,393,2026-04-13
ATP,Vladyslav Orlov,1521.74,393,2026-05-18
ATP,Cezar Cretu,1787.4,390,2026-06-01
ATP,Geoffrey Blancaneaux,1720.93,390,2026-05-12
WTA,Ekaterina Makarova,1717.75,388,2025-06-30
ATP,Jelle Sels,1582.89,388,2026-06-01
ATP,Remy Bertola,1780.36,387,2026-06-01
ATP,Pol Martin Tiffon,1840.9,386,2026-05-25
ATP,Daniel Dutra Da Silva,1620.37,386,2026-06-01
ATP,Oriol Roca Batalla,1775.86,385,2026-06-01
ATP,Alexander Weis,1583.27,384,2025-09-08
WTA,Maria Lourdes Carle,1825.42,382,2026-03-04
ATP,Yu Hsiou Hsu,1792.85,382,2026-06-01
ATP,Clement Tabur,1853.61,381,2026-05-12
WTA,Nuria Brancaccio,1830.18,381,2026-04-21
ATP,Dmitry Popko,1616.82,381,2026-04-20
ATP,Franco Agamenone,1801.51,380,2026-05-25
ATP,Christian Langmo,1651.94,380,2026-06-01
WTA,Stephanie Judith Visscher,1813.56,379,2026-05-18
ATP,Hugo Grenier,1780.67,379,2026-05-25
ATP,Raul Brancaccio,1742.08,379,2026-06-01
ATP,Robert Strombachs,1606.36,379,2026-06-01
WTA,Sinja Kraus,2064.36,378,2026-05-05
WTA,Darja Semenistaja,1957.69,378,2026-05-05
ATP,Oleksii Krutykh,1667.76,378,2026-04-27
ATP,Antoine Escoffier,1669.76,377,2026-04-28
ATP,Giovanni Fonio,1663.21,377,2026-04-28
ATP,Ergi Kirkin,1641.24,377,2026-05-18
ATP,Vitaliy Sachko,1806.43,376,2026-06-01
ATP,Alex Marti Pujolras,1617.41,376,2026-06-01
WTA,Ilay Yoruk,1500.09,376,2026-05-25
ATP,Kaichi Uchida,1632.19,374,2026-05-11
WTA,Anastasia Zolotareva,1924.59,373,2026-05-18
ATP,Henri Squire,1816.93,373,2026-06-01
ATP,Dane Sweeny,1730.3,373,2026-06-01
ATP,Filip Peliwo,1536.07,373,2026-06-01
ATP,Mats Rosenkranz,1754.12,372,2026-02-02
ATP,Thiago Agustin Tirante,1848.91,371,2026-01-27
ATP,Alexey Vatutin,1702.37,371,2025-11-24
ATP,Ryan Nijboer,1611.96,371,2026-04-27
ATP,Roman Andres Burruchaga,1948.82,370,2026-05-12
WTA,Dalila Jakupovic,1761.78,370,2026-05-04
ATP,Michael Vrbensky,1578.07,370,2026-06-01
ATP,Timofey Skatov,1828.09,369,2026-06-01
WTA,Lamis Alhussein Abdel Aziz,1822.35,369,2026-05-11
ATP,Duje Ajdukovic,1719.38,369,2026-05-11
WTA,Valeriya Strakhova,1623.64,369,2026-02-23
ATP,Sebastian Gima,1547.37,369,2026-04-27
ATP,Valentin Royer,1927.7,368,2026-06-01
ATP,Tomas Barrios Vera,1893.79,368,2026-05-11
ATP,Mathys Erhard,1696.21,368,2026-05-25
WTA,Viktoria Morvayova,1779.42,367,2026-01-26
ATP,Maxime Janvier,1646.36,367,2026-05-25
ATP,Rio Noguchi,1829.43,366,2026-05-04
WTA,Valentina Ryser,1845.15,365,2026-05-18
WTA,Despina Papamichail,1809.24,365,2026-04-21
ATP,Frederico Ferreira Silva,1761.45,365,2026-06-01
ATP,Aidan Mchugh,1594.17,365,2026-01-05
ATP,Juan Bautista Torres,1767.44,362,2026-05-11
ATP,Max Houkes,1751.13,361,2026-06-01
ATP,Jay Clarke,1722.23,361,2026-05-25
WTA,Marina Bassols Ribera,1858.43,360,2026-04-21
ATP,Calvin Hemery,1770.3,360,2026-06-01
WTA,Sofia Shapatava,1598.82,360,2026-02-24
ATP,Sasi Kumar Mukund,1564.75,360,2026-06-01
ATP,Shintaro Mochizuki,1734.03,359,2026-06-01
ATP,Murkel Alejandro Dellien Velasco,1678.5,359,2026-05-11
ATP,Emilio Nava,1951.95,358,2026-06-01
ATP,Lukas Neumayer,1913.14,358,2026-05-25
ATP,Andrea Collarini,1717.17,358,2026-05-11
WTA,Ylena In Albon,1641.32,358,2026-02-09
WTA,Hanna Chang,1875.08,357,2026-05-18
ATP,Jurij Rodionov,1829.15,357,2026-05-11
WTA,Gergana Topalova,1631.88,357,2026-05-04
WTA,Panna Udvardy,1916.03,355,2026-04-21
ATP,Tristan Schoolkate,1829.27,355,2026-06-01
WTA,Irene Burillo Escorihuela,1795.68,355,2026-03-30
WTA,Ekaterina Yashina,1588.49,354,2026-02-15
ATP,Constantin Bittoun Kouzmine,1485.33,354,2026-06-01
ATP,Titouan Droguet,1922.9,353,2026-05-12
ATP,Terence Atmane,1839.87,353,2026-05-12
ATP,Joao Lucas Reis Da Silva,1771.88,353,2026-06-01
ATP,Louis Wessels,1603.66,353,2026-03-16
ATP,Max Alcala Gurri,1794.49,352,2026-05-18
ATP,Sandro Kopp,1676.91,352,2026-05-25
ATP,Daniel Masur,1660.98,352,2026-06-01
ATP,Viktor Durasovic,1642.39,352,2026-06-01
WTA,Ana Sofia Sanchez,1781.44,351,2026-03-30
ATP,Javier Barranco Cosano,1694.75,351,2026-03-09
WTA,Yuriko Miyazaki,1771.75,350,2026-06-01
WTA,Andreea Prisacariu,1679.29,350,2026-05-25
ATP,Miguel Damas,1668.86,349,2026-06-01
ATP,Nicolas Mejia,1791.28,348,2026-06-01
ATP,Juan Pablo Ficovich,1687.32,348,2026-05-11
ATP,Yanki Erel,1679.38,348,2026-04-20
WTA,Leolia Jeanjean,1974.51,347,2026-05-05
WTA,Lia Karatancheva,1681.34,347,2026-03-30
WTA,Anastasia Tikhonova,1662.88,347,2026-03-30
ATP,Juan Pablo Paz,1542.79,347,2025-06-16
ATP,Genaro Alberto Olivieri,1800.81,346,2026-06-01
WTA,Aurora Zantedeschi,1787.07,346,2026-06-01
ATP,Corentin Denolly,1611.41,346,2026-04-06
ATP,Stefanos Sakellaridis,1893.67,345,2026-05-25
WTA,Eva Vedder,1834.59,345,2026-03-30
WTA,Simona Waltert,1973.61,344,2026-05-05
ATP,Jesper De Jong,1875.14,344,2026-04-28
ATP,Facundo Mena,1731.39,344,2026-05-04
ATP,Juan Manuel Cerundolo,2019.29,343,2026-05-12
WTA,Ye Xin Ma,1847.93,343,2026-01-19
ATP,Charles Broom,1732.02,343,2026-06-01
ATP,Valerio Aboian,1679.7,343,2026-05-11
ATP,Samuel Vincent Ruggeri,1595.97,343,2026-05-25
WTA,Andrea Lazaro Garcia,1944.61,342,2026-01-19
WTA,Sada Nahimana,1807.02,342,2026-03-23
WTA,Tena Lukas,1779.77,342,2026-05-25
WTA,Miriam Bianca Bulgaru,1720.44,342,2026-01-19
WTA,Isabella Shinikova,1673.29,342,2026-05-04
ATP,Zsombor Piros,1939.12,341,2026-06-01
WTA,Laura Pigossi,1817.73,341,2026-03-30
WTA,Selena Janicijevic,1703.06,341,2026-04-13
ATP,Rudolf Molleker,1661.47,341,2026-04-27
ATP,Sebastian Fanselow,1614.5,341,2025-09-29
ATP,Benjamin Hassan,1690.76,340,2026-06-01
WTA,Barbora Palicova,1684.02,340,2026-04-13
WTA,Daria Snigur,2073.57,339,2026-05-05
ATP,Vit Kopriva,1863.37,339,2026-06-01
WTA,Rina Saigo,1748.46,339,2026-01-26
WTA,Alice Robbe,1615.01,339,2026-04-13
ATP,Saba Purtseladze,1461.37,339,2026-06-01
ATP,Dalibor Svrcina,1897.86,338,2026-06-01
ATP,Kimmer Coppejans,1836.43,338,2026-05-25
WTA,Lucia Cortez Llorca,1720.75,338,2026-05-04
ATP,Andrea Pellegrino,1858.9,337,2026-06-01
ATP,Hiroki Moriya,1612.18,337,2026-06-01
ATP,Mateus Alves,1582.16,337,2026-05-04
ATP,Bogdan Bobrov,1555.39,337,2024-08-26
WTA,Kyoka Okamura,1809.21,336,2026-06-01
ATP,Jonas Forejtek,1765.55,336,2026-06-01
ATP,Aziz Ouakaa,1545.13,336,2026-05-11
ATP,Marco Trungelliti,1924.95,335,2026-06-01
ATP,Liam Broady,1849.2,335,2026-06-01
WTA,Arianne Hartono,1839.7,335,2025-10-27
ATP,Martin Krumich,1785.91,335,2026-06-01
WTA,Anna Siskova,1949.55,334,2026-02-01
ATP,Alex Rybakov,1660.81,334,2026-04-20
ATP,Harold Mayot,1850.88,333,2026-06-01
ATP,Chun Hsin Tseng,1844.94,333,2026-06-01
ATP,Francesco Maestrelli,1817.94,333,2026-05-25
ATP,Hernan Casanova,1749.7,333,2026-05-11
ATP,Matheus Pucinelli De Almeida,1725.57,333,2026-05-11
ATP,Sergey Fomin,1716.58,333,2026-05-25
ATP,Strong Kirchheimer,1546.78,333,2026-04-20
WTA,Hina Inoue,1794.57,332,2026-06-01
WTA,Chloe Paquet,1767.77,332,2026-04-13
WTA,Leonie Kung,1677.98,332,2025-09-29
ATP,Daniel Merida Aguilar,1946.39,331,2026-06-01
ATP,Eliakim Coulibaly,1736.79,331,2026-06-01
ATP,Camilo Ugo Carabelli,2011.21,330,2026-05-12
WTA,Silvia Ambrosio,1820.46,330,2026-01-19
ATP,Alexis Galarneau,1807.02,330,2026-06-01
ATP,Goncalo Oliveira,1693.08,330,2024-12-30
WTA,Himeno Sakatsume,2002.72,329,2026-03-04
WTA,Veronika Erjavec,1942.14,329,2026-05-05
WTA,Tina Nadine Smith,1805.56,329,2026-01-19
ATP,Kirill Kivattsev,1566.65,329,2026-01-19
ATP,Otto Virtanen,1934.49,328,2026-06-01
ATP,Felix Gill,1798.12,328,2026-06-01
ATP,Ryan Peniston,1693.32,328,2026-02-09
WTA,Sakura Hosogi,1794.89,327,2026-02-16
ATP,Nick Hardt,1690.23,327,2026-05-04
WTA,Noma Noha Akugue,2022.78,326,2026-03-23
WTA,Elsa Jacquemot,1868.76,326,2026-05-17
WTA,Mai Hontama,1842.76,326,2026-03-10
WTA,Kathinka Von Deichmann,1801.71,326,2026-04-13
WTA,Xinxin Yao,1795.68,326,2026-06-01
WTA,Zhibek Kulambayeva,1791.18,326,2026-05-18
WTA,Ipek Oz,1763.02,326,2026-05-18
ATP,Daniel Rincon,1747.78,326,2026-05-18
ATP,Georgii Kravchenko,1610.48,326,2026-06-01
WTA,Elvina Kalieva,1962.26,325,2026-04-21
ATP,Pedro Boscardin Dias,1779.44,325,2026-06-01
WTA,Weronika Falkowska,1773.38,325,2026-04-27
ATP,Sho Shimabukuro,1866.06,324,2026-06-01
ATP,Stefano Travaglia,1856.83,324,2026-06-01
ATP,Nerman Fatic,1790.54,324,2026-05-11
ATP,Daniil Glinka,1789.98,324,2026-05-25
ATP,Oleg Prihodko,1694.01,324,2026-06-01
ATP,Mitchell Krueger,1693.85,324,2026-06-01
ATP,Giovanni Oradini,1595.74,324,2026-05-18
WTA,Jessika Ponchet,1899.06,323,2026-01-19
ATP,Carlos Taberner,1853.68,323,2026-01-12
WTA,Elena Malygina,1815.22,323,2026-04-27
WTA,Ekaterine Gorgodze,1808.23,323,2026-04-13
ATP,Alibek Kachmazov,1710.78,323,2026-02-09
ATP,Khumoun Sultanov,1654.71,323,2026-04-13
WTA,Anastasia Zakharova,1992.41,322,2026-05-17
WTA,Susan Bandecchi,1870.53,322,2026-02-01
WTA,Julia Avdeeva,1822.89,322,2026-05-25
ATP,Marvin Moeller,1731.99,322,2026-06-01
WTA,Nicole Fossa Huergo,1648.88,322,2026-02-02
WTA,Francisca Jorge,1879.85,321,2026-01-19
WTA,Sohyun Park,1853.69,321,2026-05-18
WTA,Suzan Lamens,1828.63,321,2026-05-05
ATP,Luca Potenza,1607.1,321,2026-05-18
WTA,Anja Wildgruber,1436.0,321,2026-05-25
ATP,Lucas Poullain,1757.96,320,2026-05-18
WTA,Francesca Curmi,1922.54,319,2026-04-20
ATP,Mattia Bellucci,1873.25,319,2026-06-01
WTA,Martha Matoula,1753.41,319,2026-05-25
WTA,Raluka Serban,1745.99,319,2026-05-04
ATP,Dimitar Kuzmanov,1717.59,319,2026-05-25
WTA,Ayumi Koshiishi,1641.27,319,2025-10-13
ATP,Kenny De Schepper,1634.67,319,2026-03-09
WTA,Renata Zarazua,1923.68,318,2026-05-17
ATP,Elias Ymer,1818.18,318,2026-06-01
WTA,Jenny Duerst,1719.57,318,2026-05-18
ATP,Christoph Negritu,1651.29,318,2026-06-01
ATP,Lucas Gerch,1645.1,318,2025-09-29
WTA,Arina Gabriela Vasilescu,1568.67,318,2026-06-01
ATP,Ignacio Monzon,1528.17,318,2026-05-11
ATP,Omar Jasika,1531.34,317,2026-05-18
ATP,Keegan Smith,1724.2,316,2026-06-01
ATP,Yurii Dzhavakian,1537.29,316,2026-05-18
ATP,Alejandro Moro Canas,1803.9,315,2026-06-01
ATP,Hady Habib,1721.22,315,2026-01-05
WTA,Diletta Cherubini,1709.84,315,2026-05-18
ATP,Sascha Gueymard Wayenburg,1706.4,315,2026-06-01
ATP,Damien Wenger,1613.58,315,2025-09-08
ATP,Alberto Barroso Campos,1605.8,315,2026-02-09
WTA,Diana Marcinkevica,1553.41,315,2026-05-25
WTA,Sofia Costoulas,1918.26,314,2026-01-19
WTA,Jasmijn Gimbrere,1670.75,314,2026-05-18
ATP,Renzo Olivo,1548.16,314,2026-05-11
WTA,Harmony Tan,1915.16,313,2026-04-13
WTA,Lina Gjorcheska,1885.94,313,2026-01-19
WTA,Xiaodi You,1882.96,313,2026-02-23
WTA,Julia Riera,1871.04,313,2026-03-10
WTA,Yeon Woo Ku,1865.9,313,2026-01-19
ATP,Bernard Tomic,1725.49,313,2026-06-01
ATP,Ugo Blanchet,1724.76,313,2026-06-01
ATP,Federico Iannaccone,1672.3,313,2026-05-18
ATP,Liam Draxl,1863.38,312,2026-06-01
WTA,Ayla Aksu,1845.24,312,2026-04-27
ATP,Jakub Paul,1751.66,312,2026-05-12
ATP,Florent Bax,1713.05,312,2026-05-04
ATP,Francesco Forti,1693.89,312,2026-06-01
ATP,Martin Damm,1846.75,311,2026-06-01
ATP,James Mccabe,1792.35,311,2026-06-01
ATP,Oleksandr Ovcharenko,1601.95,311,2026-03-09
WTA,Mona Barthel,1919.26,310,2026-02-01
WTA,Lucrezia Stefanini,1848.84,310,2026-04-21
WTA,Camilla Rosatello,1773.05,310,2026-01-19
WTA,Gabriela Ce,1766.28,310,2026-03-30
ATP,Paul Jubb,1707.98,310,2026-04-27
WTA,Jessica Bouzas Maneiro,1934.68,309,2026-05-11
ATP,Jan Choinski,1919.99,309,2026-06-01
WTA,Martyna Kubka,1892.42,309,2026-05-18
WTA,Margaux Rouvroy,1867.72,309,2026-05-04
WTA,Ekaterina Kazionova,1741.82,309,2026-05-18
ATP,Yuta Shimizu,1732.62,309,2026-06-01
WTA,Ziva Falkner,1679.44,309,2026-06-01
ATP,Federico Arnaboldi,1667.55,309,2026-05-25
ATP,Elmar Ejupovic,1625.73,309,2025-09-15
ATP,Tristan Lamasine,1619.8,309,2025-06-30
WTA,Marie Villet,1590.88,309,2026-05-25
ATP,Alexis Gautier,1587.55,309,2026-03-09
WTA,Dalila Spiteri,1806.75,308,2026-05-18
ATP,Marat Sharipov,1774.68,308,2026-05-18
ATP,Felipe Meligeni Alves,1739.36,308,2026-03-30
WTA,Ilinca Dalina Amariei,1718.28,308,2026-06-01
ATP,Skander Mansouri,1554.51,308,2026-05-11
WTA,Joanna Garland,1911.26,307,2026-03-04
WTA,Radka Zelnickova,1770.8,307,2026-05-25
ATP,Kris Van Wyk,1495.92,307,2026-06-01
ATP,Dominik Palan,1479.64,307,2026-06-01
ATP,Kyrian Jacquet,1907.12,306,2026-03-23
ATP,Francesco Passaro,1878.45,306,2026-01-19
ATP,Li Tu,1730.93,306,2026-06-01
WTA,Lisa Pigato,2078.03,305,2026-03-10
ATP,Mark Lajal,1869.01,305,2026-06-01
ATP,Andrea Picchione,1685.13,305,2025-09-16
ATP,Yusuke Takahashi,1597.61,305,2026-06-01
ATP,Omni Kumar,1569.42,305,2024-10-28
ATP,Oscar Jose Gutierrez,1475.82,305,2026-01-05
ATP,Tom Gentzsch,1829.17,304,2026-06-01
ATP,Nicolas Moreno De Alboran,1816.53,304,2026-03-30
WTA,Haruka Kaji,1812.88,304,2026-05-18
WTA,Lea Boskovic,1754.1,304,2026-04-20
WTA,Tatiana Pieri,1699.54,304,2026-03-30
ATP,Tommaso Compagnucci,1692.83,304,2026-05-25
ATP,Dragos Nicolae Madaras,1630.53,304,2023-07-31
ATP,Benjamin Lock,1580.88,304,2024-11-25
WTA,Jessie Aney,1576.22,304,2025-04-21
ATP,Moerani Bouzige,1552.47,304,2026-04-13
ATP,Alex Barrena,1730.03,303,2026-06-01
ATP,Beibit Zhukayev,1710.05,303,2026-04-27
WTA,Amandine Hesse,1708.93,303,2026-05-18
WTA,Anastasia Kulikova,1662.21,303,2026-02-02
ATP,Tim Handel,1537.7,303,2026-06-01
ATP,Damir Dzumhur,1859.71,302,2026-06-01
ATP,Federico Agustin Gomez,1682.23,302,2026-05-25
WTA,Manon Leonard,1670.72,302,2026-04-27
ATP,Evgeny Karlovskiy,1539.37,302,2025-11-24
ATP,Raphael Collignon,2090.22,301,2026-05-12
ATP,Luca Van Assche,1943.87,301,2026-05-12
ATP,Stuart Parker,1750.41,301,2025-11-03
ATP,David Jorda Sanchis,1742.5,301,2026-06-01
WTA,Talia Gibson,2033.6,300,2026-05-17
WTA,Oleksandra Oliynykova,2025.14,300,2026-05-17
WTA,Polina Kudermetova,2009.49,300,2026-04-20
ATP,Lukas Klein,1852.17,300,2026-02-09
WTA,Olivia Gadecki,1833.07,300,2026-01-19
WTA,Anastasiya Soboleva,1831.22,300,2026-03-03
WTA,Julie Belgraver,1807.03,300,2026-04-27
ATP,Giles Hussey,1778.18,300,2026-06-01
ATP,Nicolas Alvarez Varona,1694.05,300,2026-06-01
WTA,Mei Yamaguchi,1789.83,299,2026-06-01
ATP,Carlos Lopez Montagud,1705.18,299,2026-05-12
ATP,Stefan Palosi,1685.63,299,2026-04-27
ATP,Gastao Elias,1655.22,299,2026-05-11
ATP,Maxime Chazal,1620.31,299,2026-05-12
WTA,Amy Zhu,1514.22,299,2026-05-04
WTA,Hanne Vandewinkel,1992.37,298,2026-05-05
WTA,Victoria Jimenez Kasintseva,1853.57,298,2026-05-05
WTA,Valentini Grammatikopoulou,1701.15,298,2026-06-01
WTA,Ksenia Laskutova,1599.91,298,2026-05-18
ATP,Evan Zhu,1515.21,298,2026-05-04
ATP,Facundo Diaz Acosta,1900.35,297,2026-05-11
ATP,Marc Polmans,1675.9,297,2026-06-01
ATP,Hugo Dellien,1912.52,296,2026-06-01
WTA,Anouk Koevermans,1887.22,296,2026-01-19
WTA,Iryna Shymanovich,1820.19,296,2026-04-20
ATP,Maks Kasnikowski,1770.43,296,2026-06-01
ATP,Laurent Lokoli,1705.09,296,2026-05-25
ATP,Adrian Andreev,1620.37,296,2025-11-24
WTA,En Shuo Liang,1889.68,295,2026-03-30
WTA,Darya Astakhova,1861.89,295,2026-02-24
ATP,Alexander Ritschard,1808.2,295,2026-01-05
ATP,Tung Lin Wu,1736.27,295,2026-06-01
ATP,Imanol Lopez Morillo,1603.48,295,2026-05-25
WTA,Elizabeth Mandlik,1889.13,294,2026-03-04
ATP,Clement Chidekh,1822.3,294,2026-06-01
WTA,Arina Rodionova,1741.36,294,2026-02-08
ATP,Juan Pablo Varillas,1707.87,294,2026-05-11
WTA,Tiphanie Fiquet,1705.61,294,2026-04-13
WTA,Diana Demidova,1652.46,294,2025-05-12
WTA,Fiona Ganz,1640.01,294,2026-04-06
ATP,Wilson Leite,1490.89,294,2026-05-04
WTA,Whitney Osuigwe,1865.16,293,2026-03-30
ATP,Colin Sinclair,1604.53,293,2026-02-09
ATP,Kai Wehnelt,1549.77,293,2026-04-27
WTA,Guiomar Maristany Zuleta De Reales,1932.21,292,2026-01-19
WTA,Jia Jing Lu,1733.0,292,2026-06-01
ATP,Francisco Comesana,1900.78,291,2026-05-12
ATP,Valentin Vacherot,1847.19,291,2025-09-15
WTA,Cristina Dinu,1729.32,291,2025-04-21
WTA,Erika Sema,1665.61,291,2026-06-01
WTA,Erika Andreeva,1921.19,290,2026-03-17
WTA,Lucie Nguyen Tan,1778.82,290,2026-04-27
ATP,Peter Fajta,1667.98,290,2026-05-25
ATP,Bruno Kuzuhara,1614.46,290,2026-06-01
WTA,Kayla Day,2026.97,289,2026-03-30
ATP,Dali Blanch,1817.92,289,2026-05-25
ATP,Toby Alex Kodat,1733.89,289,2025-08-04
WTA,Pia Lovric,1728.0,289,2026-05-25
ATP,Rinky Hijikata,1936.61,288,2026-06-01
WTA,Viktoria Hruncakova,1848.55,288,2026-06-01
WTA,Antonia Schmidt,1743.54,288,2026-03-16
ATP,Neil Oberleitner,1663.47,288,2026-04-06
WTA,Zeel Desai,1641.98,288,2026-02-02
ATP,Stefan Popovic,1557.44,288,2026-03-23
WTA,Hiroko Kuwata,1509.01,288,2026-04-27
WTA,Maria Timofeeva,1963.56,287,2026-04-13
WTA,Antonia Ruzic,1960.61,287,2026-05-17
ATP,Buvaysar Gadamauri,1836.06,287,2026-05-18
WTA,Jacqueline Cabaj Awad,1598.1,287,2026-03-09
WTA,Elena Teodora Cadar,1563.64,287,2026-05-18
ATP,Gianmarco Ferrari,1543.99,287,2026-05-18
ATP,Alexander Shevchenko,1867.78,286,2026-06-01
WTA,Julia Stamatova,1584.94,286,2026-06-01
WTA,Oksana Selekhmeteva,2012.71,285,2026-05-17
WTA,Julia Grabher,1945.26,285,2026-05-05
WTA,Marie Benoit,1867.68,285,2025-01-13
ATP,Harry Wendelken,1818.67,285,2026-06-01
WTA,Jazmin Ortenzi,1808.61,285,2026-03-30
WTA,Diana Martynov,1636.95,285,2026-04-27
ATP,Akira Santillan,1633.63,285,2026-06-01
WTA,Ankita Raina,1599.75,285,2026-02-02
WTA,Moyuka Uchijima,2070.72,284,2026-05-05
ATP,Luca Nardi,1832.72,284,2026-06-01
ATP,Franco Roncadelli,1808.48,284,2026-05-25
ATP,Daniel Elahi Galan,1759.44,284,2026-06-01
WTA,Arianna Zucchini,1699.93,284,2026-05-18
WTA,Zeynep Sonmez,1945.14,283,2026-04-13
WTA,Oceane Dodin,1819.57,283,2026-05-05
ATP,Alvaro Guillen Meza,1738.92,283,2026-05-11
WTA,Maria Fernanda Herazo Gonzalez,1527.44,283,2026-06-01
ATP,Nick Chappell,1437.24,283,2025-06-30
WTA,Alina Charaeva,1983.86,282,2026-04-21
WTA,Caijsa Wilda Hennemann,1916.75,282,2026-05-18
WTA,Tessah Andrianjafitrimo,1845.57,282,2025-08-25
WTA,Tara Wurth,1807.78,282,2026-03-23
WTA,Sijia Wei,1793.41,282,2026-01-19
ATP,Riccardo Bonadio,1764.71,282,2024-09-30
WTA,Milana Zhabrailova,1755.12,282,2026-03-23
WTA,Clara Vlasselaer,1652.93,282,2026-05-04
ATP,Alexandre Aubriot,1526.98,282,2024-09-16
ATP,Giulio Zeppieri,1841.9,281,2026-03-02
ATP,Guy Den Ouden,1795.21,281,2026-06-01
ATP,Mikhail Kukushkin,1794.02,281,2026-05-04
WTA,Miho Kuramochi,1705.37,281,2026-01-26
ATP,Pedro Sakamoto,1629.71,281,2026-05-25
ATP,Gabi Adrian Boitan,1616.68,281,2026-05-25
ATP,Henrique Rocha,1930.55,280,2026-06-01
WTA,Varvara Lepchenko,1884.77,280,2026-03-17
WTA,Gabriela Andrea Knutson,1863.82,280,2026-06-01
WTA,Lizette Cabrera,1845.53,280,2026-01-19
WTA,Saki Imamura,1763.38,280,2025-10-13
WTA,Eri Shimizu,1748.78,280,2026-05-18
ATP,Alastair Gray,1706.63,280,2026-05-18
WTA,Madelief Hageman,1551.54,280,2026-06-01
ATP,Adam Walton,1939.95,279,2026-06-01
WTA,Katarzyna Kawa,1881.6,279,2026-04-21
WTA,Ekaterina Reyngold,1838.91,279,2026-03-10
ATP,Gonzalo Bueno,1780.63,279,2026-06-01
ATP,Sumit Nagal,1764.67,279,2026-06-01
ATP,Marc Andrea Huesler,1759.17,279,2026-06-01
WTA,Maria Sara Popa,1734.13,279,2026-05-04
ATP,Mirza Basic,1636.45,279,2026-05-11
WTA,Olga Helmi,1599.12,279,2025-08-25
ATP,Tiago Pereira,1557.72,279,2026-05-11
ATP,Adrian Oetzbach,1549.92,279,2026-06-01
ATP,Pablo Llamas Ruiz,1931.42,278,2026-06-01
WTA,Anastasia Gasanova,1904.56,278,2026-03-10
ATP,Andrea Guerrieri,1843.11,278,2026-05-18
ATP,Enrico Dalla Valle,1775.07,278,2026-06-01
WTA,Enola Chiesa,1679.48,278,2026-05-25
WTA,Merel Hoedt,1585.11,278,2026-05-11
ATP,Denys Klok,1538.67,278,2026-05-18
ATP,Jaime Faria,1926.39,277,2026-05-11
WTA,Polina Iatcenko,1907.95,277,2026-01-19
ATP,Marco Cecchinato,1849.05,277,2026-06-01
ATP,Lilian Marmousez,1772.07,277,2026-05-25
WTA,Sofia Rocchetti,1722.53,277,2026-05-25
WTA,Victoria Hu,1618.61,277,2026-02-16
WTA,Sina Herrmann,1564.32,277,2026-05-18
ATP,Felix Corwin,1509.55,277,2026-04-06
ATP,Zachary Svajda,1963.31,276,2026-04-28
WTA,Zongyu Li,1801.52,276,2026-05-04
WTA,Aliona Falei,1962.44,275,2026-05-11
WTA,Maddison Inglis,1896.83,275,2026-03-17
ATP,Patrick Kypson,1893.4,275,2026-04-28
ATP,Manuel Guinard,1633.65,275,2025-08-12
ATP,Mathias Bourgue,1608.6,275,2025-05-13
WTA,Katherine Sebov,1864.6,274,2026-05-04
WTA,Kajsa Rinaldo Persson,1841.99,274,2026-03-30
WTA,Arantxa Rus,1807.76,274,2026-01-19
WTA,Elena Milovanovic,1782.02,274,2026-05-25
WTA,Natalija Senic,1774.11,274,2026-05-25
ATP,Norbert Gombos,1687.05,274,2026-06-01
ATP,Anton Matusevich,1678.64,274,2026-06-01
ATP,Yshai Oliel,1566.06,274,2024-09-02
WTA,Alexandra Eala,2069.39,273,2026-06-01
WTA,Lola Radivojevic,1844.17,273,2026-04-21
ATP,Filip Misolic,1842.66,273,2026-02-16
WTA,Cagla Buyukakcay,1674.69,273,2026-04-27
ATP,Johan Nikles,1665.43,273,2026-04-06
WTA,Adrienn Nagy,1658.64,273,2026-04-20
ATP,Ajeet Rai,1516.69,273,2025-11-24
WTA,Tatiana Prozorova,2027.42,272,2026-01-19
WTA,Elena Pridankina,1898.81,272,2026-03-10
WTA,Martina Capurro Taborda,1834.17,272,2026-02-23
ATP,Vilius Gaubas,1828.25,272,2026-06-01
WTA,Amarissa Kiara Toth,1814.3,272,2026-04-13
WTA,Irina Bara,1785.78,272,2025-07-14
WTA,Verena Meliss,1741.65,272,2026-05-18
WTA,Haruna Arakawa,1684.43,272,2025-11-03
ATP,Nicolas Kicker,1665.72,272,2026-05-11
ATP,Leo Borg,1466.82,272,2025-11-24
ATP,Brandon Holt,1812.91,271,2026-01-05
WTA,Sara Cakarevic,1725.5,271,2026-03-30
WTA,Marie Mettraux,1721.99,271,2026-05-18
ATP,Maximilian Neuchrist,1636.13,271,2026-04-27
ATP,David Pichler,1604.31,271,2025-11-17
WTA,Dayeon Back,1919.07,270,2026-05-18
WTA,Yuki Naito,1846.19,270,2026-05-18
WTA,Lian Tran,1653.78,270,2026-05-04
WTA,Yasmin Ezzat,1605.49,270,2026-04-20
WTA,Solana Sierra,1945.86,269,2026-02-15
WTA,Misaki Matsuda,1782.65,269,2026-02-02
WTA,Jessica Pieri,1775.85,269,2026-04-13
ATP,Radu Albot,1668.19,269,2026-05-25
ATP,Sergi Perez Contri,1658.69,269,2026-04-06
WTA,Aoi Ito,1834.8,268,2026-06-01
WTA,Georgia Pedone,1781.27,268,2026-05-05
ATP,Fajing Sun,1760.96,268,2026-06-01
WTA,Jiaqi Wang,1744.12,268,2026-04-27
ATP,Lukas Pokorny,1686.88,268,2026-06-01
WTA,Nagi Hanatani,1518.95,268,2026-05-11
ATP,Ezekiel Clark,1423.05,268,2024-11-11
WTA,Anna Bondar,2020.59,267,2026-02-15
ATP,Coleman Wong,1848.78,267,2026-06-01
WTA,Lina Glushko,1801.93,267,2026-06-01
WTA,Yuliya Hatouka,1764.68,267,2026-05-04
ATP,Gijs Brouwer,1725.92,267,2026-04-27
ATP,Mohamed Safwat,1588.3,267,2024-09-02
WTA,Demi Tran,1554.07,267,2026-05-18
ATP,Ryuki Matsuda,1428.29,267,2026-05-18
WTA,Dominika Salkova,1877.86,266,2026-05-05
ATP,Mili Poljicak,1774.83,266,2026-05-18
WTA,Noelia Bouzo Zanotti,1638.58,266,2026-02-23
WTA,Jana Fett,1953.83,265,2025-08-25
WTA,Katarina Zavatska,1920.57,265,2026-03-30
WTA,Martina Colmegna,1732.22,265,2026-02-24
WTA,Berfu Cengiz,1717.51,265,2026-03-30
ATP,Svyatoslav Gulin,1677.57,265,2026-04-27
ATP,Gabriele Piraino,1619.01,265,2026-05-18
ATP,Nino Serdarusic,1616.58,265,2026-03-09
WTA,Michaela Bayerlova,1567.93,265,2026-06-01
ATP,Maxence Beauge,1540.85,265,2026-03-09
ATP,Diego Augusto Barreto Sanchez,1506.03,265,2026-03-30
ATP,Benjamin Bonzi,1932.87,264,2026-05-12
ATP,Quentin Halys,1915.79,264,2026-05-12
WTA,Priscilla Hon,1885.66,264,2026-03-17
ATP,Hugo Gaston,1883.1,264,2026-05-12
ATP,Stefan Kozlov,1738.8,264,2026-05-12
ATP,Arthur Bouquier,1737.63,264,2026-03-02
WTA,Eliessa Vanlangendonck,1716.2,264,2025-04-14
WTA,Emily Appleton,1701.1,264,2026-06-01
ATP,Alex Knaff,1614.66,264,2026-03-09
ATP,Matias Franco Descotte,1609.78,264,2024-01-08
WTA,Hong Yi Cody Wong,1722.03,263,2026-05-04
ATP,Jozef Kovalik,1677.03,263,2026-05-25
ATP,Abedallah Shelbayh,1662.53,263,2026-06-01
ATP,Luciano Emanuel Ambrogi,1657.13,263,2026-05-11
WTA,Naho Sato,1647.97,263,2026-05-18
WTA,Karola Patricia Bejenaru,1614.88,263,2025-07-28
WTA,Rebeka Masarova,2036.08,262,2026-06-01
WTA,Maja Chwalinska,1993.49,262,2026-02-01
ATP,Jake Delaney,1545.29,262,2026-05-04
WTA,Angelina Wirges,1513.72,262,2026-05-25
ATP,Arthur Cazaux,1940.66,261,2026-03-10
WTA,Julie Struplova,1911.6,261,2026-05-25
ATP,Stefano Napolitano,1799.9,261,2026-06-01
ATP,Guido Ivan Justo,1731.97,261,2026-05-25
WTA,Dasha Ivanova,1646.18,261,2026-05-04
ATP,Naoki Nakagawa,1567.78,261,2026-03-30
WTA,Lanlana Tararudee,2067.29,260,2026-03-04
WTA,Mariam Bolkvadze,1813.07,260,2026-06-01
ATP,Andres Andrade,1805.75,260,2026-06-01
ATP,Yasutaka Uchiyama,1696.62,260,2026-05-25
ATP,Blake Ellis,1692.15,260,2026-06-01
ATP,Alex Bolt,1828.83,259,2026-06-01
WTA,Sofya Lansere,1810.07,259,2026-05-18
WTA,Emily Seibold,1684.19,259,2026-06-01
ATP,Philip Sekulic,1662.49,259,2026-05-11
ATP,Facundo Juarez,1630.06,259,2025-09-22
ATP,Dusan Obradovic,1614.22,259,2026-06-01
ATP,Ramkumar Ramanathan,1457.46,259,2026-02-16
WTA,Dalma Galfi,2030.1,258,2026-05-05
WTA,Katerina Tsygourova,1730.27,258,2026-06-01
ATP,Petr Nesterov,1717.46,258,2026-05-25
ATP,Kasidit Samrej,1694.06,258,2026-04-20
WTA,Oana Gavrila,1616.97,258,2025-09-01
ATP,Roberto Cid,1516.29,258,2026-04-20
ATP,Gustavo Heide,1916.99,257,2026-05-11
ATP,Elmer Moller,1832.4,257,2026-05-11
ATP,Matteo Gigante,1787.74,257,2025-09-22
WTA,Naiktha Bains,1756.35,257,2026-02-16
WTA,Louisa Chirico,1734.21,257,2026-03-17
WTA,Arlinda Rushiti,1697.42,257,2026-03-23
WTA,Lucija Ciric Bagaric,1695.75,257,2026-02-16
WTA,Maria Mateas,1663.81,257,2025-08-07
ATP,Miljan Zekic,1654.19,257,2023-05-08
WTA,Linda Sevcikova,1534.75,257,2026-05-25
WTA,Katie Volynets,2137.48,256,2026-05-05
WTA,Amandine Monnot,1861.83,256,2026-04-27
ATP,Alexandre Muller,1856.49,256,2026-05-12
WTA,Yidi Yang,1820.71,256,2026-06-01
ATP,August Holmgren,1789.92,256,2026-06-01
ATP,Dennis Novak,1730.02,256,2025-10-13
ATP,Enzo Couacaud,1727.46,256,2025-09-08
ATP,Milos Karol,1698.95,256,2026-06-01
WTA,Daniela Vismane,1680.08,256,2026-05-18
WTA,Luisa Meyer Auf Der Heide,1678.64,256,2026-05-18
WTA,Ekaterina Ovcharenko,1664.78,256,2026-04-27
WTA,Anna Kubareva,1661.37,256,2026-05-18
ATP,Lorenzo Joaquin Rodriguez,1602.64,256,2026-05-11
ATP,Jose Pereira,1514.16,256,2026-05-04
ATP,Sidharth Rawat,1484.38,256,2026-06-01
ATP,Arthur Reymond,1467.31,256,2026-05-04
ATP,Grigoriy Lomakin,1369.29,256,2026-05-18
ATP,Mariano Navone,1983.19,255,2026-04-28
ATP,James Duckworth,1930.58,255,2026-04-06
WTA,Lulu Sun,1916.33,255,2026-05-05
ATP,Ilia Simakin,1817.11,255,2026-06-01
WTA,Gabriela Lee,1733.04,255,2026-04-13
ATP,Olukayode Alafia Damina Ayeni,1692.9,255,2026-06-01
WTA,Mayuka Aikawa,1614.17,255,2026-05-04
WTA,Matilde Jorge,1804.52,254,2026-06-01
WTA,Nahia Berecoechea,1800.79,254,2026-05-18
WTA,Jamie Loeb,1639.74,254,2026-02-16
ATP,Yuki Mochizuki,1524.64,254,2026-05-04
ATP,Karan Singh,1496.86,254,2026-05-25
ATP,Fermin Tenti,1477.01,254,2026-05-11
ATP,Borna Gojo,1941.19,253,2026-03-23
WTA,Destanee Aiava,1832.71,253,2026-01-19
WTA,Katharina Hobgarski,1826.33,253,2026-04-13
WTA,Vaidehi Chaudhari,1738.05,253,2026-05-18
WTA,Eszter Meri,1723.56,253,2026-06-01
WTA,Chantal Sauvant,1699.31,253,2025-07-21
WTA,Maria Jose Portillo Ramirez,1695.84,253,2026-04-20
ATP,Alexandr Binda,1635.75,253,2026-04-27
WTA,Denisa Hindova,1599.23,253,2025-07-21
ATP,Bor Artnak,1595.14,253,2026-05-04
ATP,S D Prajwal Dev,1440.38,253,2026-05-18
WTA,Linda Klimovicova,1934.54,252,2026-01-19
WTA,Angelica Raggi,1700.06,252,2026-06-01
WTA,Laura Hietaranta,1698.76,252,2026-05-25
WTA,Ivonne Cavalle Reimers,1623.6,252,2026-04-06
ATP,Adria Soriano Barrera,1606.82,252,2026-06-01
ATP,Thiago Monteiro,1855.61,251,2026-05-18
WTA,Robin Anderson,1758.38,251,2025-08-04
ATP,Garrett Johns,1646.0,251,2026-06-01
WTA,Jenna Defalco,1613.91,251,2026-04-20
ATP,Luca Castelnuovo,1579.99,251,2026-06-01
ATP,Aldin Setkic,1546.01,251,2024-04-08
ATP,Tomas Farjat,1501.48,251,2026-05-11
ATP,Pedro Araujo,1496.99,251,2025-11-24
WTA,Emina Bektas,1876.27,250,2025-09-08
ATP,Lautaro Midon,1830.6,250,2026-06-01
WTA,Aliona Bolsova,1798.34,250,2026-03-30
ATP,Federico Gaio,1671.2,250,2024-07-01
ATP,Jacopo Berrettini,1589.19,250,2026-03-23
ATP,Amr Elsayed Abdou Ahmed Mohamed,1547.77,250,2025-11-17
WTA,Mananchaya Sawangkaew,2020.72,249,2026-06-01
WTA,Alice Tubello,1953.08,249,2026-01-19
WTA,Fernanda Labrana,1727.43,249,2026-05-11
WTA,Nina Radovanovic,1684.1,249,2026-05-18
WTA,Anna Sinclair Rogers,1657.88,249,2026-02-23
WTA,Nika Radisic,1563.61,249,2026-03-23
ATP,Tsung Hao Huang,1557.01,249,2026-05-04
ATP,David Poljak,1510.1,249,2026-05-25
ATP,Bu Yunchaokete,1979.35,248,2026-06-01
ATP,Luciano Darderi,1948.39,248,2025-09-01
ATP,Aleksandar Vukic,1813.41,248,2026-06-01
ATP,Marko Topo,1734.21,248,2026-06-01
ATP,Thiago Seyboth Wild,1716.02,248,2026-05-11
ATP,Dan Alexandru Tomescu,1629.3,248,2025-09-16
WTA,Daria Lodikova,1620.08,248,2026-02-23
WTA,Alba Rey Garcia,1605.62,248,2026-06-01
ATP,Cem Ilkel,1601.69,248,2026-05-18
ATP,Hynek Barton,1817.2,247,2026-06-01
ATP,Taro Daniel,1781.54,247,2026-06-01
ATP,Tibo Colson,1730.33,247,2026-04-06
ATP,Andrew Paulson,1635.04,247,2026-06-01
ATP,Orlando Luz,1629.0,247,2026-02-23
ATP,Kokoro Isomura,1572.81,247,2026-05-18
ATP,Evgenii Tiurnev,1558.01,247,2025-05-19
ATP,Antoine Hoang,1526.32,247,2024-09-23
WTA,Su Jeong Jang,1675.57,246,2026-05-04
ATP,Gabriele Pennaforti,1610.46,246,2026-03-09
ATP,Evan Furness,1608.8,246,2026-01-05
ATP,Lorenzo Rottoli,1563.24,246,2026-05-18
ATP,Aleksandar Kovacevic,1864.9,245,2026-05-12
ATP,Maximilian Marterer,1758.89,245,2025-08-18
ATP,Eduardo Ribeiro,1709.84,245,2026-05-11
WTA,Aneta Kladivova,1673.86,245,2026-05-18
WTA,Eudice Wong Chong,1668.48,245,2025-09-08
ATP,Steven Diez,1615.35,245,2025-06-02
WTA,Michika Ozeki,1614.97,245,2026-05-25
ATP,Marcello Serafini,1614.25,245,2025-03-10
WTA,Diane Parry,1856.41,244,2026-05-05
WTA,Anouck Vrancken Peeters,1821.63,244,2026-06-01
ATP,Federico Coria,1809.67,244,2026-04-13
ATP,Altug Celikbilek,1696.91,244,2024-05-20
ATP,Vadym Ursu,1575.71,244,2026-03-16
ATP,Edoardo Lavagno,1566.99,244,2024-11-18
ATP,Zizou Bergs,1941.8,243,2026-05-12
WTA,Nastasja Schunk,1818.53,243,2026-06-01
ATP,Constant Lestienne,1757.77,243,2025-06-16
WTA,Carol Zhao,1698.72,243,2026-06-01
WTA,Mina Hodzic,1681.95,243,2026-04-13
WTA,Adithya Karunaratne,1749.04,242,2026-05-04
WTA,Victoria Rodriguez,1689.37,242,2026-02-23
WTA,Emma Lene,1677.49,242,2026-06-01
WTA,Denislava Glushkova,1646.66,242,2026-02-24
WTA,Eva Guerrero Alvarez,1914.24,241,2026-05-04
ATP,Leandro Riedi,1893.96,241,2026-06-01
ATP,Flavio Cobolli,1864.47,241,2025-05-13
WTA,Vivian Wolff,1843.05,241,2026-06-01
WTA,Oana Georgeta Simion,1697.44,241,2026-05-18
WTA,Sophie Chang,1691.38,241,2025-03-31
WTA,Miriana Tona,1684.46,241,2026-04-06
ATP,Aidan Mayo,1700.27,240,2026-06-01
WTA,Deborah Chiesa,1862.55,239,2026-06-01
WTA,Emiliana Arango,1818.3,239,2026-05-05
WTA,Emeline Dartron,1771.91,239,2026-04-06
ATP,Matias Soto,1746.51,239,2026-04-13
WTA,Sahaja Yamalapalli,1737.82,238,2026-06-01
WTA,Aneta Laboutkova,1710.11,238,2026-05-18
ATP,Mariano Kestelboim,1614.6,238,2026-06-01
WTA,Ivana Sebestova,1598.02,238,2025-11-17
ATP,Joao Domingues,1590.83,238,2026-05-11
WTA,Kira Pavlova,1776.29,237,2026-06-01
WTA,Audrey Albie,1723.23,237,2025-04-14
ATP,Niels Visker,1717.94,237,2026-04-27
ATP,Antoine Bellier,1631.15,237,2024-10-07
ATP,Max Wiskandt,1613.58,237,2026-06-01
ATP,Mario Gonzalez Fernandez,1528.39,237,2026-06-01
WTA,Ella Seidel,1995.08,236,2026-05-05
WTA,Tamara Korpatsch,1964.83,236,2026-05-05
ATP,Edas Butvilas,1784.04,236,2026-06-01
ATP,Viacheslav Bielinskyi,1713.7,236,2024-06-17
WTA,Laura Mair,1661.37,236,2026-05-25
WTA,Marine Szostak,1627.35,236,2026-05-11
ATP,John Echeverria,1595.95,236,2025-09-29
WTA,Eva Garkusha,1580.79,236,2024-12-02
WTA,Astrid Cirotte,1551.94,236,2026-04-13
ATP,Max Hans Rehberg,1797.25,235,2026-06-01
WTA,Valeria Savinykh,1701.1,235,2026-04-13
WTA,Alyssa Reguer,1554.37,235,2026-04-27
ATP,Aleksandr Braynin,1502.23,235,2026-05-25
ATP,Kosuke Ogura,1451.34,235,2026-02-16
ATP,Jerome Kym,1810.8,234,2026-05-25
WTA,Nigina Abduraimova,1625.79,234,2025-06-09
ATP,Bernabe Zapata Miralles,1590.26,234,2026-05-12
WTA,Celine Naef,1954.47,233,2026-06-01
ATP,Facundo Bagnis,1818.3,233,2025-09-29
WTA,Kayla Cross,1758.59,233,2026-06-01
ATP,Pedro Cachin,1739.28,233,2025-06-09
ATP,Alessandro Giannessi,1643.91,233,2024-09-23
WTA,Kathleen Kanev,1589.99,233,2025-04-07
WTA,Greet Minnen,2020.5,232,2026-06-01
ATP,Pavel Kotov,1854.94,232,2026-06-01
ATP,Petr Bar Biryukov,1765.24,232,2026-05-18
WTA,Malene Helgo,1709.09,232,2026-05-11
ATP,Alfredo Perez,1693.11,232,2025-11-10
ATP,Hazem Naw,1624.33,232,2026-03-02
ATP,Sebastian Sorger,1577.12,232,2026-05-18
ATP,Arthur Gea,1889.04,231,2026-04-06
WTA,Mia Ristic,1856.63,231,2026-05-04
WTA,Han Shi,1811.93,231,2026-06-01
ATP,Andre Ilagan,1804.87,231,2026-06-01
WTA,Nuria Parrizas Diaz,1744.44,231,2026-03-10
ATP,Masamichi Imamura,1678.44,231,2026-06-01
ATP,Alec Beckley,1632.61,231,2026-06-01
WTA,Chihiro Muramatsu,1618.08,231,2026-01-05
WTA,Berta Bonardi,1549.8,231,2026-06-01
ATP,Leonardo Aboian,1543.3,231,2025-09-15
WTA,Jennifer Ruggeri,1948.07,230,2026-05-25
WTA,Rebecca Sramkova,1941.08,230,2026-05-05
WTA,Harriet Dart,1929.92,230,2026-01-19
WTA,Amina Anshba,1561.58,230,2025-10-27
ATP,Lorenzo Bocchi,1550.15,230,2025-11-17
ATP,Alejo Lorenzo Lingua Lavallen,1547.87,230,2025-09-15
ATP,Lucas Catarina,1488.48,230,2024-04-08
WTA,Cristina Bucsa,1953.16,229,2025-10-20
ATP,Arthur Fery,1949.59,229,2026-06-01
WTA,Katrina Scott,1819.44,229,2026-02-23
WTA,Stacey Fung,1699.33,229,2025-01-06
WTA,Priska Madelyn Nugroho,1649.11,229,2026-05-04
ATP,Kacper Zuk,1638.67,229,2024-08-12
WTA,Fabienne Gettwart,1620.11,229,2026-04-20
WTA,Evgeniya Burdina,1597.01,229,2026-03-02
ATP,Nicolas Zanellato,1575.58,229,2026-05-11
ATP,Egor Agafonov,1541.84,229,2026-02-23
WTA,Taylah Preston,1958.12,228,2026-01-04
WTA,Jodie Burrage,1756.01,228,2026-06-01
ATP,Yosuke Watanuki,1745.69,228,2026-06-01
WTA,Mara Guth,1742.66,228,2026-05-18
WTA,Madison Sieg,1681.0,228,2026-06-01
WTA,Lesley Pattinama Kerkhove,1638.35,228,2024-02-26
ATP,Timo Stodder,1633.51,228,2024-07-08
WTA,Lyubov Kostenko,1500.35,228,2026-05-25
ATP,Nuno Borges,1992.29,227,2026-04-28
WTA,Nao Hibino,1903.44,227,2026-06-01
WTA,Conny Perrin,1679.26,227,2025-03-17
ATP,Alexander Donski,1672.87,227,2026-06-01
ATP,Jules Marie,1651.02,227,2025-01-06
WTA,Ana Candiotto,1610.62,227,2026-06-01
WTA,Celia Cervino Ruiz,1588.43,227,2026-05-25
ATP,Peter Bertran,1543.21,227,2026-03-23
ATP,Ignacio Buse,1964.88,226,2026-04-28
ATP,Sebastian Ofner,1942.15,226,2026-04-28
ATP,Alex Molcan,1917.85,226,2026-06-01
WTA,Alina Granwehr,1777.31,226,2026-05-25
ATP,Olaf Pieczkowski,1611.9,226,2026-06-01
ATP,Cyril Vandermeersch,1582.01,226,2026-03-09
ATP,San Hui Sin,1577.96,226,2026-04-13
WTA,Doga Turkmen,1449.89,226,2026-05-25
ATP,Juan Carlos Prado Angelo,1812.08,225,2026-05-12
WTA,Boyoung Jeong,1793.01,225,2026-05-18
WTA,Pemra Ozgen,1701.37,225,2024-04-15
ATP,Jie Cui,1665.97,225,2026-05-04
ATP,Maximus Jones,1619.41,225,2026-05-18
ATP,Tristan Mccormick,1499.17,225,2026-02-16
WTA,Defne Cirpanli,1424.27,225,2026-05-04
WTA,Petra Marcinko,1936.95,224,2026-02-15
ATP,Takuya Kumasaka,1589.15,224,2026-05-18
ATP,Nicolas Tepmahc,1565.47,224,2025-09-08
ATP,Fausto Tabacco,1553.14,224,2026-02-02
WTA,Nadine Keller,1529.52,224,2024-09-23
ATP,Gage Brymer,1473.76,224,2025-11-03
ATP,Hamish Stewart,1769.04,223,2026-06-01
WTA,Eunhye Lee,1750.6,223,2026-06-01
WTA,Tess Sugnaux,1721.68,223,2024-06-03
WTA,Marie Weckerle,1633.37,223,2026-05-25
ATP,Evgeny Donskoy,1627.12,223,2024-09-09
ATP,Illya Marchenko,1622.7,223,2025-02-03
WTA,Simona Ogescu,1588.47,223,2026-06-01
WTA,Ho Ching Wu,1512.31,223,2026-05-25
WTA,Kamilla Rakhimova,1962.67,222,2026-03-17
WTA,Alycia Parks,1900.89,222,2026-05-05
ATP,Luka Mikrut,1855.1,222,2026-06-01
ATP,Pierre Hugues Herbert,1807.87,222,2026-05-12
WTA,Sarah Beth Grey,1761.27,222,2024-06-24
ATP,Andrej Martin,1749.07,222,2026-06-01
WTA,Federica Di Sarra,1701.15,222,2025-05-06
WTA,Jessica Failla,1657.99,222,2025-08-17
WTA,Ya Yi Yang,1605.95,222,2026-06-01
ATP,Karl Friberg,1590.78,222,2024-01-08
ATP,Aleksandre Bakshi,1568.3,222,2025-11-24
WTA,Reka Luca Jani,1554.5,222,2024-07-22
ATP,Juan Bautista Otegui,1520.65,222,2026-01-12
WTA,Alessandra Mazzola,1859.18,221,2026-06-01
WTA,Cadence Brace,1830.59,221,2026-02-23
WTA,Lara Pfeifer,1606.03,221,2025-04-07
WTA,Vicky Van De Peer,1577.33,221,2025-09-08
ATP,Duarte Vale,1504.44,221,2025-01-13
ATP,Alejandro Tabilo,2038.9,220,2026-05-12
WTA,Ayano Shimizu,1740.87,220,2026-01-12
WTA,Punnin Kovapitukted,1711.37,220,2025-08-04
ATP,Gregoire Barrere,1702.44,220,2025-11-10
WTA,Kamilla Bartone,1646.53,220,2026-05-11
ATP,Ilya Snitari,1627.29,220,2026-05-25
ATP,Marlon Vankan,1597.25,220,2024-08-05
ATP,Amaury Raynel,1554.75,220,2025-09-29
WTA,Natsuho Arakawa,1461.55,220,2026-05-18
WTA,Kimberly Birrell,2060.13,219,2026-05-05
WTA,Mayar Sherif,1924.45,219,2026-05-05
ATP,Michael Mmoh,1861.5,219,2026-05-25
WTA,Sachia Vickery,1738.49,219,2026-03-30
ATP,Cannon Kingsley,1683.48,219,2026-04-13
WTA,Briana Szabo,1613.96,219,2026-02-01
ATP,Wishaya Trongcharoenchaikul,1483.5,219,2026-04-13
ATP,Dominic Stricker,1772.71,218,2026-06-01
ATP,Luka Pavlovic,1748.39,218,2026-06-01
WTA,Sofia Milatova,1678.77,218,2025-06-09
WTA,Noelia Zeballos Melgar,1611.24,218,2026-06-01
ATP,Sebastian Prechtel,1539.91,218,2025-03-03
ATP,Nathan Ponwith,1444.29,218,2026-03-10
ATP,Mikalai Haliak,1434.66,218,2025-10-13
ATP,Daniel Altmaier,1933.41,217,2026-05-12
WTA,Samira De Stefano,1917.88,217,2026-05-05
WTA,Anna Lena Friedsam,1808.04,217,2026-04-13
WTA,Momoko Kobori,1789.76,217,2026-04-13
WTA,Anastasia Abbagnato,1687.57,217,2026-04-20
WTA,Emily Welker,1636.74,217,2025-07-14
ATP,Faris Zakaryia,1584.55,217,2026-01-27
WTA,Urszula Radwanska,1578.44,217,2026-05-18
ATP,Keisuke Saitoh,1527.68,217,2025-11-03
ATP,Luca Castagnola,1492.26,217,2026-05-25
ATP,Samir Hamza Reguig,1490.86,217,2026-04-20
ATP,Duck Hee Lee,1474.41,217,2026-04-13
ATP,Tomas Martin Etcheverry,1903.52,216,2025-07-07
WTA,Rinko Matsuda,1738.74,216,2026-05-25
WTA,Sara Daavettila,1650.34,216,2026-02-16
ATP,Juan Alejandro Hernandez Serrano,1595.75,216,2026-05-18
ATP,Makoto Ochi,1518.72,216,2024-10-28
ATP,Matteo Arnaldi,1940.3,215,2026-04-28
ATP,Matej Dodig,1799.18,215,2026-06-01
WTA,Amarni Banks,1754.33,215,2026-05-18
WTA,Jaimee Fourlis,1750.83,215,2025-01-13
ATP,Alvaro Lopez San Martin,1682.88,215,2023-04-03
ATP,Yanaki Milev,1576.55,215,2026-03-16
WTA,Laura Boehner,1468.4,215,2026-06-01
WTA,Rasheeda Mcadoo,1691.94,214,2026-05-25
ATP,Leonardo Rossi,1628.73,214,2025-08-04
ATP,Patrick Zahraj,1601.94,214,2026-06-01
ATP,Pawel Cias,1552.96,214,2026-05-25
ATP,Niklas Schell,1423.02,214,2026-02-02
WTA,Sara Bejlek,1994.95,213,2026-02-01
ATP,Mika Brunold,1744.26,213,2026-06-01
WTA,Tamira Paszek,1688.92,213,2025-06-02
ATP,Daniel Cukierman,1588.83,213,2026-04-27
WTA,Ania Hertel,1551.96,213,2026-06-01
WTA,Ashley Lahey,1790.7,212,2026-06-01
WTA,Shiho Akita,1757.89,212,2025-11-24
WTA,Ekaterina Maklakova,1741.05,212,2026-05-04
WTA,Lavinia Tanasie,1726.23,212,2025-07-14
ATP,Christopher Eubanks,1724.09,212,2025-10-06
WTA,Nicole Gadient,1445.45,212,2026-06-01
ATP,Hamad Medjedovic,2009.91,211,2026-03-23
ATP,Inaki Montes De La Torre,1811.53,211,2026-05-11
WTA,Nefisa Berberovic,1711.48,211,2024-02-26
WTA,Rosa Vicens Mas,1670.44,211,2024-02-05
ATP,Manish Sureshkumar,1551.55,211,2026-05-18
WTA,Alexandra Shubladze,2025.45,210,2026-06-01
WTA,Luisina Giovannini,1975.84,210,2026-01-19
WTA,Hailey Baptiste,1927.67,210,2026-02-15
WTA,Anca Alexia Todoni,1910.98,210,2025-08-25
ATP,Andrej Nedic,1796.0,210,2026-05-25
WTA,Astra Sharma,1787.08,210,2026-01-19
WTA,Iva Primorac,1785.12,210,2026-05-25
WTA,Jesika Maleckova,1777.01,210,2025-07-21
ATP,Denis Kudla,1754.08,210,2024-11-04
ATP,Peter Heller,1635.47,210,2024-09-30
ATP,Giovanni Mpetshi Perricard,1976.21,209,2026-05-12
WTA,Elina Avanesyan,1899.54,209,2026-05-18
WTA,Kristina Dmitruk,1842.6,209,2026-01-19
ATP,Joris De Loore,1744.97,209,2025-06-16
WTA,Jule Niemeier,1734.62,209,2026-04-13
WTA,Stephanie Wagner,1727.36,209,2025-06-30
WTA,Laia Petretic,1676.61,209,2026-05-18
ATP,Elliot Benchetrit,1632.48,209,2023-03-27
WTA,Polina Leykina,1594.1,209,2026-05-18
ATP,Hikaru Shiraishi,1573.4,209,2026-04-13
WTA,Monique Barry,1524.13,209,2026-05-18
WTA,Anastasia Mozgaleva,1330.7,209,2026-04-13
WTA,Francesca Jones,2058.76,208,2026-04-27
WTA,Veronika Podrez,1930.86,208,2026-04-13
WTA,Yue Yuan,1905.03,208,2026-05-05
WTA,Viktoriya Tomova,1893.01,208,2026-04-21
WTA,Xinyu Gao,1854.37,208,2026-01-19
WTA,Lena Rueffer,1724.29,208,2024-06-17
WTA,Alice Gillan,1683.04,208,2026-06-01
WTA,Tilwith Di Girolami,1673.85,208,2026-05-18
WTA,Sebastianna Scilipoti,1613.06,208,2025-07-28
ATP,Jacob Bradshaw,1602.85,208,2026-01-05
ATP,Igor Gimenez,1561.27,208,2025-10-20
WTA,Maria Toma,1554.39,208,2026-06-01
WTA,Margaux Komano,1431.32,208,2026-05-25
ATP,Ernesto Escobedo,1680.21,207,2025-01-27
ATP,Blaise Bicknell,1646.07,207,2026-06-01
WTA,Natalija Stevanovic,1628.76,207,2025-02-10
WTA,Honoka Kobayashi,1612.44,207,2026-04-20
ATP,Arthur Weber,1585.46,207,2026-04-28
WTA,Nana Kawagishi,1459.96,207,2026-05-18
WTA,Claudia Hoste Ferrer,1440.68,207,2025-11-10
ATP,Jacob Brumm,1431.48,207,2025-11-10
WTA,Selina Atay,1426.2,207,2026-03-10
WTA,Dalayna Hewitt,1690.47,206,2026-02-16
ATP,Federico Bondioli,1677.06,206,2026-05-25
ATP,Renta Tokuda,1629.75,206,2026-05-04
ATP,Michiel De Krom,1539.66,206,2026-05-18
ATP,Tomas Machac,1916.65,205,2024-02-26
WTA,Rebecca Marino,1891.43,205,2025-08-25
WTA,Mio Mushika,1680.01,205,2026-05-18
ATP,Simon Beaupain,1499.4,205,2024-01-22
ATP,Alexander Blockx,2007.52,204,2026-03-10
WTA,Joelle Lilly Sophie Steur,1796.63,204,2026-05-18
WTA,Bianca Elena Barbulescu,1668.34,204,2026-05-25
ATP,Matthew William Donald,1668.25,204,2026-06-01
WTA,Cristina Diaz Adrover,1637.95,204,2026-04-06
WTA,Julia Middendorf,1636.74,204,2025-06-23
WTA,Zoziya Kardava,1602.99,204,2026-05-18
ATP,Conner Huertas Del Pino,1595.14,204,2026-05-11
WTA,Melania Delai,1574.02,204,2024-02-26
ATP,Zura Tkemaladze,1523.09,204,2026-01-19
ATP,Michael Zhu,1441.3,204,2026-06-01
WTA,Nikola Bartunkova,1988.61,203,2026-05-05
ATP,Gianluca Mager,1585.18,203,2025-07-14
ATP,Gonzalo Lama,1563.2,203,2024-01-15
ATP,Paulo Andre Saraiva Dos Santos,1546.25,203,2026-05-25
ATP,Gergely Madarasz,1489.7,203,2023-03-13
ATP,Tristan Boyer,1792.42,202,2026-06-01
WTA,Mariia Tkacheva,1729.42,202,2026-02-23
WTA,Elena Micic,1695.69,202,2026-01-19
WTA,Haley Giavara,1680.17,202,2026-03-30
WTA,Anja Stankovic,1649.89,202,2026-05-18
ATP,Dominik Kellovsky,1640.77,202,2025-11-24
WTA,Michaela Laki,1610.39,202,2025-03-10
ATP,Diego Fernandez Flores,1530.11,202,2024-11-25
WTA,Mana Kawamura,1524.09,202,2026-05-25
ATP,Gabriele Maria Noce,1468.66,202,2025-09-08
WTA,Claire Liu,1961.9,201,2026-04-20
ATP,Fabian Marozsan,1859.76,201,2025-04-07
WTA,Dimitra Pavlou,1701.3,201,2025-02-24
ATP,Erik Arutiunian,1675.08,201,2026-06-01
WTA,Beatrice Ricci,1654.58,201,2026-05-05
ATP,Taisei Ichikawa,1605.63,201,2026-03-30
ATP,Gerard Campana Lee,1588.92,201,2026-04-27
ATP,Boris Butulija,1395.55,201,2023-09-04
WTA,Magali Kempen,1773.56,200,2024-09-09
ATP,Samuele Pieri,1721.33,200,2026-05-25
WTA,Shrivalli Rashmikaa Bhamidipaty,1698.31,200,2026-03-02
ATP,Florian Broska,1673.89,200,2026-06-01
WTA,Riya Bhatia,1645.94,200,2025-10-27
ATP,Maxim Zhukov,1642.03,200,2026-01-19
ATP,Shintaro Imai,1619.8,200,2026-01-05
ATP,Fabrizio Andaloro,1594.66,200,2026-05-04
ATP,Victor Lilov,1490.18,200,2025-08-11
WTA,Dia Evtimova,1405.2,200,2026-04-20
WTA,Stefania Bojica,1644.04,199,2026-05-18
ATP,Emilio Gomez,1637.48,199,2024-06-17
ATP,Mitsuki Wei Kang Leong,1598.87,199,2026-05-18
WTA,Sylvie Zund,1596.05,199,2025-10-06
WTA,Maria Fernanda Navarro,1577.72,199,2026-05-04
WTA,Ikumi Yamazaki,1575.15,199,2026-04-27
WTA,Maileen Nuudi,1567.82,199,2026-06-01
ATP,Maik Steiner,1517.85,199,2026-03-09
WTA,Anastasia Sukhotina,1517.72,199,2025-03-03
WTA,Ani Vangelova,1306.23,199,2024-02-05
WTA,Kaitlin Quevedo,2020.14,198,2026-02-01
ATP,Yannick Hanfmann,1924.55,198,2026-01-27
WTA,Carolyn Ansari,1794.7,198,2026-03-30
WTA,Sara Saito,1778.7,198,2026-04-06
WTA,Maria Bondarenko,1662.92,198,2024-02-26
WTA,Chi Chi Scholl,1583.61,198,2024-07-01
WTA,Alexandra Vasilyeva,1567.06,198,2025-09-08
ATP,Alexander Cozbinov,1518.22,198,2026-05-25
ATP,Andrea Vavassori,1913.27,197,2026-04-20
WTA,Gina Feistel,1790.93,197,2026-02-23
WTA,Peangtarn Plipuech,1696.17,197,2026-05-04
ATP,Eero Vasa,1621.73,197,2026-06-01
WTA,Gabriella Da Silva Fick,1619.92,197,2026-01-12
WTA,Ana Grubor,1524.27,197,2026-05-25
WTA,Julia Konishi Camargo Silva,1485.25,197,2026-06-01
ATP,Kamil Majchrzak,1937.5,196,2026-06-01
ATP,Martin Landaluce,1903.57,196,2026-04-28
ATP,Seong Chan Hong,1828.21,196,2024-09-02
WTA,Victoria Bosio,1792.46,196,2026-05-18
ATP,Antoine Ghibaudo,1743.94,196,2026-06-01
WTA,Camilla Zanolini,1735.24,196,2026-05-11
ATP,Tyler Zink,1710.96,196,2026-06-01
ATP,Ulises Blanch,1625.51,196,2024-07-15
WTA,Lois Boisson,1972.66,195,2026-05-11
WTA,Lucia Bronzetti,1856.38,195,2026-01-19
WTA,Natsumi Kawaguchi,1775.86,195,2026-05-18
WTA,Camilla Gennaro,1693.69,195,2026-05-18
WTA,Ingrid Vojcinakova,1544.5,195,2026-06-01
WTA,Nina Vargova,1801.45,194,2026-06-01
WTA,Ekaterina Shalimova,1774.83,194,2025-03-03
ATP,George Loffhagen,1743.56,194,2026-05-11
ATP,Alessandro Pecci,1682.44,194,2025-07-14
ATP,Evgeny Philippov,1562.65,194,2025-11-17
WTA,Elena Jamshidi,1502.66,194,2026-05-18
WTA,Jenny Lim,1769.36,193,2026-05-25
WTA,Sayaka Ishii,1713.65,193,2026-06-01
WTA,Jana Kolodynska,1671.36,193,2026-01-26
ATP,Benjamin Winter Lopez,1545.17,193,2026-06-01
ATP,Egor Gerasimov,1541.99,193,2025-10-06
WTA,Lucia Llinares Domingo,1504.37,193,2026-06-01
WTA,Alevtina Ibragimova,1842.65,192,2026-03-03
WTA,Yufei Ren,1828.08,192,2026-06-01
WTA,Daria Kudashova,1735.72,192,2025-09-08
WTA,Katarina Kozarov,1626.37,192,2024-04-01
WTA,Barbara Dessolis,1543.16,192,2026-05-18
WTA,Linda Fruhvirtova,1929.63,191,2026-04-21
WTA,Ena Shibahara,1786.83,191,2026-02-23
ATP,Gilles Arnaud Bailly,1745.44,191,2026-05-25
WTA,Kristina Mladenovic,1707.58,191,2026-03-30
WTA,Alexandra Cadantu Ignatik,1682.48,191,2024-02-05
ATP,Maxime Cressy,1658.51,191,2025-06-02
ATP,Nikolay Vylegzhanin,1641.72,191,2025-11-24
WTA,Martina Spigarelli,1597.06,191,2024-10-21
ATP,Nam Hoang Ly,1572.28,191,2024-04-08
ATP,Ethan Quinn,2036.34,190,2026-04-28
WTA,Meiqi Guo,1683.02,190,2026-04-27
WTA,Thaisa Grana Pedretti,1672.23,190,2026-06-01
ATP,Alejandro Manzanera Pertusa,1602.17,190,2025-09-29
ATP,Thomas Fancutt,1526.38,190,2024-11-25
WTA,Fangzhou Liu,1799.36,189,2025-09-01
WTA,Ya Hsuan Lee,1671.66,189,2026-05-18
WTA,Arabella Koller,1657.75,189,2026-05-11
ATP,Jason Jung,1633.99,189,2026-05-04
ATP,Shinji Hazawa,1574.59,189,2026-05-04
WTA,Anastasia Kovaleva,1530.71,189,2025-03-03
ATP,Dino Prizmic,2071.16,188,2026-04-06
WTA,Tiantsoa Sarah Rakotomanga Rajaonah,1763.72,188,2026-01-12
ATP,Jack Loge,1664.95,188,2026-03-09
ATP,Ben Jones,1540.11,188,2026-06-01
WTA,Giuliana Bestetti,1489.81,188,2026-01-12
WTA,Robin Montgomery,1910.35,187,2026-05-04
ATP,Jason Kubler,1895.39,187,2026-01-19
ATP,Philip Henning,1765.12,187,2026-06-01
WTA,Selina Dal,1745.25,187,2026-05-04
WTA,Seone Mendez,1712.93,187,2024-07-22
ATP,Andres Martin,1650.87,187,2026-06-01
WTA,Eleni Christofi,1597.28,187,2025-03-03
ATP,Taiyo Yamanaka,1548.84,187,2026-05-18
WTA,Camila Romero,1537.78,187,2026-06-01
WTA,Katie Swan,1904.27,186,2026-01-12
WTA,Yaroslava Bartashevich,1694.42,186,2026-04-27
ATP,Giuseppe La Vela,1683.42,186,2026-04-27
WTA,Amelie Van Impe,1654.18,186,2026-04-06
ATP,Sean Cuenin,1638.18,186,2026-04-27
WTA,Franziska Sziedat,1635.75,186,2026-05-25
ATP,Juan Estevez,1613.79,186,2026-05-11
ATP,Joshua Sheehy,1535.7,186,2026-05-25
ATP,Roman Safiullin,2035.69,185,2026-05-11
WTA,Magdalena Frech,1964.41,185,2026-02-15
ATP,Murphy Cassone,1736.0,185,2026-06-01
WTA,Ylona Georgiana Ghioroaie,1708.21,185,2024-02-05
WTA,Chloe Noel,1655.41,185,2026-06-01
WTA,Funa Kozaki,1565.41,185,2026-05-18
WTA,Gloria Ceschi,1557.46,185,2025-09-08
WTA,Polina Bakhmutkina,1508.04,185,2025-12-22
ATP,Nikola Milojevic,1500.88,185,2024-10-14
WTA,Beatris Spasova,1411.41,185,2026-03-02
WTA,Tamara Zidansek,1998.77,184,2026-02-01
WTA,Darja Vidmanova,1979.76,184,2026-04-21
WTA,Hiromi Abe,1876.13,184,2026-05-25
WTA,Sara Errani,1875.53,184,2025-05-26
WTA,Madison Brengle,1844.89,184,2026-04-06
WTA,Joanne Zuger,1714.35,184,2023-05-29
ATP,Ricardas Berankis,1696.64,184,2025-10-27
WTA,Freya Christie,1577.12,184,2026-02-16
ATP,Lucas Bouquet,1573.48,184,2025-06-30
WTA,Laura Svatikova,1518.11,184,2026-05-25
ATP,Chris Rodesch,1913.0,183,2026-05-11
WTA,Caroline Dolehide,1912.4,183,2026-03-17
WTA,Zhuoxuan Bai,1909.12,183,2026-01-19
ATP,Christopher Oconnell,1826.54,183,2026-06-01
ATP,Roberto Carballes Baena,1800.59,183,2026-06-01
WTA,Astrid Lew Yan Foon,1725.34,183,2026-04-27
WTA,Merna Refaat,1610.12,183,2025-10-13
ATP,John Sperle,1594.97,183,2026-03-23
WTA,Yana Morderger,1540.06,183,2025-10-20
ATP,Mark Whitehouse,1518.45,183,2026-03-23
WTA,Tamara Curovic,1498.94,183,2025-09-08
WTA,Lucie Havlickova,1917.36,182,2026-04-20
ATP,Nikoloz Basilashvili,1895.51,182,2026-04-27
WTA,Chengyiyi Yuan,1694.22,182,2026-05-04
WTA,Anika Jaskova,1502.82,182,2025-08-04
WTA,Eva Lys,1976.02,181,2026-05-17
WTA,Lisa Zaar,1894.79,181,2026-05-18
ATP,Jack Pinnington Jones,1814.07,181,2026-06-01
WTA,Georgia Andreea Craciun,1710.98,181,2025-07-14
WTA,Rutuja Bhosale,1682.03,181,2025-04-14
ATP,Gilbert Soares Klier Junior,1663.92,181,2024-11-25
WTA,Dea Herdzelas,1650.22,181,2024-06-03
ATP,Joao Eduardo Schiessl,1604.32,181,2026-05-04
WTA,Agustina Chlpac,1566.41,181,2026-05-18
WTA,Chiara Girelli,1508.41,181,2025-09-08
WTA,Sonay Kartal,2055.36,180,2026-02-15
ATP,Juan Manuel La Serna,1761.74,180,2026-05-11
WTA,Lara Salden,1753.96,180,2025-04-14
ATP,Salvatore Caruso,1686.77,180,2024-02-19
ATP,Lorenzo Carboni,1667.72,180,2026-06-01
WTA,Hikaru Sato,1667.61,180,2026-05-25
WTA,Sofia Sewing,1616.57,180,2023-09-18
ATP,Arklon Huertas Del Pino,1498.52,180,2026-05-11
WTA,Judith Perello Saavedra,1479.56,180,2025-10-20
ATP,Preston Brown,1322.78,180,2026-06-01
WTA,Patcharin Cheapchandej,1843.55,179,2026-06-01
WTA,Anna Brogan,1737.86,179,2024-01-22
WTA,Anna Turati,1669.14,179,2024-02-12
WTA,Marine Partaud,1569.07,179,2024-05-06
ATP,Gabriel Decamps,1539.83,179,2024-04-29
WTA,Gaia Squarcialupi,1535.31,179,2026-05-11
ATP,Rodrigo Pacheco Mendez,1781.64,178,2026-04-06
ATP,Mate Valkusz,1767.52,178,2025-09-29
ATP,Gabriel Debru,1736.17,178,2026-03-30
ATP,Jakub Nicod,1677.85,178,2026-06-01
ATP,Gabriele Bosio,1595.93,178,2026-02-02
ATP,Jonathan Mridha,1482.63,178,2023-10-16
WTA,Helena Stevic,1461.81,178,2026-06-01
WTA,Elena Gabriela Ruse,2093.76,177,2026-05-05
WTA,Viktorija Golubic,1982.17,177,2026-03-17
ATP,Adolfo Daniel Vallejo,1967.14,177,2026-05-12
WTA,Fangran Tian,1847.65,177,2026-05-18
WTA,Anchisa Chanta,1751.31,177,2026-05-18
ATP,Edward Winter,1705.89,177,2026-06-01
WTA,Mathilde Lollia,1678.13,177,2026-05-04
ATP,Kalin Ivanovski,1622.45,177,2025-07-14
WTA,Angelica Moratelli,1606.38,177,2026-05-25
WTA,Jimar Geraldine Gerald Gonzalez,1589.63,177,2026-05-25
ATP,Millen Hurrion,1584.0,177,2026-06-01
WTA,Naima Karamoko,1560.31,177,2024-06-03
ATP,Sidane Pontjodikromo,1549.33,177,2023-07-17
WTA,Julita Saner,1525.66,177,2026-05-04
ATP,Kristjan Tamm,1436.91,177,2025-11-03
WTA,Ashlyn Krueger,1957.86,176,2026-06-01
ATP,Gabriel Diallo,1913.27,176,2025-04-23
WTA,Patricia Maria Tig,1795.91,176,2025-08-25
ATP,Alejo Sanchez Quilez,1749.76,176,2026-05-18
ATP,Nicola Kuhn,1692.17,176,2024-07-08
WTA,Valeriya Olyanovskaya,1679.02,176,2024-10-07
ATP,Andrea Arnaboldi,1644.0,176,2023-06-19
WTA,Federica Bilardo,1635.78,176,2026-05-25
ATP,Pierre Delage,1633.93,176,2026-05-12
WTA,Alana Parnaby,1626.43,176,2025-02-24
ATP,Yan Bai,1624.97,176,2025-09-01
WTA,Martina Okalova,1620.89,176,2026-06-01
ATP,Thai Son Kwiatkowski,1600.78,176,2026-03-10
WTA,Alexandra Iordache,1528.33,176,2025-01-27
ATP,Dan Martin,1508.71,176,2026-06-01
WTA,Sara Lanca,1342.96,176,2026-02-16
ATP,Ignacio Carou,1315.71,176,2025-11-17
WTA,Jaqueline Cristian,1898.01,175,2026-01-12
WTA,Daria Khomutsianskaya,1881.23,175,2026-06-01
ATP,Pedro Martinez,1843.08,175,2026-06-01
WTA,Vitalia Diatchenko,1802.02,175,2026-05-04
WTA,Marina Melnikova,1747.33,175,2026-03-17
WTA,Anna Gabric,1727.21,175,2025-02-17
WTA,Petra Hule,1629.46,175,2026-02-02
WTA,Eliz Maloney,1598.28,175,2026-05-04
ATP,Quentin Folliot,1492.59,175,2022-01-10
ATP,Jesse Flores,1491.96,175,2026-03-16
WTA,Federica Urgesi,1911.33,174,2026-05-05
ATP,Radu Mihai Papoe,1768.85,174,2026-04-27
ATP,Marius Copil,1676.17,174,2024-04-22
WTA,Klaudija Bubelyte,1651.12,174,2025-08-18
ATP,Alec Deckers,1602.46,174,2026-03-30
WTA,Paula Ormaechea,1575.43,174,2025-08-25
WTA,Anri Nagata,1538.85,174,2026-05-11
ATP,Axel Garcian,1517.03,174,2025-06-30
ATP,Daniel Antonio Nunez,1508.44,174,2026-04-13
ATP,Noah Schachter,1415.42,174,2026-05-04
WTA,Catherine Harrison,1831.51,173,2024-08-19
WTA,Katarina Jokic,1691.8,173,2026-03-30
ATP,James Trotter,1687.13,173,2026-04-20
ATP,Timo Legout,1664.51,173,2026-06-01
ATP,Massimo Giunta,1616.59,173,2026-05-25
ATP,Matias Zukas,1574.16,173,2023-04-17
ATP,Luca Giacomini,1553.42,173,2024-07-22
ATP,Leo Vithoontien,1544.04,173,2026-05-18
WTA,Marina Stakusic,1946.09,172,2026-03-17
WTA,Dejana Radanovic,1718.72,172,2025-06-09
WTA,Daria Zelinskaya,1717.63,172,2026-05-25
WTA,Yasmine Kabbaj,1713.79,172,2026-04-27
WTA,Alexandra Bozovic,1713.08,172,2025-01-06
WTA,Julia Adams,1685.15,172,2026-05-25
WTA,Kaylah Mcphee,1653.63,172,2025-01-06
ATP,Nitin Kumar Sinha,1376.62,172,2026-05-18
ATP,Orel Kimhi,1662.71,171,2026-06-01
ATP,Luca Wiedenmann,1628.67,171,2026-05-25
ATP,Govind Nanda,1609.9,171,2025-06-02
WTA,Adriana Reami,1578.26,171,2026-05-04
WTA,Paris Corley,1555.81,171,2025-04-07
ATP,Digvijaypratap Singh,1512.16,171,2026-05-18
WTA,Polona Hercog,1909.09,170,2026-04-06
ATP,Johannus Monday,1778.98,170,2026-06-01
ATP,Emile Hudd,1677.35,170,2026-01-05
WTA,Katarina Stresnakova,1673.96,170,2025-03-31
WTA,Ying Zhang,1613.49,170,2026-05-04
ATP,Andrew Fenty,1604.13,170,2026-06-01
WTA,Rinon Okuwaki,1562.65,170,2026-05-11
ATP,Woobin Shin,1550.98,170,2026-04-20
ATP,Vlad Andrei Dancu,1537.38,170,2024-09-16
WTA,Krystyna Pochtovyk,1425.41,170,2026-05-11
WTA,Sabastiani Leon,1392.98,170,2026-05-18
WTA,Sara Dols,1760.68,169,2026-05-25
WTA,Carolina Kuhl,1571.66,169,2026-05-25
WTA,Gozal Ainitdinova,1562.56,169,2024-06-17
ATP,Jose Fco Vidal Azorin,1554.22,169,2023-01-02
ATP,Kiranpal Pannu,1487.69,169,2025-07-07
ATP,Niccolo Catini,1466.47,169,2026-03-23
WTA,Maria Mikhailova,1375.71,169,2026-06-01
WTA,Yuliia Starodubtseva,1964.24,168,2026-04-21
WTA,Kayo Nishimura,1741.82,168,2026-05-04
ATP,Henry Searle,1734.95,168,2026-06-01
WTA,Sarah Iliev,1676.39,168,2026-06-01
WTA,Alana Smith,1647.23,168,2026-05-18
WTA,Eden Silva,1645.37,168,2026-02-16
ATP,Lukas Rosol,1618.26,168,2023-01-16
WTA,Iveta Dapkute,1610.08,168,2026-06-01
WTA,Yuka Hosoki,1457.12,168,2026-05-11
WTA,Saumya Vig,1222.34,168,2026-02-02
WTA,Hayu Kinoshita,1916.2,167,2026-05-18
ATP,Kilian Feldbausch,1860.0,167,2026-05-25
WTA,Marie Vogt,1788.33,167,2026-05-25
WTA,Andre Lukosiute,1756.24,167,2026-05-25
WTA,Evialina Laskevich,1751.26,167,2026-02-16
WTA,Fanny Ostlund,1678.7,167,2024-05-06
WTA,Jaeda Daniel,1614.48,167,2026-05-25
WTA,Lexie Stevens,1604.47,167,2023-06-12
ATP,Ji Sung Nam,1591.66,167,2026-06-01
WTA,Mihaela Djakovic,1566.43,167,2024-04-01
ATP,Daisuke Sumizawa,1417.76,167,2026-05-18
WTA,Fiona Ferro,1980.48,166,2026-05-18
WTA,Heather Watson,1805.77,166,2026-06-01
WTA,Katy Dunne,1737.56,166,2026-05-18
WTA,Meiling Wang,1725.35,166,2026-05-25
WTA,Emilie Lindh Gallagher,1711.98,166,2024-03-04
WTA,Salma Drugdova,1655.8,166,2026-05-25
ATP,Giorgio Tabacco,1558.94,166,2026-05-25
WTA,Tayisiya Morderger,1543.96,166,2025-10-20
WTA,Akasha Urhobo,2000.9,165,2026-03-30
ATP,Jiri Lehecka,1830.77,165,2023-03-13
WTA,Lea Ma,1793.28,165,2026-03-30
WTA,Johanne Christine Svendsen,1731.5,165,2025-10-06
WTA,Mell Elizabeth Reasco Gonzalez,1695.91,165,2026-06-01
WTA,Ines Ibbou,1650.39,165,2024-04-22
ATP,Quinn Vandecasteele,1635.95,165,2026-06-01
WTA,Marcelina Podlinska,1623.66,165,2026-05-25
WTA,Irene Lavino,1621.21,165,2024-05-27
ATP,Ivan Marrero Curbelo,1587.88,165,2026-05-04
WTA,Romina Ccuno,1483.83,165,2026-04-20
WTA,Ana Giraldi Requena,1421.53,165,2026-06-01
WTA,Tereza Martincova,1954.68,164,2026-06-01
WTA,Ann Li,1903.2,164,2025-02-17
ATP,Arthur Rinderknech,1852.13,164,2026-05-12
WTA,Julieta Lara Estable,1672.89,164,2025-07-28
ATP,Alexandar Lazarov,1651.15,164,2024-05-20
ATP,Benoit Paire,1551.14,164,2026-01-27
WTA,Emma Van Poppel,1239.53,164,2026-05-18
ATP,Eliot Spizzirri,1973.65,163,2026-01-12
ATP,Gianluca Cadenasso,1817.28,163,2026-06-01
WTA,Timea Babos,1791.53,163,2024-09-09
WTA,Alexandra Vecic,1783.77,163,2024-10-14
WTA,Caroline Uebelhoer,1759.97,163,2026-04-20
WTA,Tessa Johanna Brockmann,1756.45,163,2026-04-20
WTA,Alicia Herrero Linana,1717.39,163,2026-03-30
WTA,Rebecca Munk Mortensen,1671.44,163,2026-05-04
ATP,Seydina Andre,1626.88,163,2025-04-21
ATP,Ye Cong Mo,1605.87,163,2025-10-20
ATP,Marcel Zielinski,1585.34,163,2024-09-09
WTA,Stefanie Auer,1395.77,163,2026-06-01
WTA,Tatjana Maria,1886.8,162,2026-06-01
WTA,Daria Yesypchuk,1738.68,162,2026-06-01
ATP,Adrien Gobat,1608.6,162,2026-02-23
ATP,Henri Laaksonen,1585.02,162,2024-08-05
WTA,Nina Potocnik,1584.78,162,2024-02-26
ATP,Alan Fernando Rubio Fierros,1506.24,162,2026-04-06
ATP,Rigele Te,1481.95,162,2026-05-04
WTA,Yui Chikaraishi,1456.58,162,2026-05-18
WTA,Elena Ruxandra Bertea,1870.01,161,2026-04-20
WTA,Eva Marie Voracek,1793.07,161,2026-05-18
WTA,Wushuang Zheng,1679.77,161,2026-05-04
ATP,Michael Bassem Sobhy,1633.87,161,2026-01-19
WTA,Thasaporn Naklo,1631.37,161,2026-05-04
WTA,Meng Yi Chen,1597.48,161,2026-05-18
ATP,Gian Marco Moroni,1588.13,161,2024-03-18
ATP,Enzo Wallart,1521.24,161,2025-11-10
ATP,Stefan Dostanic,1780.0,160,2026-05-25
WTA,Justina Maria Gonzalez Daniele,1745.67,160,2026-05-04
ATP,Carlos Gimeno Valero,1714.03,160,2025-06-09
ATP,Mert Alkaya,1709.62,160,2026-06-01
ATP,Michele Ribecai,1705.31,160,2026-06-01
WTA,Anastasiia Gureva,1644.13,160,2026-05-25
WTA,Oceane Babel,1639.13,160,2026-04-13
ATP,Edan Leshem,1578.7,160,2024-01-22
ATP,Jaimee Floyd Angele,1545.11,160,2024-01-29
WTA,Ioana Zvonaru,1525.18,160,2025-04-07
WTA,Humera Baharmus,1488.7,160,2025-07-28
ATP,Ivan Nedelko,1466.74,160,2025-11-24
ATP,Thiago Cigarran,1422.89,160,2026-05-11
WTA,Chiraz Bechri,1418.05,160,2024-01-08
WTA,Kateryna Bondarenko,1690.08,159,2025-01-13
ATP,Yunseong Chung,1608.77,159,2026-04-20
WTA,Lauren Proctor,1567.91,159,2024-02-05
WTA,Denise Valente,1423.81,159,2026-06-01
WTA,Clara Tauson,1915.51,158,2024-10-21
ATP,Toby Samuel,1915.24,158,2026-05-04
WTA,Mirjam Bjorklund,1763.96,158,2025-04-22
WTA,Arina Bulatova,1641.84,158,2026-05-18
WTA,Maria Kalyakina,1605.23,158,2026-05-25
ATP,Juan Sebastian Gomez,1544.49,158,2026-03-23
WTA,Vlada Ekshibarova,1540.51,158,2025-10-13
WTA,Emma Navarro,2016.74,157,2026-05-11
WTA,Yuliana Lizarazo,1684.94,157,2026-03-30
WTA,Chia Yi Tsao,1667.33,157,2026-05-25
WTA,Noka Juric,1549.08,157,2025-01-27
WTA,Himari Sato,1460.86,157,2026-05-18
WTA,Rebeca Pereira,1410.75,157,2026-06-01
WTA,Alina Korneeva,2053.22,156,2026-05-05
ATP,Max Purcell,1947.51,156,2024-05-13
WTA,Ariana Geerlings,1899.86,156,2025-07-14
WTA,Draginja Vukovic,1789.65,156,2025-11-17
WTA,Ana Konjuh,1673.09,156,2026-01-26
WTA,Grace Min,1648.92,156,2024-04-01
ATP,Loann Massard,1556.37,156,2026-02-23
WTA,Marian Gomez Pezuela Cano,1410.1,156,2026-02-23
WTA,Jasmin Jebawy,1331.3,156,2026-01-05
ATP,Joel Schwaerzler,1850.43,155,2026-06-01
WTA,Valeriya Yushchenko,1789.8,155,2026-05-04
ATP,J J Wolf,1781.56,155,2026-04-20
WTA,Elina Nepliy,1735.29,155,2026-06-01
ATP,Hayato Matsuoka,1700.65,155,2026-06-01
ATP,Romain Faucon,1685.18,155,2026-06-01
WTA,Carla Markus,1656.13,155,2026-05-04
WTA,Ranah Akua Stoiber,1651.72,155,2026-05-11
WTA,Denise Hrdinkova,1573.29,155,2025-04-21
ATP,Manuel Mazza,1563.83,155,2026-06-01
WTA,Jessica Hinojosa Gomez,1537.23,155,2026-05-04
ATP,Daniele Capecchi,1517.52,155,2022-06-13
ATP,Juan Carlos Aguilar,1502.08,155,2026-02-16
ATP,Naoki Tajima,1418.18,155,2025-11-24
ATP,William Grant,1406.07,155,2025-09-08
ATP,Cedrik Marcel Stebe,1760.84,154,2026-02-02
ATP,Alex Martinez,1725.73,154,2026-05-25
WTA,Ksenia Zaytseva,1715.61,154,2026-04-27
WTA,Anna Ureke,1687.28,154,2025-04-28
WTA,Makenna Jones,1662.93,154,2025-06-09
WTA,Maria Kozyreva,1636.31,154,2026-04-13
ATP,Matyas Fuele,1632.25,154,2024-03-11
ATP,Dimitris Sakellaridis,1554.71,154,2026-03-09
ATP,Davide Galoppini,1429.9,154,2023-04-24
WTA,Taylor Ng,1762.05,153,2023-04-10
WTA,Zuzanna Pawlikowska,1722.76,153,2026-02-02
ATP,Tom Paris,1676.4,153,2026-05-25
ATP,Uisung Park,1638.14,153,2026-04-20
WTA,Maria Andrienko,1629.17,153,2026-06-01
WTA,Eleonora Alvisi,1607.47,153,2026-05-18
WTA,Kisa Yoshioka,1561.06,153,2026-05-11
ATP,Yuta Kawahashi,1543.2,153,2026-05-18
WTA,Alexandra Osborne,1518.15,153,2025-10-20
ATP,Dragos Nicolae Cazacu,1486.37,153,2026-05-25
WTA,Jennifer Luikham,1455.71,153,2026-05-04
WTA,Xiyu Wang,2087.04,152,2026-04-20
ATP,Jaume Munar,1935.56,152,2026-05-12
ATP,Rei Sakamoto,1904.27,152,2026-05-12
WTA,Ane Mintegi Del Olmo,1888.7,152,2026-04-20
WTA,Carson Branstine,1884.15,152,2026-01-19
WTA,Lara Schmidt,1690.52,152,2025-07-14
WTA,Fernanda Contreras Gomez,1629.84,152,2025-03-31
WTA,Karolina Vlckova,1612.63,152,2025-11-03
ATP,Lucas Miedler,1598.58,152,2026-02-16
ATP,Luke Saville,1579.23,152,2024-10-07
ATP,Blake Mott,1576.8,152,2025-02-17
WTA,Andrea Gamiz,1546.1,152,2024-02-05
WTA,Olivia Gram,1453.48,152,2026-05-11
ATP,Martyn Pawelski,1447.02,152,2024-08-12
WTA,Magdalena Stoilkovska,1405.25,152,2025-06-16
WTA,Maddalena Giordano,1401.83,152,2026-05-18
WTA,Ashmitha Easwaramurthi,1164.93,152,2026-05-25
ATP,Mackenzie Mcdonald,1834.98,151,2026-06-01
ATP,Fitriadi M Rifqi,1642.15,151,2024-02-26
WTA,Maria Oliver Sanchez,1627.88,151,2026-05-25
WTA,Lisa Marie Rioux,1605.89,151,2025-08-25
ATP,Simone Roncalli,1495.15,151,2023-07-24
WTA,Beatrice Stagno,1463.17,151,2026-05-25
WTA,Sofia Avataneo,1431.05,151,2026-05-18
ATP,Arthur Fils,1938.85,150,2024-05-13
WTA,Beatriz Haddad Maia,1858.43,150,2026-05-17
WTA,Lidia Encheva,1818.14,150,2026-06-01
ATP,Filippo Romano,1739.77,150,2026-06-01
WTA,Na Lae Han,1718.12,150,2024-04-22
WTA,Daniela Seguel,1615.88,150,2024-05-27
WTA,Carmen Lopez Martinez,1575.49,150,2026-04-06
WTA,Anastasia Safta,1529.41,150,2026-05-25
ATP,Riccardo Balzerani,1521.59,150,2023-04-16
WTA,Margarita Ignatjeva,1515.17,150,2025-11-24
ATP,Lautaro Agustin Falabella,1473.04,150,2026-05-11
ATP,Pietro Marino,1465.45,150,2024-11-18
ATP,Koray Kirci,1441.44,150,2025-11-24
WTA,Hanyu Guo,1896.99,149,2026-01-19
WTA,Ella Mcdonald,1766.88,149,2026-04-20
ATP,Justin Boulais,1728.8,149,2026-05-25
WTA,Fanny Stollar,1709.86,149,2024-09-09
WTA,Jana Bojovic,1694.9,149,2024-05-06
WTA,Olivia Lincer,1680.03,149,2026-02-16
ATP,Patrick Maloney,1674.41,149,2025-09-22
WTA,Matilde Mariani,1574.99,149,2026-05-25
ATP,Stijn Slump,1550.52,149,2026-02-02
WTA,Caroline Romeo,1548.25,149,2025-03-10
ATP,Dev Javia,1502.0,149,2026-05-18
ATP,Jose Rubin Statham,1470.16,149,2024-10-28
WTA,Smriti Bhasin,1451.16,149,2025-08-11
ATP,Ray Ho,1392.12,149,2025-09-22
WTA,Maria Fernanda Morales,1179.35,149,2026-06-01
ATP,Lloyd Harris,1883.0,148,2026-06-01
ATP,Daniel Cox,1720.2,148,2024-02-12
WTA,Natalia Szabanin,1665.01,148,2024-07-22
ATP,Mats Moraing,1659.5,148,2023-05-08
ATP,Stefan Adrian Andreescu,1625.86,148,2026-05-25
WTA,Alisa Kummel,1607.19,148,2025-08-04
WTA,Jessica Bertoldo,1593.66,148,2026-05-11
WTA,Fang Ying Xun,1584.03,148,2025-09-22
WTA,Jasmine Conway,1546.92,148,2025-11-10
WTA,Kateryna Lazarenko,1543.01,148,2026-05-04
ATP,Louis Tessa,1536.36,148,2025-09-15
ATP,Francisco Rocha,1535.0,148,2026-05-11
WTA,Maelys Bougrat,1528.08,148,2025-11-10
WTA,Giulia Crescenzi,1513.78,148,2023-06-05
ATP,Simon Anthony Ivanov,1449.56,148,2024-08-19
WTA,Ginevra Parentini Vallega Montebruno,1404.93,148,2026-06-01
ATP,Jesse Delaney,1347.14,148,2026-02-09
ATP,Juncheng Shang,1924.05,147,2024-06-10
WTA,Eryn Cayetano,1830.6,147,2026-06-01
WTA,Hibah Shaikh,1795.05,147,2026-05-18
WTA,Nicole Khirin,1702.22,147,2024-10-21
WTA,Melisa Ercan,1672.78,147,2025-01-13
WTA,Matilda Mutavdzic,1629.32,147,2024-02-05
WTA,Raveena Kingsley,1615.91,147,2025-11-03
ATP,Mae Malige,1582.17,147,2026-03-02
WTA,Klara Veldman,1563.18,147,2026-05-04
ATP,Ricardo Rodriguez,1400.97,147,2021-03-15
ATP,Brandon Nakashima,1953.01,146,2025-05-13
ATP,Igor Ribeiro Marcondes,1848.31,146,2026-03-23
ATP,Diego Dedura Palomero,1814.39,146,2026-06-01
WTA,Elena Korokozidi,1702.35,146,2026-05-25
ATP,Deney Wassermann,1606.19,146,2024-08-05
ATP,Johannes Haerteis,1540.77,146,2023-03-20
WTA,Celine Simunyu,1518.52,146,2025-02-17
ATP,Kyle Seelig,1517.66,146,2026-01-27
WTA,Akanksha Dileep Nitture,1483.76,146,2026-02-02
ATP,Hanwen Li,1423.65,146,2024-05-06
WTA,Victoria Mboko,2127.79,145,2025-06-30
WTA,Clervie Ngounoue,1843.99,145,2026-06-01
ATP,Nicolas Jarry,1820.93,145,2026-04-13
WTA,Vaishnavi Adkar,1690.25,145,2026-05-25
ATP,Ioannis Xilas,1671.32,145,2026-06-01
WTA,Pei Chi Lee,1670.08,145,2024-06-24
WTA,Jiangxue Han,1629.32,145,2026-05-04
WTA,Anastasia Evgenyevna Nefedova,1587.93,145,2022-05-23
ATP,Luigi Sorrentino,1561.24,145,2023-09-04
WTA,Danielle Daley,1558.64,145,2025-07-14
ATP,Maxwell Mckennon,1541.6,145,2026-05-18
ATP,Thanapet Chanta,1523.75,145,2026-05-18
WTA,Chieh Yu Hsu,1523.51,145,2025-08-11
ATP,Benjamin Pietri,1503.6,145,2026-05-18
ATP,Tiago Cacao,1479.13,145,2026-01-26
WTA,Stefana Lazar,1457.92,145,2025-06-30
WTA,Caty Mcnally,2037.61,144,2026-01-12
WTA,Anna Karolina Schmiedlova,1884.2,144,2025-02-09
ATP,Iliyan Radulov,1781.8,144,2025-03-24
ATP,Justin Engel,1714.23,144,2026-05-11
ATP,Daniil Ostapenkov,1705.48,144,2026-04-27
WTA,Ines Murta,1624.9,144,2025-10-27
ATP,Liam Gavrielides,1599.69,144,2026-02-02
WTA,Emma Slavikova,1552.92,144,2026-05-18
WTA,Bojana Marinkovic,1520.4,144,2024-01-15
WTA,Giulia Carbonaro,1504.87,144,2025-06-30
WTA,Nanari Katsumi,1444.97,144,2026-05-25
ATP,Joao Victor Couto Loureiro,1318.04,144,2026-05-04
ATP,Nishesh Basavareddy,1949.72,143,2026-05-11
WTA,Victoria Kan,1770.75,143,2025-08-04
WTA,Patricija Paukstyte,1730.26,143,2025-06-30
ATP,Oscar Otte,1727.83,143,2024-05-20
ATP,Yi Zhou,1718.91,143,2026-05-11
WTA,Irina Fetecau,1686.06,143,2026-05-18
ATP,Alexey Zakharov,1672.54,143,2025-02-10
ATP,Dayne Kelly,1634.43,143,2023-02-20
WTA,Natalia Siedliska,1626.64,143,2025-01-06
ATP,Mwendwa Mbithi,1569.79,143,2026-04-27
ATP,Axel Nefve,1484.51,143,2026-03-30
WTA,Anna Ozerova,1470.2,143,2025-09-08
ATP,Aleksandre Metreveli,1444.87,143,2024-05-20
WTA,Chanel Janssen,1339.57,143,2025-10-27
WTA,Mccartney Kessler,2049.72,142,2026-05-17
WTA,Clara Burel,1875.4,142,2026-05-04
ATP,Michael Agwi,1663.92,142,2025-10-20
ATP,Mathieu Perchicot,1512.63,142,2022-03-14
ATP,Tao Mu,1505.84,142,2023-08-21
ATP,Taha Baadi,1503.26,142,2026-02-16
ATP,Mick Veldheer,1501.25,142,2026-02-02
WTA,Jiho Shin,1458.49,142,2026-05-04
WTA,Zoe Hitt,1362.7,142,2026-05-11
WTA,Valeria Koussenkova,1225.47,142,2026-02-09
WTA,Aliaksandra Sasnovich,2050.88,141,2026-05-05
WTA,Maya Joint,1966.51,141,2026-06-02
WTA,Carol Young Suh Lee,1936.49,141,2026-04-13
ATP,Jakub Mensik,1912.53,141,2025-06-02
WTA,Kristiana Sidorova,1792.74,141,2026-02-02
ATP,Arthur Nagel,1690.8,141,2026-04-28
WTA,Luiza Fullana,1688.17,141,2026-06-01
ATP,Jiri Vesely,1681.03,141,2025-04-28
WTA,Rikke De Koning,1547.07,141,2026-05-04
WTA,Giorgia Pinto,1487.91,141,2024-04-15
WTA,Varvara Gracheva,2090.22,140,2026-02-15
WTA,Olga Danilovic,2024.75,140,2025-06-22
ATP,Olle Wallin,1665.99,140,2026-05-18
ATP,Jorge Martinez Martinez,1562.83,140,2023-04-03
ATP,Louis Dussin,1538.04,140,2026-01-05
ATP,Illia Biloborodko,1493.04,140,2021-09-06
WTA,Yukina Saigo,1471.82,140,2024-02-12
WTA,Kaja Juvan,2011.77,139,2026-03-17
WTA,Anna Blinkova,1880.29,139,2026-05-05
ATP,Zhizhen Zhang,1801.51,139,2026-06-01
ATP,Christian Sigsgaard,1701.87,139,2025-10-20
ATP,Nino Ehrenschneider,1558.9,139,2026-01-05
WTA,Federica Arcidiacono,1519.19,139,2023-05-29
ATP,Savriyan Danilov,1513.87,139,2022-07-18
ATP,Alexander Erler,1512.98,139,2024-07-22
ATP,Ryota Tanuma,1481.14,139,2022-11-07
WTA,Xichen Zhao,1478.86,139,2026-05-11
ATP,Linang Xiao,1466.23,139,2026-05-04
WTA,Nadia Podoroska,1979.7,138,2026-05-25
ATP,Learner Tien,1954.36,138,2025-04-27
WTA,Aleksandra Krunic,1844.75,138,2026-02-08
WTA,Amelia Rajecki,1721.53,138,2026-06-01
ATP,Koki Matsuda,1658.16,138,2026-03-30
WTA,Melany Solange Krywoj,1643.12,138,2026-04-20
WTA,Ella Haavisto,1640.39,138,2026-06-01
ATP,Viktor Jovic,1568.84,138,2025-09-22
WTA,Sevil Yuldasheva,1538.88,138,2026-05-25
WTA,Maria Paulina Perez Garcia,1459.06,138,2026-03-02
ATP,Szymon Kielan,1419.57,138,2026-05-25
WTA,Shria Atturu,1396.81,138,2025-09-29
WTA,Brenda Fruhvirtova,1905.22,137,2025-01-13
ATP,Botic Van De Zandschulp,1865.41,137,2026-05-12
ATP,Aristotelis Thanos,1683.6,137,2025-11-24
ATP,Yuta Kikuchi,1555.96,137,2026-04-13
WTA,Aleksandra Pospelova,1544.05,137,2023-06-26
ATP,Jiri Barnat,1480.86,137,2025-09-01
WTA,Ayline Esina Samardzic,1417.48,137,2026-05-11
ATP,Darwin Blanch,1807.93,136,2026-05-11
WTA,Ysaline Bonaventure,1741.71,136,2025-03-18
ATP,Manas Dhamne,1703.94,136,2026-06-01
ATP,Martin Klizan,1672.0,136,2025-05-26
WTA,Irina Khromacheva,1644.09,136,2024-02-05
ATP,Emilien Demanet,1628.81,136,2025-09-16
WTA,Marcela Zacarias,1615.8,136,2023-08-28
WTA,Manca Pislak,1596.6,136,2025-10-27
ATP,Niki Kaliyanda Poonacha,1458.94,136,2026-05-11
WTA,Yafan Wang,1930.79,135,2025-10-06
ATP,Holger Rune,1928.34,135,2022-04-04
WTA,Barbara Gatica,1766.87,135,2022-04-04
ATP,Branko Djuric,1715.14,135,2025-08-11
WTA,Ann Akasha Ceuca,1708.37,135,2026-05-25
ATP,Prajnesh Gunneswaran,1598.35,135,2023-02-13
ATP,Mert Naci Turker,1561.9,135,2026-05-18
WTA,Darja Suvirdjonkova,1549.71,135,2026-05-18
WTA,Aglaya Fedorova,1535.39,135,2026-04-20
WTA,Hwiwon Wi,1506.14,135,2026-05-04
ATP,Mihai Razvan Marinescu,1470.21,135,2025-09-08
ATP,Marco Miceli,1469.27,135,2023-04-16
WTA,Milana Maslenkova,1425.2,135,2026-05-18
WTA,Elisabetta Cocciaretto,2025.01,134,2026-02-15
ATP,Sebastian Baez,1990.02,134,2026-06-01
WTA,Sarah Van Emst,1724.49,134,2026-05-18
WTA,Akiko Omae,1664.72,134,2025-08-25
ATP,Karl Poling,1658.47,134,2026-06-01
ATP,Pavle Marinkov,1583.23,134,2026-06-01
ATP,Mykyta Mashtakov,1555.09,134,2025-09-15
ATP,Santiago De La Fuente,1538.84,134,2026-05-11
WTA,Bianca Jolie Fernandez,1520.99,134,2026-05-25
WTA,Alicia Smith,1511.99,134,2026-04-13
WTA,Tanisha Kashyap,1470.67,134,2026-05-18
WTA,Hanna Bougouffa,1469.52,134,2025-07-28
WTA,Kristina Milenkovic,1463.47,134,2023-09-04
WTA,Mariia Bergen,1459.71,134,2026-05-25
ATP,Juan Sebastian Osorio,1428.05,134,2026-03-23
WTA,Storm Hunter,1936.14,133,2026-03-17
ATP,Tennys Sandgren,1792.49,133,2024-04-22
ATP,Pedro Vives Marcos,1668.17,133,2026-03-30
WTA,Suana Tucakovic,1629.04,133,2026-06-01
ATP,Aryan Shah,1591.11,133,2026-03-16
WTA,Andreea Amalia Rosca,1580.99,133,2024-09-23
ATP,Tomas Curras Abasolo,1560.63,133,2025-11-24
WTA,Solymar Colling,1472.52,133,2026-05-04
ATP,Kazuki Nishiwaki,1424.79,133,2024-08-19
WTA,Weronika Ewald,1766.92,132,2026-05-25
WTA,Isabella Kruger,1711.86,132,2024-10-21
ATP,Sergio Callejon Hernando,1699.62,132,2026-05-25
ATP,Blaz Rola,1698.39,132,2024-11-04
ATP,Filip Horansky,1651.79,132,2022-02-21
WTA,Yu Jin Ahn,1582.12,132,2026-05-11
WTA,Katharina Hering,1559.2,132,2023-04-03
WTA,Yuliana Monroy,1550.82,132,2025-03-31
ATP,Calin Manda,1484.19,132,2022-07-11
WTA,Isabella Barrera Aguirre,1468.87,132,2026-05-11
WTA,Francesca Pace,1719.28,131,2026-06-01
ATP,Carlo Alberto Caniato,1684.64,131,2026-06-01
ATP,Daniel De Jonge,1665.66,131,2026-05-18
ATP,Oscar Weightman,1586.2,131,2026-06-01
WTA,Mavie Osterreicher,1572.01,131,2026-05-11
WTA,Gabriella Price,1570.55,131,2026-06-01
ATP,Matt Kuhar,1501.06,131,2026-04-27
ATP,Bautista Vilicich,1468.5,131,2026-02-16
ATP,Jasza Szajrych,1429.76,131,2025-06-16
WTA,Ana Filipa Santos,1415.71,131,2026-06-01
WTA,Georgia Kalamaris,1242.08,131,2025-09-08
WTA,Rositsa Dencheva,1921.03,130,2026-05-04
WTA,Yanina Wickmayer,1832.24,130,2025-06-09
WTA,Ganna Poznikhirenko,1736.93,130,2023-08-21
WTA,Allie Kiick,1711.05,130,2024-11-18
ATP,Miles Jones,1618.11,130,2025-03-10
ATP,Roberto Quiroz,1602.0,130,2022-03-28
WTA,Mila Masic,1578.17,130,2025-12-01
ATP,Jumpei Yamasaki,1551.85,130,2026-01-05
ATP,Ishaque Eqbal,1436.62,130,2026-02-16
WTA,Alica Rusova,1413.39,130,2024-07-29
WTA,Melis Ayda Uyar,1403.99,130,2024-03-18
WTA,Janice Tjen,2112.07,129,2026-06-01
WTA,Jil Teichmann,1888.1,129,2026-05-05
ATP,Nicolai Budkov Kjaer,1880.21,129,2026-06-01
ATP,Petr Brunclik,1804.2,129,2026-05-11
WTA,Malaika Rapolu,1781.72,129,2026-06-01
WTA,Ioana Loredana Rosca,1702.21,129,2023-04-17
WTA,Tereza Smitkova,1699.73,129,2023-11-27
WTA,Francesca Di Lorenzo,1650.92,129,2023-05-22
ATP,Sora Fukuda,1611.8,129,2026-04-27
WTA,Nicole Rivkin,1611.23,129,2025-03-17
WTA,Yanan Hou,1584.37,129,2026-06-01
WTA,Federica Rossi,1579.39,129,2025-06-02
WTA,Nikol Palecek,1574.53,129,2025-04-21
WTA,Maria Camila Torres Murcia,1552.02,129,2026-06-01
ATP,Peter Benjamin Privara,1540.24,129,2024-07-29
ATP,Leo Raquillet,1539.0,129,2026-03-30
WTA,Christina Rosca,1529.81,129,2025-03-24
ATP,Giannicola Misasi,1501.24,129,2025-09-08
WTA,Alisa Vasileva,1494.55,129,2026-05-25
ATP,Jorge Brian Panta Herreros,1460.43,129,2023-06-19
ATP,Tomohiro Masabayashi,1384.5,129,2026-05-18
ATP,Federico Cina,1823.44,128,2026-05-11
WTA,Mao Mushika,1710.27,128,2026-05-25
ATP,Sander Jong,1681.57,128,2026-06-01
ATP,Maxence Bertimon,1544.97,128,2026-03-16
WTA,Emmanuelle Girard,1536.45,128,2024-02-19
WTA,Caterina Odorizzi,1335.23,128,2026-06-01
WTA,Martina Trevisan,1760.05,127,2026-04-21
ATP,Johan Alexander Rodriguez Rodriguez,1643.28,127,2025-11-24
WTA,Ruth Roura Llaverias,1592.61,127,2026-04-21
WTA,Miriam Kolodziejova,1588.82,127,2025-07-21
ATP,Yaroslav Demin,1555.69,127,2026-03-30
ATP,Franco Ribero,1535.45,127,2026-05-04
WTA,Vanessa Ioana Georgiana Popa Teiusanu,1517.68,127,2025-08-25
ATP,Colin Markes,1492.77,127,2024-01-22
ATP,Toby Martin,1465.95,127,2025-01-06
ATP,Nicolas Parizzia,1410.27,127,2026-03-16
ATP,Petros Tsitsipas,1350.97,127,2026-03-09
WTA,Katie Boulter,2004.08,126,2026-03-04
WTA,Diana Shnaider,1951.46,126,2024-04-15
ATP,Cristian Garin,1905.28,126,2026-05-11
ATP,Alex Michelsen,1886.89,126,2026-04-28
WTA,Ayana Akli,1780.37,126,2026-04-20
WTA,Yelyzaveta Kotliar,1777.68,126,2026-05-25
WTA,Ena Koike,1769.37,126,2026-06-01
ATP,Joao Sousa,1745.76,126,2024-03-25
WTA,Daria Kuczer,1724.18,126,2025-08-04
ATP,Tim Van Rijthoven,1693.61,126,2025-05-26
WTA,Tamara Kostic,1672.38,126,2025-01-27
WTA,Jantje Tilbuerger,1641.67,126,2024-01-08
WTA,Dasha Lopatetskaya,1638.81,126,2024-02-19
WTA,Yuno Kitahara,1636.46,126,2026-05-25
WTA,Shavit Kimchi,1619.2,126,2023-09-25
WTA,Sarah Tatu,1604.91,126,2024-01-08
ATP,Guillaume Dalmasso,1586.83,126,2026-06-01
ATP,Ryotaro Taguchi,1575.52,126,2026-05-18
ATP,Mateo Barreiros Reyes,1530.35,126,2025-06-23
WTA,Onyu Choi,1517.81,126,2026-05-18
ATP,Gabriel Donev,1502.6,126,2024-08-19
WTA,Mirjana Jovanovic,1486.58,126,2026-05-25
ATP,Rishab Agarwal,1478.83,126,2025-02-03
ATP,Daniel Little,1431.47,126,2024-06-03
WTA,Emma Mazzoni,1285.54,126,2026-05-25
WTA,Xin Yu Wang,1984.53,125,2026-04-13
ATP,Guido Andreozzi,1728.36,125,2025-03-11
ATP,Amit Vales,1578.83,125,2026-05-18
WTA,Carlotta Moccia,1546.02,125,2026-05-18
WTA,Ramu Ueda,1534.9,125,2025-06-30
WTA,Costanza Traversi,1533.49,125,2025-01-06
ATP,Johannes Ingildsen,1502.66,125,2026-06-01
ATP,Oscar Moraing,1453.16,125,2022-03-07
ATP,Hanyi Liu,1422.26,125,2026-04-06
ATP,Kazuma Kawachi,1310.02,125,2024-09-09
WTA,Peyton Stearns,1930.86,124,2026-02-15
WTA,Liv Hovde,1725.19,124,2025-06-16
ATP,Christian Harrison,1667.14,124,2024-06-03
WTA,Martina Di Giuseppe,1618.65,124,2022-04-04
ATP,Ben Patael,1604.97,124,2022-03-21
ATP,Alexander Kotzen,1581.4,124,2025-11-03
ATP,Michal Krajci,1572.95,124,2026-06-01
WTA,Bianca Bulat,1568.5,124,2025-11-03
WTA,Ingrid Gamarra Martins,1538.91,124,2024-03-11
ATP,Saveliy Ivanov,1438.02,124,2025-08-18
ATP,Nicolas Bruna,1371.3,124,2026-02-23
WTA,Ferdaous Bahri,1339.54,124,2023-06-05
WTA,Naoko Eto,1266.26,124,2026-04-27
WTA,Anhelina Kalinina,2107.09,123,2026-05-05
ATP,Lucas Pouille,1989.24,123,2025-02-03
ATP,Kyle Kang,1665.02,123,2025-08-04
ATP,Yanis Ghazouani Durand,1652.31,123,2026-05-25
ATP,Kuan Yi Lee,1637.63,123,2026-05-18
ATP,Jurgen Briand,1601.73,123,2023-01-09
ATP,Daniel Siniakov,1566.31,123,2026-06-01
WTA,Paula Arias Manjon,1559.22,123,2024-07-22
WTA,Maria Kononova,1522.73,123,2026-02-16
ATP,Marsel Ilhan,1505.94,123,2024-09-02
WTA,Anastasiya Kuparev,1416.39,123,2026-03-30
ATP,Bruno Pujol Navarro,1387.15,123,2026-02-09
WTA,Prathyusha Rachapudi,1344.2,123,2026-05-04
WTA,Soha Sadiq,1312.44,123,2026-06-01
ATP,Karue Sell,1705.82,122,2025-08-04
WTA,Georgina Garcia Perez,1680.15,122,2026-05-18
WTA,Sarah Rebecca Sekulic,1623.74,122,2025-01-06
ATP,Robin Catry,1602.48,122,2026-04-06
WTA,Amanda Carreras,1571.64,122,2023-01-16
ATP,Josip Simundza,1566.46,122,2026-05-11
WTA,Barbora Matusova,1562.96,122,2022-09-05
WTA,Anastasia Iamachkine,1517.92,122,2025-08-04
ATP,Thomas Deschamps,1493.79,122,2024-10-21
ATP,Mirko Martinez,1461.31,122,2023-03-20
ATP,Gorazd Srbljak,1344.17,122,2023-05-22
WTA,Milla Sequeira,1283.91,122,2026-05-18
WTA,Emerson Jones,1988.28,121,2026-03-04
ATP,Patrick Brady,1631.76,121,2026-06-01
WTA,Anastasia Piangerelli,1616.15,121,2024-01-15
ATP,Yan Bondarevskiy,1533.94,121,2022-01-03
ATP,Bekhan Atlangeriev,1529.96,121,2026-05-25
WTA,Vanja Gudelj,1454.13,121,2025-11-03
ATP,Leonid Sheyngezikht,1425.21,121,2025-04-14
WTA,Evita Ramirez,1397.88,121,2024-04-08
WTA,Gala Arangio,1362.1,121,2025-11-03
WTA,Tereza Valentova,2100.48,120,2026-02-15
ATP,Thanasi Kokkinakis,1972.69,120,2026-05-11
ATP,Francisco Cerundolo,1849.35,120,2022-01-24
ATP,Semen Pankin,1772.67,120,2026-06-01
ATP,Yassine Dlimi,1754.64,120,2023-09-25
ATP,Gerald Melzer,1704.21,120,2024-09-16
WTA,Dabin Kim,1701.21,120,2026-05-18
WTA,Bojana Klincov,1633.25,120,2023-09-04
WTA,Elysia Bolton,1624.28,120,2024-01-08
WTA,Usue Maitane Arconada,1611.48,120,2026-03-30
WTA,Emma Wilson,1584.37,120,2025-10-13
WTA,Fang An Lin,1549.65,120,2026-05-25
WTA,Gozde Turhan,1489.55,120,2025-11-17
WTA,Tori Kinard,1431.29,120,2026-05-18
ATP,Matthias Ujvary,1377.97,120,2026-04-27
ATP,Dusan Lajovic,1859.96,119,2026-06-01
ATP,Ryan Seggerman,1699.88,119,2026-06-01
ATP,Eduard Esteve Lobato,1675.66,119,2023-03-27
WTA,Virginia Ferrara,1668.55,119,2024-02-19
ATP,Karlis Ozolins,1665.45,119,2026-02-09
ATP,Alexandre Reco,1589.64,119,2026-03-09
ATP,Nicolas Alvarez,1582.67,119,2024-06-10
WTA,Mallaurie Noel,1576.97,119,2025-03-31
ATP,Blu Baker,1557.54,119,2023-04-24
WTA,Gina Marie Dittmann,1556.9,119,2026-02-16
WTA,Timea Jaruskova,1548.08,119,2024-09-30
WTA,Carola Cavelli,1529.16,119,2025-03-17
WTA,Arina Arifullina,1527.68,119,2026-05-04
ATP,Sekou Bangoura,1489.54,119,2025-08-25
ATP,Michail Pervolarakis,1483.28,119,2023-08-07
ATP,Aleksandr Lobanov,1465.44,119,2025-07-28
WTA,Xenia Bandurowska,1433.11,119,2025-11-24
WTA,Valentina Losciale,1432.85,119,2026-06-01
WTA,Maelle Leclercq,1602.43,118,2025-11-24
WTA,Katharina Gerlach,1592.19,118,2023-05-29
WTA,Andrea Obradovic,1586.67,118,2026-06-01
WTA,Chiara Fornasieri,1570.62,118,2026-06-01
WTA,Jade Bornay,1549.35,118,2025-11-17
WTA,Elizaveta Shebekina,1535.05,118,2024-05-20
ATP,Tomasz Berkieta,1532.92,118,2026-06-01
WTA,Mana Ayukawa,1505.43,118,2025-06-23
ATP,Kody Pearson,1442.61,118,2026-06-01
ATP,Mircea Alexandru Jecan,1437.79,118,2024-09-02
WTA,Juliette Mazzoni,1194.34,118,2025-12-29
WTA,Kateryna Baindl,1759.06,117,2024-08-19
WTA,Isabella Maria Serban,1710.62,117,2026-06-01
ATP,Peter Gojowczyk,1706.16,117,2023-09-18
WTA,Karman Thandi,1631.77,117,2026-06-01
WTA,Jana Vanik,1460.05,117,2024-09-30
WTA,Olivia Tjandramulia,1446.75,117,2024-02-26
WTA,Maria Vittoria Viviani,1431.44,117,2025-05-05
ATP,Leopold Zima,1390.23,117,2024-05-06
ATP,Cayetano March,1354.78,117,2022-10-17
WTA,Diana Maria Mihail,1221.29,117,2025-12-01
WTA,Linda Noskova,1922.4,116,2024-02-05
WTA,Dunja Maric,1746.9,116,2026-05-18
WTA,Maria Martinez Vaquero,1671.22,116,2026-06-01
ATP,Alexandros Skorilas,1585.43,116,2024-02-12
WTA,Chelsea Fontenel,1567.28,116,2026-05-04
ATP,Andrea Fiorentini,1531.24,116,2026-03-16
WTA,Victoria Muntean,1512.78,116,2025-08-25
WTA,Lola Marandel,1419.64,116,2024-05-13
ATP,Noah Lopez,1399.56,116,2024-07-22
WTA,Mary Stoiana,1911.18,115,2026-03-30
ATP,Max Basing,1811.22,115,2026-06-01
WTA,Alana Subasic,1706.62,115,2026-01-19
ATP,Julian Ocleppo,1659.81,115,2024-10-28
WTA,Tian Jialin,1634.72,115,2026-05-18
WTA,Luciana Moyano,1627.48,115,2026-05-25
ATP,Julio Cesar Porras,1619.32,115,2025-09-29
ATP,Emilien Voisin,1616.03,115,2024-03-04
WTA,Anna Ukolova,1544.18,115,2022-12-05
WTA,Belle Thompson,1524.31,115,2026-03-16
ATP,Ryan Dickerson,1522.89,115,2026-05-11
WTA,Elena Grekul,1480.7,115,2026-05-04
WTA,Holly Hutchinson,1479.1,115,2025-11-24
WTA,Mia Chudejova,1459.74,115,2026-05-18
WTA,Abigail Amos,1414.1,115,2024-06-10
WTA,Paula Ortega Redondo,1395.7,115,2025-05-19
WTA,Viola Turini,1719.19,114,2026-05-04
ATP,Savva Polukhin,1657.53,114,2024-09-02
ATP,Tuncay Duran,1640.36,114,2026-06-01
ATP,Martin Cuevas,1590.44,114,2023-01-09
WTA,Flavie Brugnone,1575.75,114,2024-01-22
WTA,Lucie Petruzelova,1571.19,114,2026-05-25
ATP,Stefano Dagostino,1562.4,114,2026-06-01
ATP,Isaiah Strode,1527.05,114,2025-06-02
WTA,Leticia Garcia Vidal,1474.65,114,2026-06-01
ATP,Pavel Nejedly,1468.39,114,2023-06-05
WTA,Weronika Baszak,1451.85,114,2024-08-19
ATP,Maxence Rivet,1444.05,114,2024-07-01
WTA,Ekaterina Kuznetsova,1439.76,114,2026-05-11
ATP,Colton Smith,1854.79,113,2026-06-01
WTA,Asia Muhammad,1716.32,113,2023-09-18
WTA,Maria Florencia Urrutia,1705.58,113,2026-05-18
WTA,Esther Adeshina,1688.55,113,2026-06-01
ATP,Robin Haase,1647.64,113,2025-08-12
ATP,Christopher Heyman,1576.81,113,2023-01-23
WTA,Iulia Andreea Ionescu,1517.14,113,2024-01-29
WTA,Francesca Delledera,1433.96,113,2026-05-25
ATP,Alejandro Hoyos Franco,1415.02,113,2023-06-19
WTA,Marina Bulbarella,1347.98,113,2026-03-16
ATP,Yuichiro Inui,1335.42,113,2025-09-08
ATP,Corentin Moutet,1938.66,112,2026-03-10
ATP,Albert Ramos,1795.6,112,2025-10-06
WTA,Basak Eraydin,1709.97,112,2024-03-04
ATP,Ernests Gulbis,1695.39,112,2023-01-16
ATP,Franco Emanuel Egea,1590.34,112,2024-04-15
ATP,Peter Buldorini,1506.96,112,2026-06-01
ATP,Lukas Krainer,1505.36,112,2022-09-05
ATP,Matthew Summers,1500.43,112,2026-01-12
WTA,Koharu Niimi,1492.15,112,2026-05-11
ATP,Alexander Zgirovsky,1478.1,112,2026-06-01
ATP,Maxim Mrva,1772.18,111,2026-06-01
WTA,Angelina Voloshchuk,1687.05,111,2026-04-13
WTA,Kanako Morisaki,1650.63,111,2025-06-09
ATP,Tadeas Paroulek,1647.89,111,2025-10-27
WTA,Tianmi Mi,1625.47,111,2025-06-30
WTA,Sara Mikaca,1596.02,111,2026-05-25
ATP,Lucio Ratti,1576.66,111,2026-06-01
ATP,Arvid Nordquist,1576.6,111,2025-03-17
ATP,Tatsuma Ito,1523.8,111,2024-05-06
ATP,Siddharth Vishwakarma,1521.45,111,2025-02-24
WTA,Helena Mohamed,1513.95,111,2024-02-19
WTA,Nina Rudiukova,1509.78,111,2025-09-01
WTA,Zixuan Zeng,1490.95,111,2025-09-01
ATP,Justin Roberts,1451.86,111,2026-04-06
ATP,Paul Woerner,1391.79,111,2025-08-18
WTA,Hanna Vinahradava,1369.69,111,2024-07-22
WTA,Natalia Fehr,1290.87,111,2025-11-24
WTA,Lin Zhu,1912.13,110,2026-01-19
WTA,Gyeong Seo Lee,1743.46,110,2026-05-04
WTA,Luca Udvardy,1735.77,110,2026-04-27
WTA,Aya El Aouni,1696.86,110,2025-12-15
WTA,Mia Horvit,1645.35,110,2026-01-26
WTA,Anita Sahdiieva,1540.88,110,2026-05-25
ATP,Xiaofei Wang,1526.27,110,2025-10-13
WTA,Judith Hernandez Miranda,1491.73,110,2026-04-27
WTA,Laetitia Pulchartova,1462.27,110,2026-05-18
WTA,Emma Tothova,1458.31,110,2024-07-15
ATP,Tomas Lipovsek Puches,1451.97,110,2023-04-17
WTA,Ines Faltinger,1439.06,110,2026-05-18
WTA,Jennifer Rosa Dourado,1360.96,110,2026-06-01
WTA,Chahd Berriri,1102.84,110,2024-01-01
ATP,Kyle Edmund,1762.84,109,2025-07-07
ATP,Daniel Milavsky,1692.05,109,2026-06-01
WTA,Kate Mansfield,1643.21,109,2025-12-08
ATP,Vasek Pospisil,1634.88,109,2025-07-14
WTA,Jana Otzipka,1620.86,109,2026-06-01
WTA,Marta Soriano Santiago,1618.11,109,2026-06-01
WTA,Yujin Kim,1615.04,109,2026-05-25
WTA,Giulia Gatto Monticone,1613.89,109,2023-04-17
WTA,Vittoria Modesti,1603.64,109,2024-03-04
ATP,Jeremy Jahn,1580.84,109,2023-03-27
WTA,Estelle Cascino,1547.77,109,2024-09-23
WTA,Haine Ogata,1507.76,109,2024-03-04
WTA,Olga Parres Azcoitia,1494.81,109,2025-12-01
ATP,Joshua Charlton,1491.21,109,2026-05-18
WTA,Jeline Vandromme,2019.59,108,2026-05-04
ATP,Tallon Griekspoor,1988.33,108,2026-05-12
ATP,Dominik Koepfer,1951.49,108,2025-02-10
WTA,Angella Okutoyi,1888.83,108,2026-05-18
ATP,Aslan Karatsev,1803.33,108,2025-08-04
WTA,Varvara Panshina,1766.35,108,2026-05-04
ATP,Juan Cruz Martin Manzano,1685.89,108,2026-05-18
ATP,Joaquin  Aguilar Cardozo,1670.32,108,2026-03-30
ATP,Thomas Faurel,1653.92,108,2026-05-11
ATP,Julian Lenz,1648.94,108,2022-02-21
WTA,Ela Nala Milic,1609.35,108,2026-03-16
ATP,Matyas Cerny,1597.1,108,2026-06-01
ATP,Isaac Becroft,1560.62,108,2026-01-12
WTA,Carolina Bohrer Martins,1501.21,108,2026-05-25
WTA,Benedetta Ortenzi,1497.18,108,2026-05-04
WTA,Elena Giessler,1435.98,108,2025-12-01
WTA,Aaddi Gupta,1410.14,108,2026-06-01
ATP,Seita Watanabe,1386.16,108,2026-03-02
WTA,Lourdes Ayala,1350.54,108,2026-05-25
ATP,Adil Kalyanpur,1348.4,108,2026-05-18
WTA,Yu Shan,1345.45,108,2026-05-11
WTA,Fiona Crawley,1914.46,107,2026-04-13
WTA,Renata Jamrichova,1829.68,107,2025-09-01
ATP,David Goffin,1805.34,107,2026-04-28
WTA,Valentina Ivanov,1745.84,107,2026-05-25
ATP,Samir Banerjee,1723.25,107,2025-11-10
ATP,Shunsuke Mitsui,1689.03,107,2026-03-23
ATP,Chase Ferguson,1653.2,107,2026-02-09
ATP,Hyeon Chung,1640.45,107,2026-04-20
WTA,Yingqun Sun,1632.33,107,2026-05-25
ATP,Rrezart Cungu,1612.2,107,2023-08-07
WTA,Jing Jing Lu,1599.91,107,2026-05-11
WTA,Mia Mack,1593.07,107,2025-03-10
WTA,Anna Klasen,1565.73,107,2026-03-30
WTA,Kristina Novak,1552.75,107,2026-05-18
ATP,Alvin Nicholas Tudorica,1547.85,107,2025-08-04
ATP,Younes Lalami Laaroussi,1496.0,107,2026-05-04
ATP,Mathieu Scaglia,1490.74,107,2023-04-17
WTA,Anna Ulyashchenko,1485.54,107,2024-06-03
ATP,Niccolo Ciavarella,1465.35,107,2026-05-25
ATP,Rafael Tosetto,1416.29,107,2026-05-04
WTA,Olga Golas,1401.37,107,2026-05-11
WTA,Tyra Caterina Grant,2003.99,106,2026-04-21
WTA,Camila Osorio,1991.76,106,2026-05-05
WTA,Vendula Valdmannova,1964.8,106,2026-06-01
WTA,Qinwen Zheng,1939.06,106,2023-01-09
WTA,Teodora Kostovic,1936.35,106,2026-04-21
WTA,Isis Louise Van Den Broek,1728.75,106,2026-05-18
WTA,Irina Balus,1722.58,106,2026-05-25
WTA,Carmen Andreea Herea,1701.18,106,2026-02-23
WTA,Chenting Zhu,1678.06,106,2026-05-04
WTA,Ellen Perez,1666.33,106,2026-02-01
WTA,Ruien Zhang,1655.82,106,2026-04-06
WTA,Ayumi Miyamoto,1626.83,106,2026-05-25
WTA,Vlada Mincheva,1614.82,106,2026-06-01
WTA,I Hsuan Cho,1557.13,106,2024-10-28
ATP,Denis Istomin,1502.26,106,2025-03-10
WTA,Elisa Andrea Camerano,1432.17,106,2025-06-02
WTA,Margherita Marcon,1372.83,106,2025-06-02
WTA,Nicol Benesova,1262.69,106,2025-09-29
WTA,Cristina Andreea Mitu,1743.45,105,2024-07-01
WTA,Antonia Vergara Rivera,1715.11,105,2026-05-18
WTA,Jada Robinson,1602.02,105,2026-05-11
WTA,Junhan Zhang,1589.77,105,2026-05-25
WTA,Maria Gutierrez Carrasco,1584.58,105,2022-03-21
WTA,Ustiniya Lekomtseva,1568.99,105,2026-05-11
ATP,Demetris Azoides,1536.39,105,2026-03-09
WTA,Brandy Walker,1519.18,105,2026-04-20
WTA,Maja Radenkovic,1492.89,105,2024-04-22
ATP,Evan Bynoe,1478.45,105,2025-10-06
WTA,Fanny Norin,1475.01,105,2026-04-06
ATP,Pedja Krstin,1473.04,105,2022-03-28
ATP,Alexander Klintcharov,1469.74,105,2025-11-17
ATP,Francesco Vilardo,1457.97,105,2022-01-03
WTA,Annika Kannan,1398.53,105,2024-04-08
WTA,Min Liu,1331.69,105,2026-03-23
ATP,Kelsey Stevenson,1295.41,105,2025-11-24
WTA,Maria Golovina,1769.2,104,2026-05-25
WTA,Hurricane Tyra Black,1718.01,104,2023-04-10
WTA,Sophia Biolay,1710.63,104,2026-02-16
ATP,Toufik Sahtali,1692.51,104,2026-05-25
WTA,Josy Daems,1688.69,104,2026-03-16
WTA,Lauryn John Baptiste,1634.33,104,2026-06-01
ATP,Matthias Bachinger,1626.45,104,2023-01-30
WTA,Stefani Webb,1596.75,104,2026-01-19
WTA,Federica Sacco,1589.42,104,2026-06-01
ATP,Filip Jeff Planinsek,1576.3,104,2025-10-06
ATP,Kristijan Juhas,1561.18,104,2026-06-01
ATP,Adhithya Ganesan,1552.54,104,2026-05-25
WTA,Astrid Wanja Brune Olsen,1548.3,104,2026-05-25
ATP,Brian Bozemoj,1489.25,104,2026-03-16
WTA,Nagomi Higashitani,1484.36,104,2025-10-27
ATP,Dominik Boehler,1472.96,104,2023-08-14
WTA,Yanni Liu,1441.58,104,2025-06-30
ATP,Andrea Bacaloni,1359.05,104,2023-10-16
WTA,Taylor Townsend,2028.26,103,2026-05-05
WTA,Ana Bogdan,1864.26,103,2025-06-30
WTA,Mingge Xu,1745.8,103,2026-06-01
ATP,Mees Rottgering,1731.68,103,2026-02-09
WTA,Tahlia Kokkinis,1714.29,103,2026-01-19
WTA,Rachel Gailis,1689.42,103,2026-06-01
WTA,Kylie Collins,1675.52,103,2026-06-01
WTA,Johanna Silva,1626.57,103,2026-03-30
WTA,Salma Djoubri,1569.78,103,2025-11-17
WTA,Marija Semenistaja,1561.52,103,2024-11-25
ATP,Roberto Marcora,1559.73,103,2023-01-16
ATP,Daniel Paty,1543.09,103,2024-07-29
WTA,Luana Plaza,1490.57,103,2025-11-24
ATP,Thantub Suksumrarn,1485.2,103,2026-01-05
ATP,Maxime Mora,1463.06,103,2023-07-17
ATP,Mohamed Nazim Makhlouf,1459.87,103,2021-10-04
ATP,Stefano Reitano,1409.46,103,2024-09-02
ATP,Corban Crowther,1347.29,103,2025-02-03
WTA,Anna Borovinskaya,1230.59,103,2024-11-04
WTA,Laura Samson,1907.03,102,2026-02-01
ATP,Jacob Fearnley,1868.42,102,2026-06-01
ATP,Richard Gasquet,1797.87,102,2025-02-17
ATP,Aidan Kim,1664.33,102,2026-06-01
ATP,Etienne Donnet,1659.63,102,2025-10-06
WTA,Noemi Maines,1655.03,102,2026-06-01
WTA,Helena Buchwald,1614.43,102,2025-07-28
WTA,Tina Cvetkovic,1611.15,102,2022-03-14
ATP,Shuichi Sekiguchi,1573.39,102,2023-07-24
ATP,Alexander Bernard,1558.1,102,2025-09-15
WTA,Aruzhan Sagandikova,1552.93,102,2025-01-06
WTA,Victoria Mikhaylova,1516.03,102,2024-06-03
WTA,Mei Hasegawa,1462.09,102,2025-05-12
ATP,Malek Jaziri,1454.16,102,2023-05-15
ATP,Michael Zheng,1920.47,101,2026-05-11
WTA,Cristiana Ferrando,1693.45,101,2023-04-17
WTA,Ariana Arseneault,1673.81,101,2026-06-01
WTA,Sabina Dadaciu,1666.29,101,2023-05-08
WTA,Kristina Paskauskas,1640.47,101,2025-12-01
WTA,Kurumi Nara,1638.34,101,2022-09-19
WTA,Mercedes Aristegui,1578.3,101,2025-09-22
WTA,Daria Shalamanova,1572.26,101,2023-04-03
ATP,Alessandro Bega,1543.49,101,2021-09-20
WTA,Laura Cilekova,1524.55,101,2025-07-28
ATP,Gian Marco Ortenzi,1521.71,101,2022-05-16
ATP,Kuzey Cekirge,1499.15,101,2024-09-02
WTA,Man Ying Maggie Ng,1468.37,101,2025-10-27
WTA,Lilly Elida Haseth,1431.15,101,2024-10-28
WTA,Luana Plaza Araujo,1416.63,101,2023-05-22
ATP,Lorenzo Lorusso,1410.22,101,2025-07-07
ATP,Sean Hess,1340.89,101,2025-03-03
ATP,Yibing Wu,1988.95,100,2026-04-28
ATP,Jack Draper,1963.6,100,2023-08-14
ATP,Ilya Ivashka,1740.0,100,2026-05-18
ATP,Bjorn Fratangelo,1711.01,100,2023-08-07
WTA,Lan Mi,1684.55,100,2026-05-18
ATP,Zhe Li,1646.88,100,2025-05-05
ATP,James Story,1621.86,100,2026-03-09
ATP,Uladzimir Ignatik,1609.2,100,2022-01-03
ATP,Karol Filar,1575.69,100,2026-04-27
WTA,Vlada Koval,1552.29,100,2022-05-16
ATP,Artur Kukasian,1516.66,100,2026-01-05
ATP,Mariano Tammaro,1511.18,100,2026-03-23
ATP,Kaylan Bigun,1510.43,100,2026-04-20
ATP,Jeffrey Von Der Schulenburg,1506.27,100,2026-02-23
WTA,Linda Salvi,1498.21,100,2025-03-03
WTA,Sandugash Kenzhibayeva,1479.28,100,2026-05-11
WTA,Bianca Behulova,1471.26,100,2023-05-15
ATP,Ali Habib,1453.05,100,2025-02-10
ATP,Osgar Ohoisin,1451.01,100,2024-07-15
WTA,Isabelle Cherny,1439.35,100,2026-06-01
WTA,Iva Ivanova,1720.12,99,2026-04-20
WTA,Veronica Miroshnichenko,1710.93,99,2026-05-25
WTA,Sofia Nami Samavati,1705.72,99,2025-10-20
WTA,Sabine Rutlauka,1687.7,99,2026-05-18
WTA,Tereza Mrdeza,1644.77,99,2026-01-19
WTA,Lara Smejkal,1527.11,99,2025-12-01
WTA,Andjela Lazarevic,1520.17,99,2025-09-08
WTA,Ulrikke Eikeri,1510.87,99,2026-01-12
ATP,Karim Ibrahim,1489.08,99,2026-05-18
ATP,Dinko Dinev,1479.23,99,2026-05-04
ATP,Mateo Del Pino,1420.28,99,2026-02-23
ATP,Ignacio Antonio Becerra Otarola,1414.09,99,2026-03-09
WTA,Wozuko Mdlulwa,1410.13,99,2026-04-13
WTA,Amanda Carolina Nava Elkin,1330.08,99,2026-03-02
WTA,Lauren Davis,1744.17,98,2025-08-25
ATP,Thomas Fabbiano,1682.7,98,2022-02-28
ATP,Pedro Rodenas,1655.1,98,2025-11-17
ATP,Andrey Kuznetsov,1652.32,98,2024-03-11
WTA,Danielle Lao,1652.0,98,2023-01-30
ATP,Antoine Cornut Chauvinc,1649.0,98,2025-05-05
WTA,Ruirui Zou,1596.52,98,2026-05-04
ATP,Nicolas Jadoun,1590.03,98,2025-04-21
WTA,Irem Kurt,1583.54,98,2026-03-10
ATP,Pawit Sornlaksup,1576.48,98,2026-04-13
WTA,Lexington Reed,1571.76,98,2025-12-01
WTA,Jamilah Snells,1543.01,98,2026-05-18
WTA,Elena Karner,1532.37,98,2024-12-16
ATP,Matt Hulme,1528.22,98,2026-02-09
ATP,Thomas Braithwaite,1508.28,98,2025-07-28
WTA,Liel Marlies Rothensteiner,1492.67,98,2026-05-18
ATP,Nathan Seateun,1457.22,98,2024-01-22
WTA,Britney Chiu,1452.71,98,2024-09-16
WTA,Ilaria Sposetti,1424.55,98,2024-07-08
ATP,Ivan Liutarevich,1408.61,98,2025-11-17
WTA,Lilli Tagger,1988.29,97,2026-05-05
WTA,Alicia Dudeney,1945.48,97,2026-05-18
WTA,Riko Sawayanagi,1646.15,97,2023-01-02
WTA,Jana Stojanova,1590.74,97,2024-11-04
ATP,Cengiz Aksu,1556.17,97,2024-09-02
WTA,Zdena Safarova,1541.89,97,2026-06-01
WTA,Zhuoma Ni Ma,1531.28,97,2025-09-01
ATP,Filippo Speziali,1521.94,97,2025-07-21
WTA,Sara Milanese,1517.43,97,2026-05-18
ATP,Luca Fantini,1466.56,97,2024-06-10
ATP,Chirag Duhan,1459.77,97,2025-02-10
ATP,Roy Smith,1443.14,97,2023-01-30
WTA,Anna Lena Ebster,1417.13,97,2026-05-11
WTA,Arina Solomatina,1389.96,97,2024-03-04
WTA,Mija Ljubic,1146.46,97,2024-12-16
WTA,Bernarda Pera,1894.25,96,2026-01-19
WTA,Rada Zolotareva,1858.77,96,2026-04-27
WTA,Britt Du Pree,1825.03,96,2026-05-18
WTA,Matilde Paoletti,1768.74,96,2026-05-18
WTA,Vittoria Paganetti,1717.5,96,2026-05-25
ATP,Filippo Moroni,1679.53,96,2025-11-17
ATP,Abel Forger,1632.63,96,2025-07-14
WTA,Anastasiia Firman,1628.11,96,2026-05-11
ATP,Adrian Menendez Maceiras,1600.65,96,2023-07-17
ATP,Rimpei Kawakami,1573.11,96,2023-03-19
ATP,Jakub Filip,1546.27,96,2025-06-02
ATP,Teymuraz Gabashvili,1530.37,96,2021-09-20
WTA,Johana Markova,1525.29,96,2022-10-10
ATP,Collin Altamirano,1483.99,96,2024-10-14
WTA,Maya Drozd,1463.62,96,2025-10-27
WTA,Selya Rakki,1420.36,96,2025-12-29
ATP,Ezequiel Monferrer,1413.23,96,2026-04-13
WTA,Anastasija Radojevic,1376.25,96,2024-12-02
WTA,Rebecca Peterson,1787.41,95,2026-05-11
ATP,Mika Petkovic,1724.01,95,2026-06-01
ATP,Igor Kudriashov,1666.27,95,2026-05-04
WTA,Kristina Kucova,1650.92,95,2023-04-24
ATP,Theo Papamalamis,1601.95,95,2026-05-25
ATP,Ignacio Parisca,1586.6,95,2025-10-06
ATP,Bruno Fernandez,1577.55,95,2026-05-11
WTA,Yi Tsen Cho,1574.82,95,2024-10-28
WTA,Na Dong,1559.78,95,2024-04-15
WTA,Chiara Catini,1550.94,95,2023-03-13
WTA,Pia Praefke,1542.29,95,2025-11-03
WTA,Salma Ewing,1541.58,95,2026-05-25
WTA,Mika Dagan Fruchtman,1520.95,95,2023-05-29
ATP,Ewen Lumsden,1512.66,95,2025-02-17
ATP,Matteo Viola,1494.08,95,2022-02-21
ATP,Benjamin Thomas George,1479.38,95,2026-03-23
ATP,Pol Toledo Bague,1471.13,95,2022-02-28
ATP,Bogdan Ionut Apostol,1460.21,95,2022-03-21
WTA,Alana Tuayeva,1458.92,95,2025-07-07
ATP,Aliaksandr Liaonenka,1454.08,95,2023-07-24
WTA,Natalia Sousa Salazar,1430.31,95,2026-05-25
ATP,Sarp Agabigun,1421.69,95,2024-09-02
ATP,Pablo Trochu,1421.63,95,2025-09-08
WTA,Sofiia Nagornaia,1411.9,95,2026-04-20
ATP,Noah Perfetti,1403.41,95,2026-05-25
ATP,Nicolas Buitrago,1311.59,95,2025-11-24
WTA,Lesia Tsurenko,1983.37,94,2024-10-07
ATP,Yoshihito Nishioka,1854.2,94,2026-01-05
WTA,Edda Mamedova,1726.82,94,2026-05-25
WTA,Eleejah Inisan,1664.13,94,2026-04-27
WTA,Anna Snigireva,1651.18,94,2026-05-11
ATP,Darian King,1642.65,94,2025-10-06
WTA,Victoria Osuigwe,1583.53,94,2026-05-25
WTA,Lya Fernandez,1580.37,94,2026-05-18
ATP,Alejandro Turriziani Alvarez,1576.42,94,2025-09-01
WTA,Tilde Stromquist,1551.11,94,2025-03-17
ATP,Yannik Kelm,1543.45,94,2026-04-27
ATP,Lorenzo Claverie,1526.74,94,2024-09-16
ATP,Cristian Rodriguez,1526.34,94,2026-04-06
ATP,Jan Kupcic,1496.62,94,2026-06-01
WTA,Laquisa Khan,1465.95,94,2026-01-12
WTA,Claudia Sofia Martinez Solis,1430.41,94,2026-03-09
ATP,Dax Donders,1429.06,94,2025-07-14
ATP,Federico Zeballos,1402.61,94,2026-03-30
WTA,Emily Webley Smith,1377.52,94,2026-02-01
WTA,Alisa Yakimakho,1240.91,94,2025-10-27
WTA,Lucciana Perez Alarcon,1876.99,93,2025-12-08
ATP,Alexei Popyrin,1830.21,93,2026-01-27
WTA,Maryna Zanevska,1771.05,93,2023-02-20
WTA,Luksika Kumkhum,1768.77,93,2024-04-22
ATP,Felix Balshaw,1766.62,93,2026-04-28
WTA,Dasha Plekhanova,1740.77,93,2026-06-01
WTA,Lucia Peyre,1707.4,93,2026-01-12
WTA,Loes Ebeling Koning,1634.41,93,2026-05-18
ATP,Matija Pecotic,1616.1,93,2024-06-03
WTA,Nikola Breckova,1592.19,93,2025-10-27
WTA,Cherry Kim,1585.69,93,2026-05-25
ATP,Trey Hilderbrand,1577.98,93,2026-04-27
WTA,Alian Zack,1559.76,93,2024-09-16
WTA,Jizel Matos Sequeira Fernandes,1551.26,93,2025-12-22
ATP,Luca Staeheli,1539.59,93,2026-04-27
ATP,Ryan Fishback,1520.93,93,2026-02-16
WTA,Noa Liauw A Fong,1516.63,93,2024-07-01
ATP,Bastian Malla,1499.46,93,2026-03-09
ATP,Karim Mohamed Maamoun,1457.76,93,2025-06-16
WTA,Ida Johansson,1454.57,93,2026-05-04
WTA,Melissa Boyden,1444.37,93,2026-06-01
WTA,Vivien Sandberg,1370.87,93,2026-03-16
ATP,Matas Vasiliauskas,1295.52,93,2025-08-11
WTA,Ximena Senties,1256.82,93,2026-03-02
ATP,Brandon Perez,1233.6,93,2026-05-04
WTA,Nina Stojanovic,1954.11,92,2025-07-21
ATP,Soon Woo Kwon,1911.64,92,2026-05-04
WTA,Kristina Kroitor,1848.08,92,2026-05-25
WTA,Mayu Crossley,1781.81,92,2026-06-01
ATP,Braden Shick,1709.53,92,2026-06-01
WTA,Eva Maria Ionescu,1683.63,92,2026-04-20
WTA,Anastasia Bertacchi,1670.34,92,2026-05-25
WTA,Martina Marusinova,1626.35,92,2024-03-18
WTA,Akvile Parazinskaite,1616.5,92,2022-05-23
ATP,James Watt,1611.78,92,2026-06-01
WTA,Uladzislava Zverava,1604.23,92,2025-10-06
ATP,Pietro Orlando Fellin,1596.62,92,2026-05-11
ATP,Brayden Schnur,1568.31,92,2023-09-18
WTA,Anna Danilina,1566.33,92,2025-08-17
WTA,Margot Yerolymos,1543.83,92,2022-04-04
WTA,Stefania Rubini,1521.34,92,2023-01-16
WTA,Phillippa Preugschat,1481.12,92,2026-03-23
ATP,Francesco Ferrari,1464.31,92,2025-05-05
WTA,Evelyne Christelle Atticia Tiron,1461.69,92,2025-07-21
WTA,Teja Tirunelveli,1411.77,92,2025-07-07
WTA,Pooja Ingale,1409.7,92,2026-05-04
ATP,Marton Fucsovics,1937.3,91,2025-04-27
ATP,Ognjen Milic,1799.31,91,2026-05-18
ATP,Miguel Tobon,1697.56,91,2026-06-01
WTA,Lucie Pawlak,1631.71,91,2025-11-24
ATP,Tobias Kamke,1613.88,91,2022-02-28
ATP,Khololwam Montsi,1598.88,91,2026-06-01
WTA,Paula Cembranos,1594.5,91,2026-05-18
ATP,Ozan Baris,1553.92,91,2025-11-10
WTA,Marente Sijbesma,1549.71,91,2026-04-27
ATP,Elgin Khoeblal,1538.97,91,2022-07-11
WTA,Nikola Daubnerova,1513.51,91,2026-05-25
ATP,Iannis Miletich,1507.23,91,2025-09-16
WTA,Claudia Gasparovic,1494.01,91,2026-05-18
WTA,Laura Radakovic,1486.6,91,2026-06-01
ATP,Aoran Wang,1469.21,91,2026-05-04
WTA,Marianna Zakarlyuk,1463.95,91,2024-08-05
WTA,Barbora Michalkova,1463.7,91,2026-05-25
WTA,Michelle Dzjachangirova,1462.44,91,2025-06-02
WTA,Sowjanya Bavisetti,1431.02,91,2024-02-26
ATP,Calum Puttergill,1428.22,91,2024-10-07
WTA,Sravya Shivani Chilakalapudi,1427.8,91,2026-01-05
ATP,Abhinav Sanjeev Shanmugam,1374.18,91,2026-05-18
ATP,Pavlos Tsitsipas,1369.8,91,2026-05-04
WTA,Elizabeth Jurna,1322.98,91,2026-05-18
WTA,Laura Siegemund,1933.02,90,2026-01-12
ATP,Daniel Vallejo,1822.43,90,2025-09-15
WTA,Noemi Basiletti,1781.31,90,2026-05-05
ATP,Pedro Sousa,1734.37,90,2023-04-17
WTA,Maria Aran Teixido Garcia,1717.43,90,2026-05-18
WTA,Anamaria Federica Oana,1677.66,90,2026-06-01
WTA,Valeria Bhunu,1671.87,90,2025-12-01
WTA,Eri Hozumi,1648.57,90,2025-08-07
ATP,Raphael Perot,1636.87,90,2026-06-01
ATP,Cooper Williams,1635.99,90,2025-11-03
WTA,Yujia Huang,1625.12,90,2026-04-27
WTA,Esther Lopez Alcaraz,1575.39,90,2026-05-25
ATP,Petros Chrysochos,1573.12,90,2021-08-16
ATP,Michel Hopp,1562.08,90,2026-06-01
ATP,Arnaud Bovy,1535.23,90,2022-04-25
WTA,Nadiya Kolb,1534.11,90,2025-10-27
ATP,Donald Young,1528.56,90,2023-08-07
WTA,Karolina Mrazikova,1526.64,90,2026-06-01
ATP,Daniel Bagnolini,1473.59,90,2026-05-25
ATP,Stefan Vujic,1461.16,90,2026-06-01
WTA,Maria Victoria Marchesini,1454.91,90,2025-11-03
ATP,Sam Ryan Ziegann,1454.32,90,2025-01-27
ATP,Keshav Chopra,1451.56,90,2026-06-01
ATP,Maxim Shin,1445.33,90,2026-04-27
WTA,Darya Velikova,1416.25,90,2026-06-01
WTA,Jelena Cvijanovic,1371.97,90,2025-10-06
WTA,Doroteja Petrovic,1316.44,90,2025-09-08
ATP,Patrick Schoen,1793.1,89,2024-08-12
WTA,Alexis Blokhina,1780.49,89,2025-11-17
ATP,Steve Johnson,1768.95,89,2024-03-04
WTA,Anne Schaefer,1740.25,89,2025-10-20
ATP,Micah Braswell,1727.79,89,2026-02-02
WTA,Maria Sholokhova,1703.63,89,2026-06-01
ATP,Arda Azkara,1639.03,89,2026-06-01
ATP,Joao Menezes,1617.51,89,2022-06-27
ATP,David Perez Sanz,1604.09,89,2023-04-16
WTA,Chelsea Vanhoutte,1598.19,89,2023-03-27
WTA,Stefanie Voegele,1584.85,89,2025-06-30
WTA,Valerija Kargina,1539.04,89,2024-12-02
WTA,Vanessa Ersoz,1517.55,89,2023-03-06
WTA,Clarissa Blomqvist,1512.61,89,2026-06-01
WTA,Romana Cisovska,1511.48,89,2025-11-10
WTA,Tea Nikcevic,1507.64,89,2026-06-01
WTA,Carolin Raschdorf,1499.33,89,2026-05-25
WTA,Yiming Dang,1497.69,89,2026-05-04
WTA,Alessia Popescu,1491.63,89,2026-01-05
WTA,Shuqian Xu,1484.37,89,2024-01-29
ATP,Arjun Kadhe,1482.73,89,2026-05-25
WTA,Mary Lewis,1479.95,89,2026-02-16
ATP,Diogo Marques,1442.28,89,2025-07-28
WTA,Georgina Hays,1441.46,89,2025-07-21
WTA,Sharmada Balu,1415.74,89,2024-02-26
WTA,Nicole Poj,1352.14,89,2025-09-01
WTA,Maria Garcia Cid,1779.6,88,2026-06-01
ATP,Fernando Verdasco,1663.16,88,2023-06-19
WTA,Shuo Feng,1627.29,88,2025-09-01
ATP,Lorenzo Gagliardo,1587.24,88,2023-04-24
WTA,Sarah Rokusek,1584.88,88,2026-01-12
ATP,John Hallquist Lithen,1583.4,88,2023-06-12
ATP,Tobias Simon,1566.24,88,2022-02-28
WTA,Noel Saidenova,1562.55,88,2023-01-23
WTA,Adriana Rajkovic,1561.37,88,2023-03-06
WTA,Vanda Lukacs,1545.4,88,2023-04-17
ATP,Daniele Rapagnetta,1543.42,88,2026-05-25
WTA,Lavinia Luciano,1542.1,88,2026-05-25
WTA,Maribella Zamarripa,1522.83,88,2025-11-10
ATP,Simon Carr,1522.1,88,2023-02-27
WTA,Victoria Gomez,1518.2,88,2024-04-29
ATP,Guy Den Heijer,1443.62,88,2024-04-01
ATP,Fernando Yamacita,1441.43,88,2024-01-29
WTA,Dariia Monakhova,1426.45,88,2024-03-11
WTA,Alina Michalitsch,1323.53,88,2024-11-04
ATP,Fabio Fognini,1788.69,87,2025-06-16
ATP,Tiago Torres,1758.7,87,2026-05-11
WTA,Misaki Doi,1718.02,87,2023-09-25
ATP,Tai Leonard Sach,1662.07,87,2026-06-01
WTA,Ellie Douglas,1659.4,87,2024-01-01
ATP,Maciej Rajski,1587.68,87,2021-09-13
ATP,Adam Moundir,1580.82,87,2020-03-09
WTA,Zhanel Rustemova,1547.88,87,2024-11-04
ATP,Fernando Cavallo,1536.99,87,2026-05-11
WTA,Junri Namigata,1527.73,87,2026-05-11
ATP,Marc Majdandzic,1521.46,87,2023-07-10
ATP,Adan Freire Da Silva,1489.68,87,2026-05-25
WTA,Helene Pellicano,1473.94,87,2025-03-24
WTA,Luisa Hrda,1466.55,87,2026-05-18
WTA,Viktoria Veleva,1460.16,87,2026-05-04
ATP,Qian Sun,1458.16,87,2026-05-04
ATP,Lukas Palovic,1421.78,87,2023-06-12
ATP,Federico Campana,1410.88,87,2025-05-13
ATP,Siddhant Banthia,1386.8,87,2026-05-25
WTA,Greta Medeghini,1377.35,87,2024-04-22
ATP,Sheng Tang,1376.9,87,2025-05-05
ATP,Leyton Rivera,1369.58,87,2026-05-25
ATP,Toby D Boyer,1313.84,87,2021-09-20
WTA,Katya Ramirez,1235.64,87,2026-03-23
WTA,Vera Zvonareva,1893.45,86,2026-05-18
WTA,Daria Frayman,1785.91,86,2025-03-17
ATP,Max Schoenhaus,1768.66,86,2026-06-01
WTA,Jiayi Wang,1745.12,86,2026-06-01
WTA,Allura Zamarripa,1673.78,86,2026-05-04
ATP,Kenta Miyoshi,1673.66,86,2025-11-10
ATP,Nicolae Frunza,1669.33,86,2022-07-11
ATP,Carlos Maria Zarate,1618.95,86,2026-05-11
WTA,Joanna Zawadzka,1615.9,86,2024-08-19
WTA,Sandy Marti,1602.78,86,2024-08-19
WTA,Gaeul Jang,1601.03,86,2026-05-18
ATP,Tianhui Zhang,1591.9,86,2026-05-04
ATP,Luca Tomasetto,1571.08,86,2024-01-08
WTA,Claudia Ferrer Perez,1545.91,86,2026-05-04
ATP,Marcus Walters,1525.33,86,2026-01-12
WTA,Mariana Drazic,1510.57,86,2024-04-15
WTA,Rhiann Newborn,1492.48,86,2025-08-11
ATP,Yunseok Jang,1480.49,86,2024-04-15
ATP,Alexis Musialek,1472.71,86,2022-04-04
WTA,Victoria Borodulina,1471.69,86,2026-06-01
WTA,Lilian Poling,1467.12,86,2026-05-11
WTA,Mariam Atia,1441.83,86,2026-05-11
WTA,Carolann Delaunay,1430.79,86,2026-05-11
WTA,Paola Lopez,1422.04,86,2026-05-18
ATP,Emil Ruusuvuori,1749.51,85,2025-11-17
WTA,Nada Fouad,1655.35,85,2026-05-18
WTA,Ana Paula Neffa De Los Rios,1589.06,85,2024-04-08
WTA,Candela Vazquez,1587.29,85,2026-01-19
ATP,Guy Orly Iradukunda,1565.53,85,2026-03-09
WTA,Eleanor Baglow,1546.11,85,2023-05-08
ATP,Ruben Bemelmans,1538.74,85,2022-02-14
WTA,Maria Lota Kaul,1515.74,85,2022-08-08
WTA,Kseniya Yersh,1515.49,85,2026-05-18
WTA,Noa Krznaric,1495.7,85,2024-04-22
ATP,Rodrigo Alujas,1475.12,85,2026-04-06
ATP,Finn Bass,1451.98,85,2026-03-23
WTA,Liisa Varul,1451.22,85,2025-05-26
WTA,Nina Ugrelidze,1419.92,85,2024-05-20
ATP,Brandon Walkin,1391.19,85,2026-02-09
WTA,Laalitya Kalluri,1321.33,85,2025-12-29
ATP,Jan Lennard Struff,1849.78,84,2026-05-12
WTA,Daria Egorova,1847.89,84,2026-04-27
WTA,Margaux Maquet,1733.76,84,2026-05-25
WTA,Julia Terziyska,1722.7,84,2024-09-16
ATP,Martin Van Der Meerschen,1642.99,84,2026-05-18
WTA,Talia Neilson Gatenby,1636.14,84,2024-02-26
WTA,Alisa Baranovska,1625.8,84,2025-05-05
ATP,Omar Giacalone,1590.5,84,2022-03-07
ATP,Vito Tonejc,1526.2,84,2026-05-11
ATP,Benjamin Torrealba,1522.53,84,2026-04-13
WTA,Jiayu Xu,1507.99,84,2026-05-18
WTA,Danique Havermans,1489.89,84,2026-05-04
ATP,Jc Aragone,1487.24,84,2022-04-18
ATP,Filip Bergevi,1483.93,84,2023-04-16
ATP,Kai Lemstra,1473.2,84,2022-02-28
ATP,Samuel Heredia,1465.85,84,2026-05-11
WTA,Esther Vyrlan,1461.66,84,2024-10-21
WTA,Riko Kikawada,1432.02,84,2026-05-25
WTA,Naroa Aranzabal,1419.07,84,2024-12-09
WTA,Kolie Allen,1378.29,84,2026-04-27
ATP,Tomas Lanik,1367.71,84,2026-05-25
WTA,Natalia Orlova,1363.63,84,2025-06-09
WTA,Sara Sorribes Tormo,1915.48,83,2026-04-21
WTA,Elizara Yaneva,1874.24,83,2026-04-20
WTA,Monika Kilnarova,1737.88,83,2022-01-17
WTA,Aysegul Mert,1717.12,83,2026-06-01
ATP,Cesar Bouchelaghem,1630.1,83,2026-04-27
ATP,Jeremy Beale,1605.27,83,2022-10-24
WTA,Anastasiya Apalikhina,1580.97,83,2023-04-24
WTA,Melanie Klaffner,1530.38,83,2024-03-25
WTA,Maria Titova,1528.36,83,2025-09-01
ATP,Ioan Alexandru Chirita,1515.06,83,2025-06-30
WTA,Anna Semenova,1485.59,83,2024-02-19
ATP,Yannick Mertens,1484.89,83,2023-01-16
WTA,Louise Brunskog,1476.03,83,2024-05-06
ATP,Lewie Lane,1460.5,83,2024-09-09
WTA,Ranim Rassil,1427.42,83,2025-07-28
WTA,Samantha Imbo Nloga,1330.06,83,2026-03-02
ATP,Issei Okamura,1309.73,83,2023-01-30
WTA,Iva Jovic,1993.72,82,2025-10-06
WTA,Valentina Steiner,1754.88,82,2026-05-17
ATP,Carl Emil Overbeck,1717.17,82,2026-05-18
WTA,Ani Amiraghyan,1672.35,82,2026-03-03
WTA,Anastasiia Grechkina,1665.17,82,2025-06-30
ATP,Patrik Rikl,1640.14,82,2024-06-03
WTA,Rebeka Stolmar,1608.21,82,2023-07-17
WTA,Bibiane Schoofs,1526.07,82,2024-06-10
WTA,Giulia Paterno,1503.92,82,2026-03-09
ATP,Daniel Salazar Martinez,1491.31,82,2026-04-13
ATP,Marco Brugnerotto,1484.95,82,2022-03-07
ATP,Yaojie Zeng,1467.96,82,2026-05-04
ATP,Maxime Hamou,1466.8,82,2021-12-13
WTA,Sarafina Hansen,1459.44,82,2026-05-18
WTA,Tara Malik,1398.03,82,2025-03-24
ATP,Matthew Christopher Romios,1391.36,82,2024-09-09
ATP,Ivan Denisov,1386.15,82,2025-07-21
ATP,Fabio Coelho,1332.28,82,2023-07-31
WTA,Divine Dasam Nweke,1312.72,82,2024-07-01
WTA,Alessandra Crump,1260.39,82,2024-11-18
WTA,Shuai Zhang,1958.22,81,2026-05-17
ATP,Jordan Thompson,1939.14,81,2026-01-05
WTA,Wakana Sonobe,1811.82,81,2025-03-18
WTA,Zarina Diyas,1771.04,81,2025-10-27
WTA,Alize Lim,1649.4,81,2026-03-16
ATP,Nicolas Barrientos,1639.96,81,2026-04-28
WTA,Amelia Waligora,1594.76,81,2024-01-22
ATP,Lukas Lacko,1516.76,81,2022-02-21
WTA,Nino Natsvlishvili,1472.7,81,2023-03-27
WTA,Delia Gaillard,1438.29,81,2026-06-01
WTA,Valentina Gaggini,1429.76,81,2022-05-02
WTA,Kanako Osafune,1423.17,81,2026-05-04
WTA,Sonia Cassani,1410.54,81,2026-05-11
ATP,Patrik Niklas Salminen,1399.91,81,2026-05-25
ATP,Jan Hrazdil,1398.62,81,2025-08-11
ATP,Alexis Canter,1344.92,81,2025-07-07
ATP,Pietro Pampanin,1328.79,81,2025-08-04
ATP,Lorenzo Musetti,1918.94,80,2024-05-13
WTA,Alyssa Ahn,1691.16,80,2025-07-21
ATP,Petr Nouza,1660.89,80,2024-04-29
ATP,Reda Bennani,1642.46,80,2026-05-18
WTA,Emma Davis,1641.96,80,2022-05-02
ATP,Artem Dubrivnyy,1631.19,80,2024-09-16
WTA,Dorka Drahota Szabo,1583.89,80,2023-06-05
WTA,Alexia Iulia Marginean,1579.87,80,2025-07-28
WTA,Anhzelika Isaeva,1579.35,80,2023-08-21
ATP,Juan Ignacio Galarza,1579.07,80,2023-04-24
ATP,Lorenzo Angelini,1554.03,80,2026-05-25
WTA,Katja Markus,1487.1,80,2025-07-07
ATP,Nicolas Villalon Valdes,1466.63,80,2026-06-01
ATP,Nikita Ianin,1464.07,80,2026-06-01
WTA,Lucie Wargnier,1418.83,80,2023-01-23
WTA,Giulia Alessia Monteleone,1241.84,80,2026-05-25
ATP,Rafael Jodar,2033.62,79,2026-01-05
ATP,Pablo Carreno Busta,2007.74,79,2026-05-12
ATP,Joao Fonseca,1986.4,79,2025-04-27
ATP,Laslo Djere,1939.31,79,2026-05-25
WTA,Darya Shauha,1653.27,79,2023-07-10
WTA,Anna Petkovic,1618.83,79,2026-02-23
ATP,Konstantin Kravchuk,1617.32,79,2021-03-08
WTA,Anna Zyryanova,1578.15,79,2025-06-02
ATP,Alejandro Gonzalez,1577.06,79,2022-03-28
ATP,Rafael Izquierdo Luque,1573.45,79,2026-05-25
WTA,Louna Zoppas,1573.43,79,2026-04-13
WTA,Zijun Jiang,1562.09,79,2026-05-11
WTA,Ioana Teodora Sava,1552.12,79,2026-06-01
WTA,Caroline Brack,1485.09,79,2024-02-05
WTA,Fatma Idrizovic,1479.57,79,2024-09-16
WTA,Sonal Patil,1476.99,79,2026-02-02
WTA,Le Yi Liu,1467.27,79,2026-01-05
ATP,Nicolas Ifi,1439.21,79,2026-03-09
ATP,Jeremy Schifris,1432.72,79,2026-06-01
ATP,Philip Florig,1398.52,79,2023-06-19
WTA,Bela Tamhankar,1324.44,79,2026-05-04
WTA,Mia Popovic,1292.81,79,2024-04-01
WTA,Ksenia Meshcheryakova,1219.47,79,2026-05-04
WTA,Reese Brantmeier,1761.34,78,2026-03-17
WTA,Karolina Kozakova,1714.85,78,2024-02-19
WTA,Masha Lazarenko,1671.28,78,2026-05-25
WTA,Duru Soke,1633.28,78,2026-05-25
WTA,Georgia Gulin,1622.19,78,2024-05-06
WTA,Natalia Vikhlyantseva,1613.39,78,2022-07-25
ATP,Daniel Rodrigues,1593.54,78,2023-07-31
WTA,Kamonwan Yodpetch,1587.34,78,2026-05-04
ATP,Lorenzo Sciahbasi,1581.68,78,2026-01-05
ATP,Alan Magadan,1556.1,78,2026-04-20
ATP,Jeremy Gschwendtner,1515.08,78,2026-05-25
ATP,Carles Hernandez,1489.53,78,2025-09-29
WTA,Luciana Blatter,1483.18,78,2026-03-23
ATP,Ali Yazdani,1462.09,78,2026-06-01
ATP,Nikola Basic,1440.91,78,2023-03-20
ATP,Jacopo Bilardo,1430.79,78,2026-05-04
ATP,Menelaos Efstathiou,1430.15,78,2025-11-24
WTA,Indy De Vroome,1423.91,78,2024-02-19
WTA,Aurora Urso,1395.07,78,2026-05-25
WTA,Brittany Collens,1376.85,78,2023-05-08
WTA,Asli Ozcan,1350.12,78,2025-11-03
WTA,Florencia Belen Moron,1345.42,78,2026-01-19
ATP,Charlie Camus,1341.91,78,2024-12-30
WTA,Victoria Lazarova,1272.0,78,2025-12-01
WTA,Beatrice Laura Pirtac,1162.91,78,2024-09-02
WTA,Anna Kalinskaya,1850.9,77,2025-06-16
ATP,Jack Sock,1789.67,77,2023-01-30
ATP,Juan Ignacio Londero,1667.14,77,2024-11-25
ATP,Jack Anthrop,1641.83,77,2025-09-15
ATP,Filip Pieczonka,1611.5,77,2026-03-16
WTA,Asylzhan Arystanbekova,1599.77,77,2026-05-25
ATP,Palaphoom Kovapitukted,1586.89,77,2023-01-09
ATP,Naoya Honda,1561.46,77,2026-06-01
WTA,Savanna Ly Nguyen,1550.69,77,2024-01-15
WTA,Camilla Bossi,1541.49,77,2025-05-12
WTA,Olivia Bergler,1523.54,77,2025-06-30
ATP,Bogdan Pavel,1503.47,77,2025-07-28
ATP,Leonardo Malgaroli,1464.26,77,2025-11-17
WTA,Lina Soussi,1292.35,77,2025-12-01
ATP,Federico Delbonis,1781.04,76,2023-06-19
WTA,Shilin Xu,1773.54,76,2026-02-16
WTA,Maegan Manasse,1763.09,76,2024-02-05
ATP,Trevor Svajda,1754.95,76,2026-06-01
WTA,Hannah Klugman,1735.82,76,2026-06-01
ATP,Peter Makk,1691.99,76,2026-05-25
ATP,Izan Almazan Valiente,1673.11,76,2026-03-30
WTA,Ema Burgic,1633.91,76,2026-05-04
ATP,Jakob Schnaitter,1594.21,76,2024-04-08
WTA,Patricia Georgiana Goina,1539.45,76,2026-05-25
WTA,Panna Bartha,1537.73,76,2026-05-25
WTA,Anet Angelika Koskel,1490.44,76,2025-08-04
WTA,Sophie Luescher,1488.43,76,2026-04-27
WTA,Aubane Droguet,1481.81,76,2025-09-22
ATP,Jonas Trinker,1466.06,76,2023-07-10
WTA,Ke Ren,1441.35,76,2026-05-18
ATP,Matteo Covato,1333.13,76,2026-05-04
WTA,Marika Jones,1316.08,76,2025-11-03
WTA,Irina Camelia Begu,1962.81,75,2026-05-05
WTA,Daria Saville,1854.62,75,2025-08-25
WTA,Vera Lapko,1763.84,75,2023-03-06
WTA,Guillermina Naya,1731.78,75,2023-08-21
ATP,Gabriel Ghetu,1714.13,75,2026-03-30
WTA,Martina Caregaro,1682.77,75,2023-05-15
WTA,Sofia Elena Cabezas Dominguez,1666.38,75,2026-02-16
ATP,Mario Vilella Martinez,1665.21,75,2022-03-28
WTA,Shalimar Talbi,1652.44,75,2022-01-24
WTA,Miharu Imanishi,1634.35,75,2022-01-17
ATP,Albert Pedrico Kravtsov,1629.89,75,2025-09-08
WTA,Maria Gabriela Rivera Corado,1609.12,75,2026-03-30
WTA,Karine Sarkisova,1604.38,75,2026-05-04
WTA,Alexis Nguyen,1587.01,75,2026-05-25
ATP,Mikael Torpegaard,1562.35,75,2022-02-14
WTA,Esther Bataille,1548.62,75,2023-04-17
WTA,Coco Bosman,1541.68,75,2026-05-04
ATP,Kareem Allaf,1495.88,75,2023-02-13
WTA,Kaat Coppez,1493.86,75,2026-05-25
ATP,Vuk Radjenovic,1489.65,75,2026-05-25
WTA,Bianca Turati,1488.22,75,2022-03-14
ATP,Luke Johnson,1487.54,75,2023-11-06
ATP,Wissam Abderrahman,1472.93,75,2022-05-16
ATP,Adam Heinonen,1471.52,75,2025-08-25
WTA,Vasanti Shinde,1443.02,75,2024-01-15
ATP,Connor Farren,1434.54,75,2022-11-07
ATP,Michael Gloeckler,1409.56,75,2026-05-18
WTA,Eun Ji Lee,1400.53,75,2024-12-16
WTA,Summer Yardley,1310.8,75,2025-10-13
WTA,Dayana Yastremska,1991.14,74,2026-05-11
ATP,Mikael Ymer,1789.6,74,2025-08-04
WTA,Marta Huqi Gonzalez Encinas,1689.29,74,2023-02-06
ATP,Lui Maxted,1687.23,74,2026-03-09
WTA,Ekaterina Perelygina,1683.91,74,2026-05-18
ATP,Vasil Kirkov,1641.75,74,2023-11-13
WTA,Ivana Popovic,1629.45,74,2024-01-15
ATP,Alejandro Juan Mano,1609.63,74,2026-05-12
WTA,Raquel Gonzalez Vilar,1604.03,74,2026-06-01
WTA,Salakthip Ounmuang,1529.23,74,2025-08-18
ATP,Stefano Battaglino,1507.74,74,2022-10-24
ATP,Nikolay Nedelchev,1479.37,74,2024-08-19
ATP,Martin Breysach,1479.06,74,2021-03-22
WTA,Marcella Dessolis,1445.74,74,2026-05-04
ATP,Sanjar Fayziev,1435.59,74,2023-07-24
WTA,Yifan Sun,1416.25,74,2025-07-21
WTA,Madhurima Sawant,1415.81,74,2026-05-04
ATP,Jimmy Yang,1369.84,74,2024-10-07
WTA,Fernanda Rain Contreras,1369.01,74,2026-03-16
ATP,Louroi Martinez,1363.33,74,2024-03-18
WTA,Priyanshi Bhandari,1336.78,74,2025-06-23
WTA,Yasmine Wagner,1328.84,74,2025-12-01
WTA,Madison Bourguignon,1314.6,74,2024-08-12
ATP,Valentin Basel,1285.07,74,2026-05-11
WTA,Alena Kovackova,1865.16,73,2026-04-06
WTA,Kylie Mckenzie,1702.34,73,2025-11-10
WTA,Sofia Camila Rojas,1700.4,73,2025-11-10
WTA,Risa Ushijima,1625.05,73,2023-05-29
ATP,Amir Omarkhanov,1603.84,73,2026-04-27
WTA,Richel Hogenkamp,1594.92,73,2022-06-06
WTA,Yu Yun Li,1498.85,73,2025-08-18
ATP,Duje Kekez,1496.92,73,2022-04-18
ATP,Michal Dembek,1443.98,73,2022-03-28
WTA,Tamara Sramkova,1441.39,73,2026-06-01
WTA,Helena Bueno,1386.45,73,2025-11-17
WTA,Sofia Da Cruz Mendonca,1355.53,73,2025-10-20
WTA,Elizabet Hamaliy,1327.54,73,2024-11-18
WTA,Catarina Melleiro,1319.62,73,2026-06-01
ATP,Ben Shelton,1866.19,72,2023-05-01
WTA,Julia Stusek,1766.24,72,2026-04-13
ATP,Adrian Mannarino,1746.66,72,2026-04-28
ATP,Andreas Seppi,1717.99,72,2022-01-03
ATP,Henry Patten,1666.51,72,2022-06-06
WTA,Coco Vandeweghe,1662.92,72,2023-08-28
WTA,Kimmi Hance,1629.37,72,2024-07-22
ATP,Maxence Broville,1604.8,72,2022-08-29
ATP,Finn Murgett,1585.82,72,2026-01-05
WTA,Quinn Gleason,1575.82,72,2024-10-14
WTA,Shiyu Ye,1573.82,72,2026-04-27
ATP,Marko Maksimovic,1566.11,72,2024-11-04
WTA,Kelia Le Bihan,1564.47,72,2022-04-11
WTA,Barbara Haas,1558.32,72,2023-02-06
ATP,Daniil Sarksian,1542.61,72,2023-08-28
ATP,Andrea Basso,1528.33,72,2022-07-25
ATP,Natan Rodrigues,1520.68,72,2026-04-06
ATP,Timofei Derepasko,1509.19,72,2026-02-23
ATP,Derek Pham,1503.73,72,2024-12-30
ATP,Kane Bonsach Ganley,1501.65,72,2025-04-21
WTA,Olga Govortsova,1479.99,72,2026-04-27
ATP,Mikail Alimli,1456.29,72,2025-09-15
WTA,Chihiro Takayama,1453.4,72,2023-04-17
WTA,Gio Jang,1446.21,72,2026-05-18
ATP,Marcelo Zormann Da Silva,1422.84,72,2026-03-02
ATP,Jean Thirouin,1413.78,72,2021-10-25
ATP,Giorgio Ricca,1385.36,72,2026-02-02
ATP,Andrin Casanova,1378.04,72,2025-11-24
WTA,Mariia Masiianskaia,1374.75,72,2026-06-01
WTA,Karen Marthiens,1366.48,72,2025-11-03
WTA,Vanshita Pathania,1355.82,72,2026-01-05
ATP,Drew Van Orderlain,1324.21,72,2026-02-16
ATP,Gokberk Saritas,1311.34,72,2025-11-24
WTA,Manon Arcangioli,1664.07,71,2025-09-08
ATP,Maximilian Homberg,1644.99,71,2025-11-24
WTA,Katerina Stewart,1638.45,71,2023-10-09
WTA,Stefania Rogozinska Dzik,1637.59,71,2025-08-04
WTA,Mara Gae,1612.67,71,2026-02-01
WTA,Alice Soulie,1606.15,71,2026-05-18
ATP,Cruz Hewitt,1605.74,71,2026-02-09
ATP,Dominik Recek,1592.47,71,2026-04-27
WTA,Yana Mogilnitskaya,1592.2,71,2022-04-04
WTA,Katerina Mandelikova,1556.51,71,2026-06-01
WTA,Lorena Schaedel,1486.0,71,2026-04-13
WTA,Eva Marie Desvignes,1483.97,71,2026-05-25
ATP,Ronald Hohmann,1477.29,71,2026-06-01
WTA,Honori Koyama,1474.9,71,2026-05-25
ATP,Hayden Jones,1448.45,71,2025-11-24
ATP,Ryotaro Matsumura,1445.39,71,2025-10-27
WTA,Noemi La Cagnina,1434.69,71,2026-05-04
WTA,Naia Mercadier,1433.92,71,2024-07-22
ATP,Giovanni Calvano,1432.15,71,2025-05-19
WTA,Sana Garakani,1396.39,71,2026-05-25
ATP,Sean Hodkin,1396.24,71,2026-06-01
WTA,Denisa Elena Plesa,1395.91,71,2025-05-05
ATP,Niklas Waldner,1365.33,71,2026-04-27
WTA,Martyna Zaremba,1291.45,71,2026-05-18
WTA,Mirra Andreeva,2029.49,70,2023-10-02
WTA,Adelina Lachinova,1694.86,70,2026-01-05
WTA,Ava Markham,1676.0,70,2026-04-20
WTA,Dune Vaissaud,1666.69,70,2026-05-04
WTA,Vivian Yang,1637.16,70,2025-06-30
ATP,Melios Efstathiou,1636.25,70,2026-03-09
ATP,Gustavo Ribeiro De Almeida,1596.72,70,2025-03-31
ATP,Harrison Adams,1588.14,70,2024-09-09
WTA,Nicole Nadel,1578.43,70,2022-11-07
ATP,Jack Loutit,1558.71,70,2024-01-08
WTA,Joy De Zeeuw,1550.82,70,2025-06-09
ATP,Rotem Sobol,1537.35,70,2023-06-26
ATP,Carlos Gomez Herrera,1513.43,70,2022-06-27
ATP,Samuel Alejandro Linde Palacios,1493.94,70,2026-05-11
WTA,Khrystyna Vozniak,1468.68,70,2026-05-25
WTA,Tara Moore,1460.05,70,2025-03-25
WTA,Ji Hee Choi,1459.1,70,2024-09-30
WTA,Alexa Volkov,1435.06,70,2025-09-15
WTA,Romane Longueville,1430.77,70,2026-05-04
ATP,Joao Vitor Goncalves Ceolin,1430.27,70,2026-04-06
WTA,Louise Kwong,1402.03,70,2024-05-06
WTA,Jiale Zhang,1341.52,70,2024-01-22
WTA,Wei Zheng,1265.82,70,2024-11-04
WTA,Angelina Graovac,1211.44,70,2024-02-26
WTA,Alison Van Uytvanck,1863.24,69,2024-07-22
WTA,Mika Stojsavljevic,1815.54,69,2026-04-27
ATP,Jay Dylan Hara Friend,1762.57,69,2026-06-01
ATP,Anton Shepp,1746.53,69,2026-01-12
ATP,Kasra Rahmani,1664.69,69,2026-05-25
WTA,Yuhan Liu,1635.44,69,2026-05-04
WTA,Lena Ruppert,1626.5,69,2021-07-19
ATP,Ryan Harrison,1615.81,69,2023-08-07
WTA,Viktoriia Dema,1613.67,69,2024-06-03
WTA,Lorena Solar Donoso,1585.9,69,2026-06-01
WTA,Amelie Smejkalova,1566.25,69,2025-11-10
ATP,Sebastian Dominko,1563.87,69,2025-09-15
WTA,Ada Piestrzynska,1548.81,69,2024-10-07
WTA,Julia Victoria Rennert,1515.95,69,2026-02-16
ATP,Lasse Poertner,1513.15,69,2026-06-01
ATP,Filippo Baldi,1502.54,69,2022-06-06
WTA,Tiziana Rossini,1491.58,69,2025-11-03
ATP,Peter Polansky,1488.38,69,2023-08-07
ATP,Alexander Petrov,1475.9,69,2022-11-14
ATP,Yeongseok Jeong,1463.47,69,2024-10-28
ATP,Roberto Ortega Olmedo,1438.04,69,2021-08-23
ATP,Andrea Gola,1428.18,69,2023-05-15
ATP,Ethan Cook,1410.18,69,2026-05-25
WTA,Marina Benito,1355.53,69,2026-04-27
WTA,Antonia Samudio,1346.97,69,2024-06-03
WTA,Viera Deeperm,1296.61,69,2025-06-23
WTA,Yoana Moneva,1210.52,69,2026-05-11
ATP,Oliver Tarvet,1794.01,68,2026-06-01
WTA,Magdalini Adaloglou,1616.28,68,2024-01-29
ATP,Maximo Zeitune,1595.37,68,2026-05-11
ATP,Vincent Marysko,1564.76,68,2024-05-20
ATP,Zsombor Velcz,1562.14,68,2025-10-27
WTA,Julia Kimmelmann,1544.16,68,2023-10-16
WTA,Elyse Tse,1514.07,68,2026-01-05
ATP,Alexander Stater,1501.57,68,2024-08-19
WTA,Ana Lantigua De La Nuez,1500.99,68,2022-06-20
WTA,Eleonore Tchakarova,1487.93,68,2023-05-08
ATP,Vishnu Vardhan,1466.17,68,2026-03-23
ATP,Yannik Steinegger,1456.0,68,2024-03-04
ATP,Gregor Ramskogler,1444.84,68,2025-09-15
ATP,Filip Duda,1432.25,68,2025-08-25
ATP,Valerio Perruzza,1418.45,68,2024-01-15
WTA,Duanrui Gao,1412.98,68,2026-05-18
ATP,Vladislav Ivanov,1402.36,68,2023-03-27
ATP,Yuttana Charoenphon,1393.25,68,2025-01-13
ATP,Domagoj Biljesko,1371.98,68,2024-06-03
WTA,Alisa Oktiabreva,1920.75,67,2026-04-20
WTA,Victoria Allen,1638.8,67,2026-06-01
WTA,Aldila Sutjiadi,1611.19,67,2022-10-24
ATP,Attila Dominik Boros,1608.56,67,2026-06-01
WTA,Christina Mchale,1571.97,67,2025-02-24
WTA,Gaia Parravicini,1567.71,67,2024-04-15
WTA,Jovana Grujic,1563.94,67,2025-04-21
WTA,Anastasiia Poplavska,1558.6,67,2025-04-14
WTA,Heerae Im,1558.29,67,2026-05-18
WTA,Lisa Mays,1543.53,67,2023-03-20
WTA,Lisa Claeys,1518.01,67,2026-05-25
WTA,Anjali Rathi,1507.91,67,2025-12-29
WTA,Malkia Menguene,1499.74,67,2026-04-20
WTA,Ayaka Ozeki,1486.96,67,2025-06-30
WTA,Milan Krish,1448.1,67,2024-03-18
WTA,Sofia Mendonca,1437.05,67,2026-06-01
ATP,Hugo Pierre,1425.51,67,2026-04-13
WTA,Julie Myatovic,1421.97,67,2026-05-25
ATP,Alessandro Bellifemine,1410.56,67,2025-09-08
WTA,Alexa Karatancheva,1409.76,67,2026-06-01
WTA,Yuna Ohashi,1400.39,67,2025-10-06
WTA,Paavanii Paathak,1377.57,67,2026-04-27
WTA,Chrystal Lopez,1366.41,67,2026-05-25
WTA,Beatrise Zeltina,1712.15,66,2026-05-18
WTA,Chanelle Van Nguyen,1673.58,66,2022-07-18
ATP,Radu David Turcanu,1623.31,66,2025-06-30
WTA,Sol Ailin Larraya Guidi,1553.93,66,2026-03-30
ATP,Ryan James Storrie,1546.68,66,2025-10-20
WTA,Alexa Glatch,1537.07,66,2023-04-17
WTA,Alba Carrillo Marin,1515.72,66,2022-01-31
WTA,Amira Badawi,1505.68,66,2026-05-18
ATP,Yusuke Kusuhara,1504.22,66,2026-04-27
WTA,Lidiia Rasskovskaia,1495.96,66,2024-11-11
WTA,Chiara Di Genova,1495.94,66,2026-06-01
WTA,Saoirse Breen,1489.48,66,2026-06-01
WTA,Giulia Tedesco,1486.48,66,2025-09-22
ATP,Nikola Slavic,1482.27,66,2025-10-13
WTA,Melis Sezer,1477.33,66,2025-03-31
ATP,Aleksa Pisaric,1442.39,66,2026-06-01
ATP,Michal Mikula,1436.82,66,2022-08-15
WTA,Niehua Tian,1430.93,66,2026-05-11
ATP,Maximilian Figl,1409.17,66,2026-05-25
WTA,Ananya Vartak,1367.22,66,2024-04-15
ATP,Ioannis Kountourakis,1325.46,66,2026-03-09
WTA,Pawinee Ruamrak,1322.27,66,2025-03-17
ATP,Zhenxiong Dong,1318.76,66,2025-10-13
WTA,Stella Remander,1308.85,66,2026-06-01
ATP,Marcos Giron,1910.68,65,2026-04-28
WTA,Victoria Milovanova,1823.77,65,2026-05-04
WTA,Eva Bennemann,1771.74,65,2026-04-13
WTA,Lea Tholey,1713.25,65,2025-06-09
WTA,Danka Kovinic,1685.69,65,2026-05-04
WTA,Francoise Abanda,1634.55,65,2026-05-11
ATP,Hunter Heck,1615.84,65,2025-08-04
WTA,Xin Tong Wang,1606.43,65,2026-05-25
ATP,Matisse Bobichon,1598.21,65,2026-04-13
WTA,Monika Stankiewicz,1593.56,65,2026-04-20
WTA,Victoria Duval,1588.39,65,2022-08-22
WTA,Nadiia Kolb,1571.84,65,2026-04-06
WTA,Cristiana Nicoleta Todoni,1569.46,65,2026-06-01
WTA,Katherine Hui,1549.46,65,2026-06-01
WTA,Shachf Lieberman,1537.65,65,2024-11-11
WTA,Polina Pavlova,1529.57,65,2023-04-03
ATP,Francois Musitelli,1525.51,65,2025-11-24
WTA,Yekaterina Dmitrichenko,1525.24,65,2026-05-25
ATP,Marko Miladinovic,1523.03,65,2026-01-19
WTA,Shuyue Ma,1506.53,65,2025-03-31
WTA,Roosh Wijesundera,1498.49,65,2022-05-02
WTA,Yujiao Che,1495.69,65,2023-01-23
ATP,Jeremy Jin,1488.75,65,2024-01-01
WTA,Polina Kaibekova,1471.88,65,2026-05-04
ATP,Mika Lipp,1471.45,65,2024-01-29
WTA,Anita Husaric,1452.0,65,2025-10-20
ATP,Tyler Stice,1450.13,65,2026-05-04
WTA,Fernanda Astete,1443.08,65,2023-10-16
ATP,Arthur Bonnaud,1429.22,65,2025-10-20
ATP,Mihai Alexandru Coman,1384.17,65,2025-09-16
ATP,Radovan Michalik,1372.47,65,2026-05-25
ATP,Edouard Villoslada,1367.05,65,2026-05-11
WTA,Sara Pantelic,1343.53,65,2026-06-01
WTA,Dilana Rsovac,1308.8,65,2025-07-28
WTA,Nicole Giannini,1292.64,65,2026-06-01
WTA,Katerina Siniakova,2081.82,64,2026-01-12
WTA,Monika Ekstrand,1743.28,64,2026-03-17
ATP,Jan Kumstat,1691.66,64,2026-06-01
ATP,Devin Badenhorst,1648.49,64,2026-06-01
ATP,Sandro Ehrat,1619.34,64,2021-09-20
ATP,Ivan Ivanov,1605.34,64,2026-05-25
WTA,Raphaelle Lacasse,1602.86,64,2025-10-13
WTA,Eunji Lee,1568.9,64,2026-05-18
ATP,Chan Yeong Oh,1560.03,64,2026-06-01
ATP,Iiro Vasa,1555.62,64,2026-05-04
WTA,Isabel Skoog,1529.11,64,2026-05-11
WTA,Michela Castro Zunino,1518.56,64,2025-12-15
ATP,Lucas Renard,1506.68,64,2025-02-24
WTA,Lidia Moreno Arias,1502.59,64,2023-06-05
WTA,Daria Gorska,1495.92,64,2026-05-25
ATP,Fons Van Sambeek,1471.98,64,2025-07-28
WTA,Tatyana Nikolenko,1471.72,64,2024-11-11
ATP,Ruslan Tiukaev,1470.99,64,2026-04-27
ATP,Rocco Piatti,1445.66,64,2025-08-25
ATP,Pavel Verbin,1440.47,64,2025-11-10
ATP,Sasa Markovic,1438.61,64,2026-02-09
WTA,Mariya Poduraeva,1436.62,64,2025-06-09
ATP,Denis Constantin Spiridon,1427.07,64,2024-05-13
WTA,Elina Zakharova,1424.31,64,2024-07-22
WTA,Estella Jaeger,1424.1,64,2026-05-04
WTA,Yuxuan Luo,1415.4,64,2025-06-23
ATP,Tomas Luis,1413.71,64,2026-01-26
ATP,Mario Mansilla Diez,1380.09,64,2026-05-12
WTA,Katharina Rothacker,1368.99,64,2025-09-01
ATP,Dhakshineswar Suresh,1805.85,63,2026-01-05
WTA,Luna Vujovic,1739.04,63,2026-05-25
WTA,Sonja Zhiyenbayeva,1722.17,63,2026-06-01
WTA,Aravane Rezai,1698.92,63,2025-06-23
WTA,Katherine Barnes,1627.9,63,2025-04-07
ATP,Alaa Trifi,1547.3,63,2025-10-27
WTA,Tiffany William,1529.05,63,2024-09-16
WTA,Miyu Nakashima,1509.42,63,2025-11-17
WTA,Dana Baidaulet,1509.04,63,2024-11-04
WTA,Zhenghua Xiao,1500.62,63,2025-07-28
WTA,Tania Munteanu,1480.69,63,2024-08-19
ATP,Tomas Martinez,1475.06,63,2026-02-23
ATP,Yannick Maden,1468.67,63,2022-02-21
ATP,Fabien Salle,1462.88,63,2024-09-02
WTA,Jiayou Li,1460.73,63,2025-07-14
ATP,Valentin Lapalu,1453.36,63,2023-02-27
WTA,Victoria Chramcova,1448.39,63,2025-09-08
WTA,Dilara Okur,1444.81,63,2024-12-16
ATP,Boris Pokotilov,1437.12,63,2024-07-15
ATP,Luis Faria,1436.44,63,2022-03-28
ATP,Markos Kalovelonis,1429.25,63,2025-11-24
WTA,Alicja Formella,1408.4,63,2024-02-12
ATP,Omar Brigida,1401.15,63,2025-03-24
WTA,Gina Kondos,1366.75,63,2024-07-08
ATP,Tobias Franco,1340.93,63,2024-11-11
ATP,Dostanbek Tashbulatov,1321.33,63,2022-07-18
WTA,Patricia Rodriguez Carretero,1279.39,63,2026-04-13
WTA,Linda Ajimi,1212.99,63,2024-09-02
ATP,Carlos Alcaraz,1940.02,62,2021-05-17
ATP,Sergiy Stakhovsky,1646.59,62,2022-01-17
WTA,Ulyana Hrabavets,1623.29,62,2026-05-18
ATP,Noah Rubin,1610.27,62,2024-01-29
WTA,Ecaterina Visnevscaia,1591.43,62,2024-04-08
WTA,Ada Kumru,1558.21,62,2026-05-25
WTA,Karine Marion Job,1554.83,62,2026-03-30
WTA,Alicia Barnett,1548.98,62,2022-08-22
WTA,Erina Hayashi,1541.33,62,2024-03-18
WTA,Kariann Pierre Louis,1529.01,62,2023-10-02
ATP,Rares Teodor Pieleanu,1508.8,62,2025-06-30
WTA,Lily Fairclough,1480.33,62,2025-08-11
WTA,Severine Deppner,1477.86,62,2026-01-05
WTA,Alisha Reayer,1463.6,62,2024-07-29
WTA,Eva Zabolotnaia,1457.95,62,2026-05-11
WTA,Lena Thomas Iglesias,1457.29,62,2026-05-25
WTA,Verginie Tchakarova,1455.43,62,2023-05-08
WTA,Tenika Mcgiffin,1420.93,62,2025-10-27
ATP,Daniel Khazime,1407.48,62,2026-02-09
WTA,Vasilisa Borisova,1381.08,62,2024-08-12
WTA,Rebeka Antal,1378.37,62,2024-04-08
ATP,Dylan Salton,1337.74,62,2026-06-01
ATP,Jayden Court,1331.33,62,2024-10-21
ATP,Credit Chaiyarin,1255.51,62,2026-01-12
ATP,Rishi Reddy,1251.69,62,2025-02-24
ATP,Jacopo Vasami,1804.9,61,2026-06-01
WTA,Karina Miller,1769.88,61,2025-04-14
WTA,Kaia Kanepi,1752.58,61,2024-05-27
WTA,Reina Goto,1744.05,61,2026-06-01
ATP,Jeamoon Lee,1597.02,61,2025-08-25
WTA,Qiu Yu Ye,1536.61,61,2026-05-04
ATP,Adit Sinha,1523.36,61,2023-10-30
WTA,Aleksandra Julia Zuchanska,1520.38,61,2025-09-08
ATP,Markus Molder,1518.28,61,2024-11-04
WTA,Chisa Hosonuma,1516.7,61,2023-05-29
WTA,Beverley Nyangon,1510.26,61,2024-10-28
WTA,Midori Castillo Meza,1472.41,61,2026-05-25
ATP,Vladyslav Manafov,1457.63,61,2023-05-08
WTA,Milica Stosovic,1433.18,61,2026-06-01
ATP,Philip Hjorth,1428.32,61,2025-06-09
WTA,Diana Yakovleva,1401.67,61,2025-10-27
ATP,Felipe De Dios,1365.25,61,2024-06-03
WTA,Pilar Beveraggi Lespiau,1361.95,61,2026-06-01
WTA,Carmen Garri Murcia,1343.83,61,2024-04-29
WTA,Basant Kaur,1336.06,61,2026-03-02
ATP,Borna Coric,1987.43,60,2025-04-29
WTA,Jasmine Paolini,1856.69,60,2023-08-14
ATP,Jack Kennedy,1781.67,60,2026-04-20
WTA,Gaia Maduzzi,1691.04,60,2026-05-18
ATP,Daniel Evans,1678.2,60,2026-05-25
ATP,Karim Bennani,1660.43,60,2026-05-25
WTA,Shannon Lam,1658.29,60,2026-05-25
WTA,Isabelle Boulais,1645.39,60,2024-09-30
ATP,Pedro Rodrigues,1638.59,60,2025-06-23
WTA,Mia Kupres,1616.64,60,2025-08-11
WTA,Carolyn Campana,1610.19,60,2024-09-16
ATP,Martin Borisiouk,1596.75,60,2025-07-28
WTA,Isabelle Lacy,1590.69,60,2024-10-07
WTA,Jacquline Nylander Altelius,1587.77,60,2024-05-06
ATP,Scott Jones,1572.58,60,2026-02-02
ATP,Fnu Nidunjianzan,1541.83,60,2025-10-27
WTA,Daria Mironova,1539.03,60,2025-10-20
WTA,Jada Bui,1536.13,60,2024-09-30
ATP,Matic Spec,1528.78,60,2022-02-14
WTA,Aryana Bartlett,1523.98,60,2024-01-15
ATP,Takuto Niki,1513.14,60,2020-01-27
ATP,Thomaz Bellucci,1508.58,60,2022-07-04
WTA,Sera Nishimoto,1507.57,60,2026-05-25
WTA,Olga Danilova,1502.67,60,2026-05-18
ATP,Pablo Masjuan Ginel,1482.99,60,2025-07-21
ATP,Sungbeen Sim,1421.54,60,2026-04-13
WTA,Isabelle Haverlag,1421.32,60,2024-10-21
ATP,Bang Shuo Yin,1416.76,60,2024-10-21
WTA,Luise Reisel,1411.13,60,2025-06-02
ATP,Patrick Kaukovalta,1409.34,60,2025-11-03
WTA,Maria Eduarda Lages,1391.29,60,2025-11-24
ATP,Gian Matias Di Natale,1385.6,60,2024-07-22
ATP,Mousa Alkotop,1380.05,60,2025-06-09
ATP,Stijn Pel,1378.51,60,2026-03-16
WTA,Almudena Sanz Llaneza Fernandez,1358.45,60,2024-04-29
WTA,Bianca Bernardes,1344.87,60,2026-06-01
WTA,Mariam Karadzhaeva,1339.16,60,2025-06-16
ATP,Vladimir Uzhylovsky,1294.95,60,2025-08-18
ATP,Simone Agostini,1290.15,60,2026-03-23
WTA,Martina Smolenova,1281.88,60,2025-09-22
ATP,Jenson Brooksby,1782.54,59,2026-05-12
ATP,Moise Kouame,1774.77,59,2026-05-18
WTA,Nellie Taraba Wallberg,1729.78,59,2026-05-18
WTA,Tamila Gadamauri,1689.98,59,2026-05-18
WTA,Maia Lumsden,1653.31,59,2023-09-18
WTA,Victoria Flores,1624.75,59,2025-09-29
WTA,Brooke Black,1615.39,59,2025-06-09
ATP,Mikhail Gorokhov,1600.37,59,2025-02-03
WTA,Watsachol Sawasdee,1537.57,59,2024-08-26
WTA,Anna Chekanskaya,1523.11,59,2024-03-18
WTA,Na Hyun Kang,1494.94,59,2026-05-11
ATP,Luis Patino,1483.44,59,2022-04-04
WTA,Meshkatolzahra Safi,1479.21,59,2026-05-25
ATP,Wojciech Marek,1476.91,59,2021-08-23
ATP,Aj Catanzariti,1470.64,59,2023-08-14
ATP,Ofek Shimanov,1452.4,59,2026-06-01
WTA,Hala Fouad,1449.73,59,2026-05-18
WTA,Alexia Shara Iancu,1442.51,59,2026-06-01
ATP,Ezequiel Simonit,1441.06,59,2024-04-15
ATP,Aleksander Chayka,1434.55,59,2026-02-02
WTA,Meisha Kendall Woseley,1415.34,59,2025-10-20
WTA,Sol Rabin,1407.52,59,2026-03-23
WTA,Feryel Ben Hassen,1377.76,59,2023-10-16
WTA,Juliana Rodriguez,1375.32,59,2026-03-23
WTA,Mansi Vadyala,1352.48,59,2024-04-01
WTA,Versace Gatti,1348.32,59,2023-06-05
WTA,Bianca Compuesto,1288.54,59,2026-03-16
ATP,Parth Aggarwal,1275.83,59,2026-05-11
WTA,Nina Alibalic,1689.59,58,2024-03-11
WTA,India Houghton,1648.46,58,2025-12-15
ATP,Zane Khan,1635.79,58,2021-05-31
WTA,Petra Konjikusic,1629.58,58,2026-04-06
WTA,Jenifer Anger,1592.1,58,2022-11-14
WTA,Pauline Courcoux,1583.65,58,2023-04-24
WTA,Allegra Korpanec Davies,1583.46,58,2026-05-25
ATP,Nicolas Arseneault,1582.88,58,2026-05-25
WTA,Paige Mary Hourigan,1568.12,58,2023-02-20
WTA,Kennedy Shaffer,1556.45,58,2023-05-08
ATP,Jarno Jans,1520.51,58,2026-03-09
WTA,Elena Gemovic,1519.73,58,2024-02-26
WTA,Veronica Cepede Royg,1510.67,58,2022-06-27
ATP,Matt Ponchet,1495.33,58,2026-03-09
WTA,Adela Polakovicova,1494.47,58,2026-06-01
ATP,Elijah Strode,1494.29,58,2025-04-14
WTA,Angelika Shapovalova,1490.69,58,2022-04-11
WTA,Anastasia Sysoeva,1482.61,58,2026-05-25
ATP,Jorge Plans,1473.59,58,2024-09-16
WTA,Monika Wojcik,1465.74,58,2025-06-09
WTA,Eleana Yu,1462.2,58,2023-01-30
WTA,Anastasiya Poplavska,1453.13,58,2022-02-21
WTA,Leyla Nilufer Elmas,1452.94,58,2024-02-05
WTA,Jordina Cegarra Ramirez,1441.75,58,2023-06-05
WTA,Elsa Wan,1434.11,58,2026-05-04
ATP,Hernando Jose Escurra Isnardi,1432.42,58,2026-03-16
ATP,David Fix,1430.64,58,2026-06-01
WTA,Alexia Lavinia Puiac,1397.02,58,2026-05-25
ATP,Alberto Odiseo Alvarado Berrospi,1316.19,58,2024-06-10
WTA,Nikol Mishieva,1260.94,58,2024-03-18
WTA,Mariia Kostiuk,1247.95,58,2024-08-26
ATP,Lawrence Bataljin,1184.66,58,2026-05-04
WTA,Anne Christine Lutkemeyer Obregon,1737.62,57,2026-05-25
WTA,Ellie Halbauer,1634.17,57,2022-04-04
WTA,Charlotte Chavatipon,1628.65,57,2024-07-08
ATP,Pierluigi Basile,1626.99,57,2026-06-01
ATP,Gilles Simon,1623.02,57,2022-07-11
WTA,Mihaela Tsoneva,1596.84,57,2024-12-09
WTA,Olga Saez Larra,1596.06,57,2023-05-15
ATP,Igor Sijsling,1592.32,57,2023-08-28
WTA,Chantal Skamlova,1579.51,57,2022-02-07
WTA,Alexandra Vagramov,1572.0,57,2026-06-01
WTA,Svenja Ochsner,1570.92,57,2021-03-29
ATP,Grigory Shebekin,1570.35,57,2026-06-01
WTA,Feier Hu,1551.38,57,2025-10-13
WTA,Alja Senica,1533.22,57,2026-06-01
WTA,Hania Abouelsaad,1532.82,57,2026-02-16
ATP,Jonathan Eysseric,1530.46,57,2025-05-05
WTA,Alice Battesti,1522.84,57,2026-06-01
WTA,Thessy Ntondele Zinga,1507.9,57,2025-06-09
WTA,Izabela Heinzova,1504.02,57,2025-11-03
ATP,William Jansen,1495.19,57,2026-06-01
ATP,Pengyu Lu,1480.32,57,2025-05-05
ATP,Madhwin Kamath,1457.26,57,2026-05-18
WTA,Viktoria Lackova,1451.06,57,2024-12-16
ATP,Yan Sabanin,1450.08,57,2024-08-26
WTA,Honami Sodeyama,1440.38,57,2024-04-22
WTA,Daniela Glanzer,1438.93,57,2023-06-26
WTA,Adesuwa Osabuohien,1428.16,57,2024-07-15
ATP,Admir Kalender,1424.4,57,2022-03-21
ATP,Nikos Lehmann,1417.72,57,2024-04-22
WTA,Annemarie Lazar,1401.3,57,2026-02-23
ATP,Edison Ambarzumjan,1399.95,57,2026-05-25
ATP,Simon Freund,1372.51,57,2024-04-01
ATP,Michel Vernier,1367.22,57,2022-03-14
WTA,Izabelle Persson,1354.2,57,2024-06-24
WTA,Daria Domova,1344.05,57,2024-02-12
ATP,Xing Dao Chen,1338.99,57,2026-04-27
WTA,Natalie Barbir,1306.14,57,2025-12-08
ATP,Matic Dimic,1294.34,57,2026-06-01
WTA,Ajla Tomljanovic,1936.08,56,2026-05-05
WTA,Amelia Honer,1860.17,56,2026-05-18
WTA,Mariella Thamm,1797.02,56,2026-04-13
WTA,Ksenia Efremova,1761.9,56,2026-05-17
WTA,Natsuki Yoshimoto,1739.66,56,2026-05-25
ATP,Pierre Yves Bailly,1719.19,56,2026-02-02
ATP,Enzo Aguiard,1698.76,56,2026-05-25
WTA,Polina Kuharenko,1663.51,56,2026-03-09
WTA,Cheuk Ying Shek,1652.25,56,2026-05-25
ATP,Rudy Quan,1626.76,56,2025-09-08
WTA,Ozlem Uslu,1621.05,56,2022-10-10
WTA,Ekaterina Ivanova,1614.96,56,2024-02-12
WTA,Julia Lovqvist,1597.84,56,2025-11-03
ATP,Dong Ju Kim,1585.12,56,2026-04-13
WTA,Samantha Crawford,1574.43,56,2023-09-18
WTA,Tamari Gagoshidze,1562.97,56,2024-08-05
WTA,Mayo Hibi,1561.73,56,2021-10-06
WTA,Maneva Rakotomalala,1534.14,56,2025-06-09
WTA,Anastasia Detiuc,1524.72,56,2026-03-23
ATP,Yuta Tomida,1518.35,56,2026-05-25
ATP,Shunsuke Nakagawa,1517.51,56,2026-04-13
ATP,Sebastian Eriksson,1511.19,56,2024-11-11
WTA,Gabriela Duca,1499.9,56,2022-03-21
ATP,Go Soeda,1485.04,56,2022-03-21
WTA,Petra Csabi,1480.94,56,2022-04-18
ATP,Alen Mujakic,1479.38,56,2021-11-01
WTA,Anita Bertoloni,1477.2,56,2023-03-20
WTA,Chiara Di Tommaso,1438.94,56,2026-05-04
WTA,Sophia Fry,1423.31,56,2026-03-16
WTA,Asya Colombo,1422.06,56,2022-06-20
ATP,Alessandro Ragazzi,1415.86,56,2024-08-26
ATP,Dusty H Boyer,1403.01,56,2022-02-07
WTA,Cara Korhonen,1393.59,56,2026-03-16
ATP,Evan King,1388.02,56,2024-11-11
ATP,Lucio Carnevalle,1386.87,56,2024-07-29
ATP,Yuquan Jin,1368.54,56,2024-08-19
ATP,Peter Goldsteiner,1364.84,56,2023-07-10
ATP,Raghav Jaisinghani,1359.36,56,2026-02-09
ATP,Amador Salazar,1359.09,56,2026-03-09
ATP,Lucca Pinto,1344.71,56,2026-05-04
WTA,Andrea Roots,1289.13,56,2025-10-06
WTA,Andrea Palazon,1267.62,56,2026-05-25
WTA,Madison Frahn,1259.53,56,2025-10-06
WTA,Mirabelle Tahiri,1248.72,56,2026-06-01
ATP,Ugo Humbert,1944.55,55,2023-02-27
ATP,Stan Wawrinka,1823.39,55,2026-04-28
ATP,Andres Santamarta Roig,1730.56,55,2025-11-24
ATP,Pablo Cuevas,1697.03,55,2024-08-26
WTA,Alexa Graham,1626.67,55,2022-04-04
WTA,Zoe Howard,1622.3,55,2021-05-10
WTA,Amelia Bissett,1622.11,55,2025-07-28
WTA,Qianhui Tang,1600.41,55,2025-07-28
ATP,Gian Luca Tanner,1585.89,55,2025-11-24
ATP,Inigo Cervantes Huegun,1548.14,55,2024-09-02
WTA,Amelie Justine Hejtmanek,1545.42,55,2026-04-20
WTA,Gebriela Mihaylova,1483.26,55,2023-04-24
WTA,Ya Hsin Lee,1481.64,55,2025-02-24
WTA,Inez Maria Kotlikova,1481.45,55,2023-10-30
WTA,Josefina Estevez,1478.42,55,2026-01-12
ATP,Salvador Price,1478.14,55,2025-11-24
WTA,Aminata Sall,1477.96,55,2024-03-25
ATP,Luciano Carraro,1473.21,55,2022-01-03
WTA,Cayetana Gay,1466.36,55,2026-06-01
ATP,Antonio Massara,1465.09,55,2024-02-05
WTA,Ai Yamaguchi,1448.77,55,2024-07-22
ATP,Luc Fomba,1448.07,55,2026-03-09
WTA,Yajing Cao,1438.98,55,2026-04-27
WTA,Tereza Mihalikova,1433.54,55,2024-09-16
WTA,Elizaveta Morozova,1415.77,55,2023-08-21
WTA,Meryem Alexandra Guener,1409.23,55,2024-04-22
ATP,Alan Bojarski,1384.94,55,2025-06-16
ATP,Noah Thurner,1369.49,55,2026-03-23
ATP,Xavi Matas Ortega,1330.22,55,2026-05-11
ATP,Jordi Garcia Mestre,1318.33,55,2023-03-19
WTA,Janika Kusy,1285.59,55,2025-09-01
WTA,Alize Cornet,1788.34,54,2025-06-30
WTA,Sabine Lisicki,1773.84,54,2023-08-07
ATP,Blaz Kavcic,1699.34,54,2021-05-10
WTA,Linea Bajraliu,1687.99,54,2026-05-11
WTA,Rose Marie Nijkamp,1684.08,54,2026-04-20
ATP,Andreja Petrovic,1646.78,54,2026-04-27
WTA,Mihaela Buzarnescu,1642.4,54,2025-09-29
ATP,Luca Preda,1629.63,54,2025-11-24
WTA,Shiho Tsujioka,1607.39,54,2026-05-25
WTA,Zuzanna Bednarz,1586.37,54,2026-06-01
ATP,Tristan Stringer,1571.71,54,2026-05-25
WTA,Shihomi Li Xuan Leong,1566.81,54,2026-05-25
ATP,Jan Satral,1559.61,54,2020-08-17
ATP,Erik Crepaldi,1556.75,54,2021-08-09
WTA,Petja Drame,1551.16,54,2025-08-04
WTA,Ralitsa Alexandrova,1549.38,54,2024-07-22
WTA,Mika Buchnik,1547.38,54,2026-05-18
ATP,Emil Reinberg,1546.16,54,2022-04-04
WTA,Samantha Murray,1531.12,54,2024-09-09
WTA,Kelly Keller,1525.95,54,2026-02-16
WTA,Shreya Tatavarthy,1520.83,54,2023-01-23
ATP,John Mcnally,1499.76,54,2022-05-30
WTA,Mckenna Schaefbauer,1484.84,54,2025-08-11
WTA,Kira Bataikina,1477.8,54,2026-05-25
WTA,Pimmada Thongkum,1440.15,54,2026-05-04
WTA,June Bjork,1437.02,54,2026-05-04
ATP,Mitchell Harper,1426.01,54,2024-02-05
ATP,Noel Larwig,1417.91,54,2023-10-16
WTA,Mua Shigeta,1404.34,54,2026-02-16
ATP,Sergei Pogosian,1380.53,54,2024-11-25
WTA,Melina Maria Maruca,1372.58,54,2026-03-23
WTA,Kelly Williford,1358.46,54,2024-06-10
ATP,Giuseppe Tresca,1342.13,54,2025-03-31
WTA,Marta Kostyuk,1843.83,53,2023-01-09
WTA,Berta Passola,1718.48,53,2026-06-01
WTA,Carmen Gallardo Guevara,1711.04,53,2026-06-01
WTA,Xi Luo,1626.96,53,2026-05-11
WTA,Katja Wiersholm,1607.01,53,2026-03-16
ATP,Jea Moon Lee,1590.21,53,2024-10-28
ATP,Oliver Ojakaar,1580.51,53,2024-11-04
ATP,Nikolai Barsukov,1575.19,53,2026-01-26
WTA,Tea Lukic,1564.13,53,2025-05-12
WTA,Dana Shakirova,1560.57,53,2023-11-13
WTA,Marion Viertler,1559.17,53,2024-12-02
WTA,Victoria Pohle,1546.87,53,2026-04-13
WTA,Sara Nayar,1539.66,53,2024-07-15
WTA,Aya El Sayed,1537.37,53,2026-05-18
WTA,Schena Benamar,1537.28,53,2024-06-24
ATP,James Tracy,1533.0,53,2025-04-21
ATP,Niccolo Baroni,1524.84,53,2025-11-17
ATP,Nico Hipfl,1513.82,53,2026-04-27
WTA,Klara Kosan,1502.3,53,2026-06-01
WTA,Shuoran Wang,1501.23,53,2024-05-13
WTA,Jeong Moon,1495.7,53,2026-05-18
ATP,Fabrizio Ornago,1489.59,53,2021-03-15
ATP,Alberto Bronzetti,1486.85,53,2026-01-27
WTA,Joulia Cristiana Cirstea,1485.87,53,2026-06-01
WTA,Sofia Martianova,1484.44,53,2026-04-20
ATP,Tai Sach,1483.72,53,2026-04-20
ATP,Volodymyr Iakubenko,1476.68,53,2026-05-18
ATP,Marcel Kamrowski,1464.86,53,2024-08-12
WTA,Farah Khalil,1461.65,53,2023-09-18
WTA,Sathwika Sama,1446.02,53,2022-04-11
ATP,Christopher Bulus,1430.94,53,2024-03-04
ATP,Diego Hidalgo,1428.89,53,2023-01-02
WTA,Ishwari Matere,1428.7,53,2024-12-09
WTA,Ellie Logotheti,1424.23,53,2022-09-26
ATP,Valentin Vanta,1413.8,53,2025-09-01
WTA,Lexue Xiao,1412.75,53,2026-05-11
WTA,Yoana Konstantinova,1390.24,53,2026-06-01
ATP,Markus Eriksson,1379.15,53,2021-09-06
ATP,Thijmen Loof,1377.22,53,2026-03-30
ATP,Elio Jose Ribeiro Lago,1374.93,53,2024-04-15
WTA,Ekaterina Khayrutdinova,1795.42,52,2026-06-01
WTA,Savannah Broadus,1721.87,52,2026-06-01
ATP,Dylan Dietrich,1693.08,52,2026-02-23
WTA,Mandy Minella,1649.3,52,2022-06-27
ATP,Giulio Perego,1571.39,52,2026-06-01
WTA,Yui Ohwaki,1551.89,52,2026-05-25
ATP,Justin Schlageter,1534.19,52,2026-05-25
ATP,Taym Al Azmeh,1531.42,52,2025-11-10
ATP,Mischa Zverev,1526.12,52,2022-04-04
WTA,Lucia Martinez Gomez,1525.37,52,2022-03-07
WTA,Karolina Krajmer,1506.57,52,2025-11-24
ATP,Yuichi Sugita,1505.09,52,2023-01-16
WTA,Elisabeth Iila,1483.13,52,2024-04-08
WTA,Veronika Bokor,1470.51,52,2023-02-06
WTA,Ottavia Massetti,1467.78,52,2024-12-02
WTA,Liv Boulard,1467.6,52,2026-05-18
WTA,Agostina Andreazzini,1459.84,52,2024-11-04
ATP,Gerardo Lopez Villasenor,1457.52,52,2022-02-21
ATP,Chad Kissell,1453.4,52,2024-11-11
ATP,Julian Cash,1445.98,52,2022-06-06
ATP,Matteo Fondriest,1429.09,52,2026-04-27
WTA,Gabriela Maria Vancea,1416.48,52,2025-11-24
ATP,Antoine Berger,1407.28,52,2025-11-24
WTA,Ekaterina Vishnevskaya,1397.69,52,2022-02-21
WTA,Ritage Faizy,1394.3,52,2022-08-15
ATP,Charles Chen,1390.74,52,2025-10-06
ATP,Matic Kriznik,1368.09,52,2025-08-18
ATP,Alejandro Mendoza,1354.99,52,2022-03-21
ATP,Gabriel Roveri Sidney,1348.46,52,2026-03-30
WTA,Laure Line Glaude,1346.96,52,2021-03-08
WTA,Elina Popescu,1308.42,52,2024-11-04
ATP,Benjamin Ignacio Torres Fernandez,1291.99,52,2025-09-29
ATP,Akram El Sallaly,1269.64,52,2024-03-04
WTA,Yulia Putintseva,1951.71,51,2026-05-17
WTA,Lucie Urbanova,1654.47,51,2025-08-04
ATP,Agustin Velotti,1631.56,51,2021-04-26
WTA,Annelin Bakker,1626.96,51,2025-05-12
WTA,Diana Ioana Simionescu,1618.99,51,2026-06-01
ATP,Fryderyk Lechno Wasiutynski,1605.67,51,2026-01-27
WTA,Aruzhan Sagandykova,1599.3,51,2026-05-25
WTA,Valeriia Artemeva,1580.81,51,2026-05-25
WTA,Bronte Murgett,1564.24,51,2024-10-21
ATP,Geun Jun Kim,1551.39,51,2026-06-01
WTA,Cara Maria Mester,1545.65,51,2025-06-23
ATP,Oliver Clark Anderson,1520.9,51,2026-03-23
WTA,Vladislava Andreevskaya,1514.42,51,2025-06-30
ATP,Perry Gregg,1511.07,51,2021-03-15
WTA,Dominika Podhajecka,1509.76,51,2026-05-18
WTA,Zuzana Zlochova,1507.62,51,2023-03-13
WTA,Jordyn Mcbride,1502.37,51,2025-12-15
WTA,Eloise De Mooij,1486.91,51,2024-11-18
ATP,Federico Aguilar Cardozo,1484.68,51,2025-11-17
WTA,Diana Chehoudi,1465.78,51,2024-04-22
WTA,Tamara Barad Itzhaki,1463.74,51,2024-04-22
ATP,Pietro Romeo Scomparin,1460.86,51,2025-08-04
ATP,Julian Cundom,1441.1,51,2026-03-16
ATP,Sergi Fita Juan,1439.17,51,2026-05-12
ATP,Luke Simkiss,1432.69,51,2025-10-20
WTA,Mia Yamakita,1430.51,51,2025-03-31
WTA,Elizabeth Danailova,1427.4,51,2025-05-19
WTA,Antonia Aragosa,1425.19,51,2024-07-15
WTA,Vlada Kozak,1407.08,51,2026-03-23
WTA,Yashaswini Panwar,1405.19,51,2026-05-04
WTA,Aanya Goel,1395.72,51,2024-07-08
ATP,Miha Vetrih,1393.09,51,2026-05-18
WTA,Iuliia Nikitina,1382.39,51,2022-02-07
WTA,Alexandra Biot,1380.4,51,2026-05-04
ATP,Yassine Smiej,1343.71,51,2025-02-17
WTA,Patsy Daughters,1343.52,51,2026-06-01
ATP,Tanguy Genier,1333.27,51,2025-08-11
ATP,Paul Valsecchi,1312.46,51,2025-03-31
WTA,Sem Hazes,1292.06,51,2024-09-23
WTA,Teresa Franco Dias,1165.72,51,2026-02-16
WTA,Anastasia Potapova,1813.89,50,2026-05-05
WTA,Miyu Kato,1687.12,50,2025-06-23
WTA,Francesca Gandolfi,1651.18,50,2026-05-11
ATP,Pablo Andujar,1644.53,50,2023-01-16
WTA,Caroline Lampl,1635.83,50,2022-07-25
WTA,Eleni Kordolaimi,1605.93,50,2023-03-27
WTA,Erica Oosterhout,1604.74,50,2022-08-08
WTA,Tiana Tian Deng,1573.44,50,2026-05-18
ATP,Tom Kocevar Desman,1557.04,50,2022-01-17
WTA,Anna Zaja,1553.6,50,2022-04-18
WTA,Nastja Kolar,1549.12,50,2022-09-26
WTA,Eunchae Kim,1534.59,50,2026-05-25
WTA,Kundali Majgaine,1526.56,50,2024-02-26
ATP,Matteo Donati,1512.2,50,2023-03-27
WTA,Rachele Elisa Zingale,1469.11,50,2024-07-15
ATP,Aljaz Jeran,1455.58,50,2026-06-01
ATP,Danilo Petrovic,1453.0,50,2021-10-18
WTA,Alexandra Irina Anghel,1439.51,50,2026-06-01
WTA,Jenna Dean,1437.04,50,2026-05-25
ATP,Reece Falck,1424.37,50,2025-06-30
WTA,Maria Garcia,1423.81,50,2025-08-11
ATP,Yann Wojcik,1416.91,50,2022-08-15
WTA,Nathalie Mokhtar,1414.43,50,2025-09-08
ATP,Gabriel Evans,1404.51,50,2023-06-12
WTA,Alexandra Melnikova,1392.89,50,2022-09-05
WTA,Heydi Doldan,1392.06,50,2024-11-04
WTA,Sarah Victoria Majesty Nita,1356.14,50,2026-04-20
ATP,Ko Suzuki,1341.37,50,2024-05-13
ATP,Luis Britto,1332.96,50,2026-05-04
WTA,Ana M Becerra,1331.59,50,2024-08-12
WTA,Emma Lella,1299.84,50,2024-11-04
WTA,Lakshmi Gowda,1285.66,50,2026-03-02
WTA,Cecilie Wiche,1271.34,50,2024-10-28
WTA,Leticia Matuszewski,1271.18,50,2025-07-28
WTA,Julieta Pareja,1794.14,49,2026-04-21
WTA,Ava Hrastar,1687.9,49,2026-06-01
WTA,Christasha Mcneil,1665.45,49,2025-09-29
WTA,Tatum Evans,1655.7,49,2026-06-01
WTA,Indianna Spink,1642.65,49,2026-06-01
ATP,Baptiste Crepatte,1601.83,49,2021-03-22
WTA,Greta Greco Lucchina,1594.01,49,2024-04-15
WTA,Remika Ohashi,1593.08,49,2026-05-11
WTA,Aely Arai,1581.85,49,2025-06-23
WTA,Kate Fakih,1575.82,49,2026-06-01
WTA,Zuzanna Kolonus,1569.87,49,2026-05-04
ATP,Gabriel Alejandro Hidalgo,1545.05,49,2023-08-21
WTA,Catherine Aulia,1544.8,49,2026-06-01
ATP,Raphael Lambling,1539.03,49,2023-07-24
WTA,Maya Iyengar,1515.46,49,2026-05-25
WTA,Valentina Mediorreal Arias,1511.1,49,2026-04-13
WTA,Zi Ying Ruan,1505.72,49,2025-12-15
ATP,Louis Larue,1505.4,49,2026-05-18
WTA,Natalia Slaba,1483.33,49,2023-04-17
ATP,Carles Cordoba,1480.88,49,2026-06-01
WTA,Sophia Ksandinov,1470.13,49,2026-05-25
WTA,Helena Narmont,1463.69,49,2023-06-19
WTA,Meritxell Teixido Garcia,1438.45,49,2026-06-01
WTA,Martina Maria Bovio,1433.81,49,2025-05-19
ATP,Marco Bortolotti,1429.24,49,2025-02-10
WTA,Joody Elkady,1420.99,49,2026-05-18
ATP,Kento Takeuchi,1413.37,49,2022-05-16
ATP,Alexis Boureau,1389.88,49,2023-08-21
WTA,Alicia Martial,1388.67,49,2025-03-31
ATP,Mehdi Sadaoui,1388.63,49,2024-06-10
WTA,Kiara Cvetkovic,1386.39,49,2026-05-18
ATP,Patrik Oplustil,1369.62,49,2024-07-22
WTA,Beatrice Gumulya,1347.51,49,2024-06-24
ATP,Arjun Mehrotra,1340.06,49,2026-05-18
ATP,Richard Zusman,1327.93,49,2024-02-19
ATP,Manuel Mouilleron Salvo,1312.49,49,2024-06-03
WTA,Carla Fity,1292.38,49,2024-10-21
WTA,Martina Peretti,1268.09,49,2024-04-29
WTA,Nessa Pratt,1189.97,49,2024-03-18
ATP,Yun Seong Chung,1649.18,48,2024-08-19
WTA,Kira Matushkina,1637.22,48,2026-05-25
WTA,Gabriella Broadfoot,1633.17,48,2025-08-11
WTA,So Ra Lee,1623.34,48,2022-09-05
WTA,Pauline Payet,1604.67,48,2026-01-19
ATP,Adrian Bodmer,1576.48,48,2022-07-25
WTA,Megan Mccray,1571.99,48,2024-09-30
ATP,Thomas Laurent,1569.71,48,2022-09-05
ATP,Ryan Colby,1568.25,48,2026-06-01
ATP,Enzo Kohlmann De Freitas,1552.97,48,2026-02-09
WTA,Jiaying He,1540.58,48,2025-08-25
WTA,Anna Kartseva,1536.63,48,2026-05-18
WTA,Annika Barth,1529.49,48,2024-09-02
ATP,Anas Mazdrashki,1524.51,48,2025-09-29
ATP,Egor Pleshivtsev,1524.36,48,2026-06-01
WTA,Anna Sedysheva,1520.81,48,2026-05-25
WTA,Lucia Natal,1515.45,48,2026-05-11
WTA,Kimberley Zimmermann,1514.6,48,2021-08-23
ATP,Jannik Opitz,1508.52,48,2025-11-17
WTA,Fiona Codino,1487.99,48,2024-09-30
WTA,Kendra Bunch,1478.04,48,2022-10-03
ATP,Giacomo Crisostomo,1473.16,48,2026-02-02
ATP,Aaron Funk,1461.19,48,2026-05-25
ATP,Sadio Doumbia,1458.64,48,2022-02-28
ATP,Fadi Bidan,1458.29,48,2025-12-01
WTA,Tanuchaporn Yongmod,1448.76,48,2026-05-04
WTA,Anastasiia Sergienko,1446.69,48,2025-02-24
WTA,Justine Bryson,1444.34,48,2025-09-15
ATP,Matvey Minin,1435.57,48,2022-08-22
WTA,Rocio Daniela Merlo,1431.08,48,2024-07-29
WTA,Susan Doldan,1429.63,48,2024-03-04
WTA,Adela Moravcova,1428.84,48,2024-09-23
WTA,Ireni Lucia,1423.82,48,2023-06-05
WTA,Arthi Muniyan,1420.99,48,2024-10-14
ATP,Chukang Wang,1420.63,48,2023-09-20
ATP,Taketo Takamisawa,1407.55,48,2025-11-03
WTA,Kashish Bhatia,1403.35,48,2026-05-04
WTA,Koral Koldobski,1381.73,48,2022-05-02
WTA,Shuchi Chen,1377.88,48,2024-05-06
ATP,Alexey Aleshchev,1327.26,48,2025-11-24
ATP,Marko Stakusic,1318.49,48,2023-11-06
ATP,Krittin Koaykul,1312.63,48,2023-01-16
WTA,Gabriela Aura Zarnoveanu,1240.79,48,2024-08-12
WTA,Petra Martic,1861.6,47,2025-08-25
WTA,Eliska Tichackova,1841.92,47,2026-02-23
WTA,Sae Noguchi,1688.18,47,2026-05-25
WTA,Ivana Jorovic,1683.77,47,2025-02-03
WTA,Chanel Simmonds,1665.64,47,2024-05-27
ATP,Henry Bernet,1656.3,47,2026-05-11
WTA,Anna Frey,1654.11,47,2026-02-16
WTA,Bunyawi Thamchaiwat,1637.76,47,2025-07-28
ATP,Danylo Kalenichenko,1612.11,47,2021-09-13
WTA,Kanon Sawashiro,1605.35,47,2026-05-25
ATP,Marko Tepavac,1594.72,47,2021-05-24
ATP,Noah Zamora,1591.42,47,2026-01-27
WTA,Ashton Bowers,1588.45,47,2026-06-01
WTA,Lara Arruabarrena,1586.61,47,2022-01-17
WTA,Moeka Miyata,1570.36,47,2026-05-18
WTA,Caroline Vernet,1544.78,47,2023-02-20
WTA,Ambre Feder,1525.67,47,2022-02-07
WTA,Sandeepti Singh Rao,1525.39,47,2026-05-04
ATP,Chen Dong,1516.63,47,2026-04-13
ATP,Viktor Galovic,1498.24,47,2021-05-24
WTA,Isabel Adrover Gallego,1493.8,47,2025-11-10
WTA,Kallista Liu,1489.66,47,2026-06-01
ATP,Thando Longwe Smit,1484.17,47,2026-06-01
WTA,Aino Alkio,1477.86,47,2024-04-01
WTA,Liga Dekmeijere,1472.18,47,2024-10-07
WTA,Menuha Popovici,1470.92,47,2025-08-18
ATP,Markus Malaszszak,1465.81,47,2026-01-12
ATP,Jordan Hasson,1459.88,47,2026-05-11
ATP,Cash Hanzlik,1453.32,47,2023-05-01
ATP,Aleksi Lofman,1450.95,47,2022-11-14
WTA,Mariana Isabel Higuita Barraza,1418.44,47,2026-03-30
ATP,Tymur Bieldiugin,1411.9,47,2026-02-16
ATP,Victor Hugo Remondy Pagotto,1377.9,47,2026-05-04
ATP,Anthony Genov,1373.31,47,2025-03-10
ATP,Facundo Yunis,1372.63,47,2026-06-01
ATP,Joshua Peck,1370.69,47,2025-11-10
ATP,Enzo Lima,1334.23,47,2023-10-02
ATP,Joao Marcos Nusdeo,1333.04,47,2023-10-02
WTA,Meta Marenk,1320.38,47,2024-03-11
ATP,Enrique Bogo,1278.3,47,2026-03-02
WTA,Abhilasha Bista,1266.31,47,2026-05-18
WTA,Maria Eleni Poulka,1261.61,47,2024-05-13
WTA,Liudmila Samsonova,1711.29,46,2022-02-14
WTA,Gaelle Desperrier,1679.51,46,2024-02-26
WTA,Zoe Kruger,1651.61,46,2024-12-09
WTA,Aspen Schuman,1649.05,46,2025-11-10
WTA,Emilija Tverijonaite,1645.36,46,2025-07-07
WTA,Ayumi Morita,1636.07,46,2022-05-02
ATP,Tak Khunn Wang,1629.23,46,2021-04-26
WTA,Natasha Sengphrachanh,1620.52,46,2023-04-10
WTA,Yuhan Wang,1578.76,46,2026-06-01
WTA,Sopiko Tsitskishvili,1563.49,46,2023-08-07
WTA,Giulia Morlet,1563.29,46,2025-03-31
WTA,Daphnee Mpetshi Perricard,1550.37,46,2026-05-04
ATP,Luc Koenig,1543.76,46,2026-06-01
WTA,Vanda Vargova,1524.69,46,2023-02-20
WTA,Anastasia Golubkova,1516.17,46,2025-03-17
WTA,Alina Shcherbinina,1512.38,46,2026-02-16
ATP,Matteo De Vincentis,1508.5,46,2025-03-17
ATP,Antoine Vincent,1503.28,46,2025-03-03
WTA,Malak El Allami,1502.67,46,2025-07-21
ATP,Kerem Yilmaz,1501.58,46,2026-05-18
WTA,Abhaya Vemuri,1486.81,46,2025-09-22
ATP,Cleeve Harper,1480.49,46,2026-04-06
ATP,Filippo Mazzola,1479.47,46,2026-05-25
WTA,Jin Zhang,1478.9,46,2025-07-21
WTA,Matylda Burylo,1477.62,46,2026-05-25
WTA,Sabina Sharipova,1467.99,46,2022-03-07
ATP,Marat Deviatiarov,1461.05,46,2022-01-17
ATP,Ammar Faleh Alhogbani,1460.6,46,2026-05-25
WTA,Danielle Willson,1441.16,46,2024-11-04
WTA,Veronika Kulhava,1440.26,46,2026-01-05
WTA,Emilie Elde,1426.72,46,2025-01-06
ATP,Federico Bertuccioli,1412.69,46,2023-11-27
WTA,Taylor Gruber,1409.37,46,2025-05-12
ATP,Adam El Mihdawy,1397.85,46,2021-10-25
ATP,Ronan Joncour,1391.35,46,2023-10-16
ATP,Adam Jones,1384.37,46,2025-09-15
WTA,Oceanne Lopez,1378.84,46,2024-03-11
WTA,Cosima Trinity Calinescu,1378.34,46,2022-06-27
WTA,Yatawee Chimcham,1370.9,46,2026-05-04
ATP,Tom Evans,1342.57,46,2023-10-23
WTA,Lara Diaz Zayas,1304.75,46,2024-07-29
WTA,Javiera Verdugo,1246.72,46,2024-06-10
WTA,Himadri Kashyap,1207.48,46,2025-08-25
WTA,Kate Zueva,1145.36,46,2024-06-17
WTA,Donna Vekic,1895.51,45,2026-04-21
WTA,Jana Kovackova,1835.75,45,2026-05-11
WTA,Qiang Wang,1732.87,45,2025-10-06
WTA,Neus Torner Sensano,1708.02,45,2026-05-25
WTA,Yelyzaveta Chainykova,1613.68,45,2026-06-01
WTA,Marianna Argyrokastriti,1601.8,45,2026-05-25
WTA,Marta Custic,1588.62,45,2021-04-29
ATP,Simeon Stankovic,1586.7,45,2026-05-25
WTA,Daria Shadchneva,1581.27,45,2025-06-30
ATP,Kacper Szymkowiak,1577.72,45,2025-09-08
ATP,Stijn Paardekooper,1543.16,45,2026-03-02
ATP,Nikita Bilozertsev,1539.19,45,2026-04-27
ATP,Aleksa Ciric,1536.88,45,2026-05-25
ATP,Lucca Helguera Casado,1533.17,45,2026-04-20
WTA,Sai Samhitha Chamarthi,1528.4,45,2023-02-27
WTA,Soo Ha Jang,1522.06,45,2026-05-18
ATP,Emiliano Maggioli,1514.68,45,2021-11-22
ATP,Phillip Jordan,1510.69,45,2025-10-27
ATP,Stefan Latinovic,1503.82,45,2026-05-25
WTA,Zi Ye Zhang,1496.75,45,2025-08-25
ATP,Kaito Uesugi,1496.62,45,2025-11-17
WTA,Jade Otway,1495.27,45,2026-05-18
WTA,Sofia Cohen Perovani,1492.58,45,2025-11-03
ATP,Aristarkh Safonov,1487.09,45,2026-04-27
ATP,Yuto Oki,1472.12,45,2026-03-30
WTA,Mariya Sinitsyna,1465.81,45,2024-07-29
ATP,Duje Markovina,1457.98,45,2026-02-09
WTA,Angelina Gabueva,1454.3,45,2023-05-22
WTA,Joelle Kissell,1438.47,45,2024-06-17
ATP,Ji Hoon Son,1432.22,45,2023-05-08
ATP,Nicolo Toffanin,1431.87,45,2026-06-01
ATP,Jefferson Wendler Filho,1417.94,45,2026-04-06
ATP,Hugo Pontico,1407.46,45,2022-09-12
WTA,Maria Krupenina,1400.36,45,2022-06-06
ATP,Seungmin Park,1396.27,45,2026-05-18
ATP,Herbert Jody Maginley,1375.83,45,2026-05-04
WTA,Maria Carolina Ferreira Turchetto,1365.54,45,2025-11-24
WTA,Kamila Kashaeva,1352.79,45,2024-02-19
ATP,Berk Ilkel,1349.53,45,2023-09-04
ATP,Pranav Kumar,1334.06,45,2026-03-30
WTA,Natalia Kowalczyk,1300.3,45,2024-12-16
ATP,Linghao Zhang,1292.95,45,2026-04-13
WTA,Lara Charles,1233.62,45,2024-10-28
WTA,Emira Stafford,1226.88,45,2024-01-29
WTA,Mia Pohankova,1937.66,44,2026-04-27
WTA,Anastasija Cvetkovic,1676.58,44,2026-03-23
ATP,Luis Carlos Alvarez Valdes,1648.41,44,2025-10-27
WTA,Irina Ramialison,1644.29,44,2024-01-22
ATP,Giacomo Dambrosi,1638.76,44,2022-01-10
WTA,Layne Sleeth,1629.38,44,2024-01-22
ATP,Guilherme Clezar,1584.53,44,2024-04-29
WTA,Hephzibah Oluwadare,1578.65,44,2025-07-28
WTA,Alessandra Caceres,1567.9,44,2025-08-11
WTA,Sara Suchankova,1565.99,44,2023-03-13
ATP,Martins Podzus,1549.76,44,2021-05-31
WTA,Carmen Corley,1548.91,44,2024-09-23
WTA,Rio Tsuda,1540.12,44,2025-11-03
WTA,Abigail Rencheli,1530.13,44,2025-12-01
WTA,Karin Altori,1521.74,44,2025-07-28
WTA,Cindy Langlais,1520.54,44,2026-05-25
ATP,Adam Neff,1508.2,44,2024-11-11
WTA,Julia Ronney,1503.83,44,2024-06-17
WTA,Lucia Ros Parres,1491.49,44,2026-06-01
ATP,Andrea De Marchi,1478.44,44,2025-08-11
ATP,Tiago Silva,1459.16,44,2025-07-28
ATP,Alessio Basile,1454.75,44,2025-10-13
ATP,Chien Hsun Lo,1453.31,44,2024-07-29
WTA,Daria Krasnova,1450.52,44,2022-09-12
WTA,Adi Bitton,1443.55,44,2024-09-16
ATP,George Lazarov,1439.23,44,2024-08-19
ATP,Oliver Okonkwo,1437.36,44,2026-06-01
WTA,Alicia Melosch,1423.84,44,2024-04-29
ATP,Samuel Puskar,1415.44,44,2024-02-19
ATP,Nicolas Kobelt,1414.44,44,2023-03-20
WTA,Ayaka Okuno,1409.03,44,2023-06-19
WTA,Jessica Marmorstein,1405.94,44,2025-07-07
ATP,Bharath Nishok Kumaran,1392.78,44,2025-02-03
WTA,Xiangruyi Ji,1388.71,44,2024-12-16
WTA,Lucia Cassidy,1376.97,44,2024-11-25
ATP,Tomislav Edward Papac,1338.23,44,2026-02-02
WTA,Meriem Makhlouf,1336.44,44,2024-11-25
WTA,Shatoo Mohamad,1332.79,44,2024-01-01
ATP,Oren Vasser,1324.76,44,2025-11-24
WTA,Baylen Brown,1320.71,44,2025-11-24
WTA,Adaugo Ukaegbu,1260.42,44,2025-10-20
WTA,Veronika Udina,1229.71,44,2025-09-22
WTA,Giulia Safina Popa,1724.42,43,2026-05-25
WTA,D J Bennett,1690.1,43,2025-11-10
ATP,Roger Pascual Ferra,1627.9,43,2025-10-06
ATP,Zoran Ludoski,1610.78,43,2026-06-01
WTA,Oliwia Szymczuch,1600.58,43,2025-08-18
WTA,Yu Chen,1581.58,43,2023-04-03
ATP,Marc Van Der Merwe,1559.61,43,2026-06-01
ATP,Mateo Nicolas Martinez,1547.63,43,2022-04-25
WTA,Sara Victoria Balan,1541.26,43,2026-06-01
WTA,Friederike Nolte,1531.48,43,2025-03-10
ATP,Pieter De Lange,1525.93,43,2025-07-14
WTA,Iva Sepa,1524.88,43,2025-06-02
ATP,Christopher Li,1508.88,43,2026-03-23
ATP,Oleksandr Bielinskyi,1506.48,43,2026-02-02
WTA,Melis Yasar,1490.39,43,2022-02-28
ATP,Alejandro Garcia,1488.4,43,2026-02-16
WTA,Melisa Senli,1485.18,43,2023-12-18
ATP,Bryce Nakashima,1481.68,43,2025-09-15
WTA,Maria Jose Sanchez Uribe,1474.69,43,2026-06-01
WTA,Warda Ait El Bachir,1470.17,43,2026-06-01
ATP,Billy Suarez,1454.65,43,2026-04-27
ATP,Vit Kalina,1453.59,43,2026-05-25
ATP,Alexander Crnokrak,1452.14,43,2020-01-13
WTA,Laura Ioana Andrei,1444.42,43,2024-05-27
ATP,Rafael Giotis,1432.69,43,2023-08-28
WTA,Alexandra Azarko,1424.23,43,2024-07-08
ATP,Jaime Caldes,1420.69,43,2024-05-20
ATP,Benjamin Hannestad,1415.36,43,2022-07-18
ATP,Aaron Addison,1406.58,43,2022-01-10
ATP,Zach Stephens,1402.4,43,2025-11-24
ATP,Loic Namigandet Tenguere,1400.01,43,2025-01-20
ATP,Denis Petak,1397.02,43,2025-07-28
ATP,Corey Gaal,1395.66,43,2024-02-05
ATP,Michal Novansky,1388.81,43,2025-11-03
WTA,Darya Volkova,1368.77,43,2026-04-27
ATP,Joao Graa,1368.44,43,2025-11-24
ATP,Kabir Hans,1361.16,43,2026-05-11
ATP,Rocco Valente,1358.66,43,2024-06-03
WTA,Natalie Augustinova,1356.16,43,2022-06-27
WTA,Anamaria Kurtsikashvili,1354.95,43,2024-04-22
WTA,Aleksandra Mateva,1351.74,43,2026-06-01
ATP,Yuvan Nandal,1346.77,43,2024-10-28
WTA,Mia Mayerova,1328.59,43,2023-10-16
WTA,Daria Ioana Pastoric,1199.99,43,2026-06-01
ATP,Kei Nishikori,1850.82,42,2026-04-20
ATP,Sam Riffice,1681.12,42,2022-10-10
WTA,Kristina Penickova,1677.43,42,2026-06-01
WTA,Jessica Luisa Alsola,1639.38,42,2024-09-16
WTA,Annika Penickova,1626.2,42,2026-05-25
WTA,Ellie Schoppe,1586.9,42,2026-02-16
ATP,Matthew Ebden,1582.09,42,2022-01-03
WTA,Eunji Oh,1573.35,42,2025-09-01
WTA,Ilinca Sagmar,1563.75,42,2026-05-11
WTA,Paula Rumpf,1548.57,42,2024-08-26
WTA,Jade Haller,1515.63,42,2023-05-01
ATP,Henrik Wiersholm,1514.8,42,2023-06-12
ATP,Nikola Djosic,1501.68,42,2025-07-21
ATP,Ron Ellouck,1500.81,42,2024-07-15
WTA,Sumin Kim,1490.15,42,2024-09-23
WTA,Anna Linn Puls,1485.7,42,2025-05-26
ATP,Conor Gannon,1483.34,42,2026-06-01
WTA,Eunji Lim,1478.79,42,2024-09-30
WTA,Nina Stadler,1477.36,42,2021-04-05
WTA,Sofiia Suslova,1476.29,42,2026-05-25
WTA,Qavia Lopez,1475.05,42,2023-05-08
WTA,Margot Phanthala,1461.85,42,2025-12-22
ATP,Jonas Pelle Hartenstein,1461.66,42,2026-05-18
ATP,Manuel Plunger,1461.64,42,2026-05-25
WTA,Anastasia Zhilina,1459.76,42,2022-10-24
WTA,Nikita Liebkind,1449.9,42,2023-03-06
ATP,Rohan Mehra,1449.32,42,2026-03-23
ATP,Viktor Frydrych,1435.42,42,2025-11-17
ATP,Daniel Uta,1432.37,42,2026-05-25
ATP,Carlo Alberto Fossati,1421.29,42,2025-08-25
WTA,Karma Yacavino,1418.65,42,2025-08-04
ATP,Benedikt Henning,1413.78,42,2024-07-01
ATP,Roland Stuurman,1411.07,42,2025-01-27
ATP,Piet Luis Pinter,1399.99,42,2026-04-27
ATP,Ignasi Forcano,1363.28,42,2026-03-16
ATP,Lazar Vojinovic,1361.3,42,2025-09-01
WTA,Gurmanat Kaur Sandhu,1356.91,42,2026-03-16
WTA,Federica Prati,1346.21,42,2022-11-07
WTA,Maryna Kolb,1336.79,42,2025-10-20
WTA,Laura Heutschi,1328.22,42,2026-05-11
ATP,Jack Karlsson Wistrand,1294.33,42,2026-05-11
ATP,Patricio Alvarado,1267.5,42,2026-03-30
ATP,Mattias Southcombe,1259.02,42,2026-04-20
WTA,Ana Mukic,1246.3,42,2024-07-29
WTA,Sameeksha Shroff,1209.0,42,2026-05-11
WTA,Vibhasree Gowda,1123.01,42,2025-01-06
WTA,Lea Nilsson,1720.09,41,2026-05-18
ATP,Alexander Vasilev,1664.57,41,2026-04-20
WTA,Quirine Lemoine,1654.38,41,2022-03-28
WTA,Taylor Cataldi,1641.46,41,2024-06-10
ATP,Pablo Martinez Gomez,1606.15,41,2025-11-10
WTA,Sofia Maria Barbulescu,1596.18,41,2025-07-07
WTA,Annabelle Xu,1544.33,41,2025-11-10
WTA,Romy Koelzer,1540.87,41,2021-04-26
WTA,Carina Syrtveit,1536.8,41,2025-08-04
ATP,Alejandro Gomez Gb42,1533.0,41,2021-12-13
WTA,Emma Martellenghi,1532.31,41,2026-05-18
WTA,Savine Erler,1531.65,41,2025-09-15
ATP,Andrew Harris,1513.56,41,2022-02-14
ATP,Tim Ruehl,1502.58,41,2024-07-29
ATP,Nicolas Villalon,1491.28,41,2026-05-11
ATP,Christian Lindell,1490.2,41,2021-02-14
WTA,Daria Shubina,1488.08,41,2026-05-11
ATP,Ryo Tabata,1480.93,41,2026-04-13
WTA,Sanjana Sirimalla,1475.66,41,2024-02-26
ATP,Paolo Lorenzi,1469.35,41,2021-08-16
WTA,Sienna Leeson,1460.58,41,2024-11-04
WTA,Melis Rasim,1452.66,41,2026-05-11
ATP,Gabriele Vulpitta,1451.05,41,2024-09-02
ATP,Vlad Cristian Breazu,1436.18,41,2025-09-01
WTA,Lois Newberry,1435.02,41,2026-06-01
WTA,Sofia Constanza Karlau,1432.05,41,2024-07-15
ATP,Vladislav Melnic,1431.19,41,2025-11-24
ATP,Aaron Gil Garcia,1424.77,41,2026-04-27
WTA,Leilany Ipunesso,1424.62,41,2026-06-01
ATP,Vladimir Ivanov,1419.22,41,2021-08-30
ATP,Edoardo Zanada,1417.71,41,2025-09-08
WTA,Mouna Bouzgarrou,1397.87,41,2026-03-16
ATP,Attila Boros,1389.36,41,2024-03-11
ATP,Pierre Antoine Tailleu,1371.39,41,2025-09-01
ATP,Ammar Elamin,1366.07,41,2026-05-11
WTA,Snehal Mane,1359.53,41,2024-02-26
WTA,Hao Liang,1356.91,41,2024-05-13
WTA,Liana Cammilleri,1355.93,41,2024-04-08
ATP,Lukas Hellum Lilleengen,1355.67,41,2025-08-18
WTA,Christine Gouws,1317.07,41,2024-05-27
ATP,Ren Nakamura,1316.25,41,2025-11-17
ATP,Karlo Cubelic,1314.28,41,2023-07-31
WTA,Tasnim Ismail,1310.55,41,2025-12-29
WTA,Rituparna Nayak,1222.29,41,2026-03-09
WTA,Lucia Gabriela Serrano,1180.58,41,2024-05-13
WTA,Kristina Liutova,1891.07,40,2026-06-01
ATP,Sebastian Korda,1821.96,40,2026-01-27
WTA,Dana Guzman,1747.08,40,2026-05-25
WTA,Xinyu Jiang,1727.45,40,2025-09-24
WTA,Bella Payne,1708.89,40,2026-06-01
WTA,Julie Pastikova,1692.84,40,2026-02-01
WTA,Eugenie Bouchard,1658.04,40,2025-07-07
WTA,Luna Maria Cinalli,1616.15,40,2026-05-11
WTA,Lara Michel,1609.76,40,2023-08-28
ATP,Oliver Bonding,1608.96,40,2025-11-24
WTA,Sunam Jeong,1595.41,40,2026-05-11
ATP,Justin Barki,1585.05,40,2026-01-26
ATP,Oskar Brostrom Poulsen,1560.55,40,2026-04-27
ATP,Luca Vanni,1556.88,40,2021-11-08
WTA,Mia Repac,1554.75,40,2023-01-09
ATP,Lucas Marionneau,1553.7,40,2025-06-16
WTA,Sonja Zhenikhova,1541.88,40,2026-05-25
WTA,Na Ri Kim,1533.06,40,2026-05-11
WTA,Tijana Sretenovic,1519.44,40,2023-10-23
WTA,Aitiyaguli Aixirefu,1517.99,40,2025-08-04
WTA,Barakat Oyinlomo Quadre,1504.55,40,2026-05-25
WTA,Kristina Samardzic,1502.75,40,2024-09-16
WTA,Anastasija Arsic,1502.01,40,2024-09-16
WTA,Martina Belen Roldan Santander,1489.8,40,2023-02-27
WTA,Carolina Gomez,1481.03,40,2024-07-01
ATP,Mariano Dedura Palomero,1479.28,40,2025-08-04
WTA,Eugenia Jazmin Ceinos,1471.43,40,2024-06-10
ATP,Nico Hornitschek,1463.37,40,2024-04-01
ATP,Rodrigo Fernandes,1461.02,40,2024-05-13
WTA,Madeleine Jessup,1453.23,40,2025-07-14
WTA,Ela Platenikova,1450.33,40,2023-02-13
ATP,Jirat Navasirisomboon,1447.93,40,2023-01-16
WTA,Diana De Simone,1439.47,40,2025-06-16
ATP,Jaycer Lyeons,1423.49,40,2024-03-04
ATP,Samuele Seghetti,1419.42,40,2026-04-27
WTA,Karina Jumazhanova,1419.41,40,2024-04-22
WTA,Tara Mihaljevic,1416.65,40,2025-06-02
ATP,Vaclav Safranek,1414.78,40,2022-06-06
ATP,Nikola Jovic,1404.4,40,2026-06-01
ATP,Gabriel Elicha Navas,1400.59,40,2024-09-02
ATP,Jakub Wojcik,1390.8,40,2024-07-01
ATP,Congsup Congcar,1387.91,40,2026-01-12
ATP,Michael Shaw,1375.55,40,2024-06-24
ATP,Daniel Batista,1375.15,40,2026-01-26
ATP,Alp Horoz,1363.94,40,2025-11-24
ATP,Pruchya Isarow,1355.97,40,2024-01-15
WTA,Daphne Belen Marquez,1351.27,40,2024-08-12
ATP,Toprak Avcibasi,1348.81,40,2026-05-18
WTA,Ofer Kivity,1347.11,40,2024-01-08
WTA,Julia Keranovic,1346.38,40,2023-02-20
WTA,Annabelle Lammas,1333.04,40,2024-07-01
ATP,Ryan Augusto Dos Santos,1332.69,40,2026-05-04
ATP,Obrad Markovski,1328.13,40,2025-05-19
ATP,Gabriel Pascotto Tumasonis,1322.67,40,2024-01-29
ATP,Yamato Sueoka,1317.2,40,2022-10-31
ATP,Michalis Sakellaridis,1312.12,40,2026-05-04
ATP,Jan Jermar,1292.34,40,2026-04-27
WTA,Elizaveta Koklina,1257.58,40,2023-10-30
WTA,Prisha Vyas,1244.13,40,2026-04-27
WTA,Nour Gueblaoui,1229.2,40,2023-07-31
WTA,Marie Bouzkova,1832.2,39,2026-01-12
WTA,Sofia Johnson,1659.24,39,2026-06-01
WTA,Sarah Melany Fajmonova,1626.87,39,2026-03-02
ATP,Gavin Young,1607.61,39,2026-05-04
ATP,Herman Hoeyeraal,1594.26,39,2026-05-18
WTA,Ines Nicault,1575.83,39,2024-03-18
WTA,Lara Escauriza,1572.36,39,2022-05-16
ATP,Cheong Eui Kim,1566.72,39,2022-10-03
WTA,Nicoleta Catalina Dascalu,1561.56,39,2023-04-17
ATP,Luca Pow,1551.12,39,2025-11-03
WTA,Kurumi Tamura,1530.15,39,2026-05-25
WTA,Mariam Dalakishvili,1523.72,39,2021-03-01
ATP,Alan Wazny,1522.71,39,2025-09-08
WTA,Nidhi Chilumula,1522.03,39,2022-08-08
WTA,Elise Renard,1521.3,39,2025-09-29
WTA,Viktoriya Petrenko,1519.28,39,2022-05-02
WTA,Gianna Pielet,1514.0,39,2022-11-14
WTA,Alice Pesci,1509.33,39,2024-11-25
ATP,Bradley Klahn,1504.33,39,2023-01-30
ATP,Mikael Arseneault,1501.36,39,2025-11-10
ATP,David Eichenseher,1480.69,39,2026-06-01
ATP,Samuel Brosset,1474.56,39,2024-01-01
ATP,William Rejchtman Vinciguerra,1469.88,39,2026-06-01
WTA,Joanna Tomera,1469.72,39,2023-03-13
WTA,Elisabeth Junge Ilges,1469.69,39,2024-03-11
WTA,Anna Sofia Haseth,1467.45,39,2024-10-28
ATP,Stylianos Christodoulou,1456.64,39,2025-05-12
ATP,George Houghton,1449.91,39,2024-02-12
WTA,Valentina Mutilba,1447.83,39,2023-02-27
ATP,Mehdi Benchakroun,1445.85,39,2022-04-04
ATP,Manel Lazaro Juncadella,1427.33,39,2026-05-18
WTA,Katriin Saar,1425.74,39,2023-02-13
ATP,Nicolas Garcia Longo,1418.69,39,2026-01-12
ATP,Benjamin O'Connell,1394.95,39,2026-06-01
ATP,Ivan Gretskiy,1364.24,39,2025-11-24
ATP,Vito Dellelba,1364.09,39,2026-05-04
ATP,Tadeo Meneo,1354.86,39,2026-05-11
WTA,Tanika Tyra Panaino,1354.68,39,2024-07-01
WTA,Anna Jakovleva,1319.26,39,2024-08-19
WTA,Liva Yildiz,1307.47,39,2024-01-29
ATP,Anthony Susanto,1300.44,39,2026-05-11
WTA,Vivian Mayumi Toma,1257.96,39,2024-12-09
WTA,Melanie Stokke,1650.62,38,2022-07-18
WTA,Leyla Fiorella Britez Risso,1625.08,38,2024-06-10
WTA,Camilia Samel Druz,1611.24,38,2024-06-03
WTA,Chiara Tomasetti,1609.66,38,2022-05-02
WTA,Laima Vladson,1608.34,38,2026-04-20
ATP,Johan Sebastien Tatlot,1606.06,38,2023-01-23
WTA,Jahnie Van Zyl,1588.29,38,2026-05-04
ATP,Michael Redlicki,1561.6,38,2021-09-13
WTA,Aleksandra Pozarenko,1556.81,38,2026-04-20
ATP,Maxwell Exsted,1550.29,38,2025-10-20
WTA,Katie Codd,1542.93,38,2024-06-03
WTA,Anna Morgina,1533.09,38,2022-06-20
ATP,Sydney Zick,1517.12,38,2025-10-13
WTA,Darya Shvartsmann,1509.1,38,2022-05-23
WTA,Ivana Corley,1497.59,38,2024-07-29
WTA,Syria La Cerra,1496.0,38,2025-08-25
WTA,Katerina Petrova,1488.2,38,2024-04-08
WTA,Andjela Jocovic,1485.33,38,2021-04-05
ATP,Jules Okala,1484.82,38,2022-01-10
WTA,Emma Ottavia Ghirardato,1482.34,38,2026-06-01
ATP,Charles Bertimon,1475.12,38,2026-04-20
WTA,Ana Martinez Vaquero,1446.8,38,2024-02-05
ATP,Boris Fassbender,1438.7,38,2022-06-27
ATP,Fletcher Scott,1438.39,38,2021-08-16
WTA,Adele Burato,1434.99,38,2022-05-02
ATP,Joshua Goodger,1433.75,38,2024-08-05
WTA,Aliesia Reva,1431.85,38,2026-05-11
ATP,Daniele Minighini,1430.52,38,2024-07-29
WTA,Svetlana Samardzic,1430.03,38,2023-03-20
WTA,Venla Ahti,1422.66,38,2026-03-02
ATP,Boris Arias,1409.88,38,2026-04-13
ATP,Alejandro Melero Kretzer,1405.96,38,2025-07-28
ATP,Ondrej Horak,1400.94,38,2022-04-25
ATP,Rafael De Alba,1398.82,38,2026-04-06
WTA,Nao Phang Ziyi,1398.12,38,2026-06-01
WTA,Semra Aksu,1391.05,38,2026-05-25
ATP,Javier Molino,1390.06,38,2023-09-04
WTA,Tamara Bajagic,1388.31,38,2023-02-27
WTA,Amira Bargaoui,1385.72,38,2023-11-20
WTA,Anna Schubries,1370.05,38,2024-03-11
WTA,Anja Petkovic,1352.26,38,2024-05-13
WTA,Lena Ramharter,1339.5,38,2026-05-11
WTA,Dunya Charalampopoulos,1335.43,38,2025-09-15
ATP,Adam Jurajda,1319.35,38,2022-08-01
ATP,Enrique Pena,1294.07,38,2024-06-24
ATP,Keenan Mayo,1284.61,38,2026-05-25
WTA,Liz Pinson,1279.0,38,2024-10-14
WTA,Lauryn Jacobs,1261.42,38,2025-09-01
WTA,Lola De Leon,1250.71,38,2025-05-12
WTA,Priyanka Rodricks,1236.63,38,2024-11-04
WTA,Florence Fedeli,1174.34,38,2025-09-29
WTA,Leylah Fernandez,1781.29,37,2026-05-11
ATP,Thiemo De Bakker,1671.94,37,2023-08-21
WTA,Estela Perez Somarriba,1648.78,37,2021-09-20
WTA,Emma Kamper,1620.29,37,2026-05-11
ATP,Pavel Lagutin,1600.99,37,2026-05-18
WTA,Magdalena Smekalova,1565.91,37,2025-11-03
WTA,Valery Gynina,1565.09,37,2024-04-08
ATP,Charlie Robertson,1559.66,37,2025-11-24
WTA,Shanelle Iaconi,1553.86,37,2024-08-26
ATP,Shu Matsuoka,1546.94,37,2026-03-10
WTA,Imogen Haddad,1541.06,37,2024-11-11
ATP,Paul Inchauspe,1527.93,37,2026-01-27
WTA,Tamachan Momkoonthod,1527.56,37,2023-10-16
WTA,Wenfei Yu,1521.37,37,2026-05-04
WTA,Inka Wawrzkiewicz,1512.99,37,2026-06-01
ATP,Yaraslav Shyla,1508.97,37,2020-01-13
WTA,Sol Faga,1469.76,37,2022-06-27
WTA,Miyabi Inoue,1459.99,37,2021-05-10
ATP,Christian Djonov,1459.65,37,2026-06-01
WTA,Paloma Goldsmith Weinreich,1459.4,37,2025-06-23
ATP,Alessandro Ingarao,1453.66,37,2024-02-12
ATP,Jurriaan Bol,1444.43,37,2025-04-28
ATP,Paul Barbier Gazeu,1444.3,37,2025-08-04
ATP,Gianni Ross,1431.7,37,2022-10-31
WTA,Riya Uboveja,1429.05,37,2024-08-26
WTA,Klara Ondrejcekova,1423.4,37,2022-04-25
ATP,Mateo Gomez,1417.69,37,2022-03-28
WTA,Josephine Kunz,1401.51,37,2026-05-11
WTA,Jessica Plazas,1398.3,37,2022-03-07
ATP,Jesse De Jager,1397.2,37,2026-02-16
ATP,Alessandro Coccioli,1389.62,37,2026-06-01
WTA,Wiem Boubaker,1388.3,37,2024-06-10
WTA,Soumeya Anane,1387.79,37,2024-11-18
WTA,Jade Marie,1386.7,37,2023-04-24
ATP,Nicaise Muamba,1385.98,37,2025-11-10
WTA,Jasmina Stoppel,1383.5,37,2026-04-06
WTA,Sofia Jane Thorne,1377.63,37,2026-05-25
WTA,Apurva Vemuri,1367.02,37,2025-09-15
WTA,Warona Mdlulwa,1359.69,37,2026-03-02
ATP,Peter Nad,1357.12,37,2023-10-09
WTA,Anastasiia Aralova,1332.81,37,2025-09-08
WTA,Nidhitra Rajmohan,1318.52,37,2024-02-26
WTA,Patricia Cano,1313.23,37,2024-08-19
ATP,Raphael Calzi,1311.22,37,2026-01-26
WTA,Shelby Prince,1250.84,37,2024-11-18
WTA,Anastasiya Konstantinovna Soboleva,1796.41,36,2024-05-06
ATP,Pietro Fellin,1627.23,36,2026-06-01
WTA,Maayan Laron,1606.4,36,2026-05-11
ATP,Spencer Johnson,1601.42,36,2026-01-27
ATP,Max Dahlin,1580.7,36,2023-11-13
WTA,Thea Frodin,1572.98,36,2026-03-17
ATP,Alex Kuperstein,1570.04,36,2026-02-23
ATP,Lenny Hampel,1554.07,36,2021-09-06
ATP,Kevin King,1547.43,36,2024-08-12
ATP,Niels Lootsma,1532.04,36,2025-11-24
WTA,Elisa Cesarina Vincenti,1525.21,36,2023-03-06
WTA,Karolina Kubanova,1515.97,36,2024-06-24
ATP,Jeroen Vanneste,1511.85,36,2021-08-23
WTA,Paola Ueno Dalmonico,1510.6,36,2024-03-18
WTA,Camila Rodero,1505.05,36,2026-05-25
WTA,Cristina Elena Tiglea,1504.56,36,2025-10-13
WTA,Grete Gull,1503.73,36,2025-06-23
ATP,Tom Zeuch,1498.69,36,2025-11-17
WTA,Barbara Straszewska,1497.19,36,2026-03-09
WTA,Carolina Xavier Laydner,1494.42,36,2026-06-01
WTA,Alessandra Simone,1479.53,36,2022-04-04
WTA,Iulia Bucea,1478.86,36,2026-03-02
WTA,Amira Benaissa,1474.69,36,2025-04-07
ATP,Tim Sandkaulen,1468.9,36,2022-10-17
WTA,Jelena Kovac,1461.22,36,2023-02-20
WTA,Zlata Yankovskaya,1451.77,36,2022-06-27
WTA,Sabrina Olimjanova,1451.71,36,2025-10-20
ATP,Kevin Edengren,1450.08,36,2026-05-25
WTA,Ela Plosnik,1444.07,36,2026-05-25
WTA,Maria Aldea Wesselly,1443.76,36,2024-11-11
WTA,Iva Rafailovic,1441.95,36,2024-12-16
ATP,Jiri Cizek,1436.09,36,2026-04-27
ATP,Rayane Oumaouche,1435.96,36,2024-05-13
ATP,Melih Anavatan,1433.25,36,2026-05-18
WTA,Elena Michel,1425.13,36,2026-01-12
WTA,Cemre Anil,1421.14,36,2023-02-27
WTA,Adi Gavish,1407.21,36,2023-05-08
WTA,Love Star Alexis,1406.43,36,2026-05-18
ATP,Marco Furlanetto,1401.98,36,2026-04-27
ATP,Alexander Frusina,1399.65,36,2024-06-03
ATP,Drazen Petrovic,1383.01,36,2023-08-07
WTA,Ariadna Briones Ginesta,1376.64,36,2023-06-12
ATP,Gabriel Schenekenberg,1367.93,36,2026-05-04
ATP,Julien De Cuyper,1366.51,36,2025-11-03
ATP,Lorenzo Ferri,1366.42,36,2026-05-18
WTA,Nikoletta Muller,1359.48,36,2025-09-15
ATP,Nik Mikovic,1352.56,36,2026-06-01
ATP,Rayane Roumane,1345.44,36,2021-07-19
ATP,Jakub Kroslak,1343.17,36,2026-05-25
WTA,Sarah Barry,1288.49,36,2025-12-15
WTA,Anna Bochoradze,1256.18,36,2025-09-01
WTA,Mariana Borges,1201.24,36,2023-08-28
ATP,Roberto Bautista Agut,1802.34,35,2026-06-01
ATP,Viktor Troicki,1642.94,35,2021-03-01
WTA,Lara Stojanovski,1641.49,35,2024-07-29
WTA,Charo Esquiva Banuls,1615.64,35,2026-04-20
WTA,Didi Bredberg Canizares,1612.26,35,2026-04-27
WTA,Yehua Zhou,1612.07,35,2024-05-13
WTA,Helene Scholsen,1596.06,35,2021-01-25
WTA,Ksenia Agureeva,1593.76,35,2023-05-08
WTA,Haram Kim,1582.52,35,2024-05-27
WTA,Kaili Demi Teso,1568.85,35,2025-05-19
WTA,Ivania Martinich,1567.69,35,2026-03-16
WTA,Anna Campana,1566.9,35,2024-10-07
WTA,Mathilde Ngijol Carre,1563.8,35,2026-02-16
WTA,Lucrezia Musetti,1541.92,35,2026-03-30
WTA,Farhat Aleen Qamar,1537.16,35,2023-12-25
WTA,Chloe Cirotte,1523.54,35,2024-10-07
ATP,Francisco Cabral,1514.53,35,2025-03-11
WTA,Lily Taylor,1513.77,35,2026-06-01
ATP,Hoyoung Roh,1509.42,35,2025-11-10
WTA,Natalia Krockova,1506.59,35,2026-02-23
WTA,Subin Park,1502.28,35,2025-05-12
ATP,Kalman Boyd,1501.87,35,2023-07-17
ATP,Aziz Kijametovic,1500.09,35,2023-04-17
WTA,Isabella Svahn,1498.95,35,2025-11-24
WTA,Francesca Covi,1491.23,35,2024-01-08
WTA,Ruby Cooling,1490.47,35,2026-05-04
ATP,Pablo Vivero Gonzalez,1489.32,35,2021-05-17
ATP,Aleksander Orlikowski,1486.64,35,2021-07-26
ATP,Rafael Matos,1484.55,35,2025-08-12
WTA,Diae El Jardi,1481.96,35,2026-06-01
ATP,Adam Pavlasek,1475.34,35,2022-04-04
ATP,Walid Ahouda,1474.25,35,2023-04-03
ATP,Benjamin Willwerth,1472.22,35,2026-02-09
ATP,Andrea Colombo,1462.34,35,2026-06-01
WTA,Abbie Myers,1461.41,35,2022-01-17
WTA,Iman Khan,1457.92,35,2024-06-03
ATP,Luke Hooper,1446.39,35,2026-05-25
WTA,Avishka Gupta,1442.03,35,2023-06-12
ATP,Seon Yong Han,1440.73,35,2023-05-01
ATP,Maan Kesharwani,1437.79,35,2026-05-18
WTA,Masa Tanaskovic,1433.36,35,2025-04-21
WTA,Shira Chiche,1419.19,35,2024-11-18
ATP,Antonio Caruso,1416.95,35,2025-09-15
ATP,Benjamin Dhoe,1415.42,35,2021-12-06
WTA,Maria Theodora Stancescu,1407.79,35,2024-08-05
ATP,Matthew Segura,1404.92,35,2022-10-31
WTA,Styliani Roussopoulou,1404.33,35,2025-11-24
ATP,Finn Reynolds,1403.92,35,2025-07-07
ATP,Louis Van Herck,1394.03,35,2026-04-20
WTA,Julia Peer,1384.87,35,2025-03-31
WTA,Lana Stanisic,1383.01,35,2024-08-05
WTA,Klara Vaja,1375.28,35,2026-06-01
ATP,Mateo Castaneda,1375.09,35,2025-11-24
WTA,Rianna Ioana Coreisa,1371.16,35,2024-03-04
ATP,Alexander Chepik,1370.83,35,2025-05-26
ATP,Vesa Ahti,1370.56,35,2025-07-21
ATP,Marco De Rossi,1370.31,35,2023-07-31
ATP,Vadym Konovchuk,1369.32,35,2026-02-09
ATP,Aaron Cohen,1365.08,35,2022-04-04
WTA,Andjela Lopicic,1362.39,35,2024-06-17
WTA,Diana Ilie,1359.1,35,2025-12-29
WTA,Daria Nazarenko,1355.27,35,2024-06-10
WTA,Darcy Parke,1346.12,35,2024-03-18
WTA,Angela Cui,1342.09,35,2026-05-04
ATP,Biagio Gramaticopolo,1337.32,35,2025-09-22
ATP,Federico Salomone,1335.21,35,2024-10-14
ATP,Joao Vitor Scramin Do Lago,1321.32,35,2026-05-04
WTA,Zoe Bourbotte,1320.47,35,2022-04-11
WTA,Carola Celina Sosa,1319.08,35,2026-01-19
WTA,Elizaveta Gurianova,1318.34,35,2026-05-25
ATP,Ye Hongyu,1272.98,35,2026-06-01
WTA,Yifei Huang,1261.43,35,2024-12-16
WTA,Giulia Pereira De Aguiar,1212.6,35,2024-09-30
WTA,Carson Tanguilig,1675.48,34,2026-02-16
WTA,Chloe Beck,1662.77,34,2023-10-30
ATP,Anton Arzhankin,1650.52,34,2026-06-01
WTA,Francesca Mattioli,1631.94,34,2026-06-01
WTA,Marilouise Van Zyl,1578.69,34,2026-05-18
WTA,Mia Slama,1575.91,34,2025-08-11
ATP,Matej Vocel,1572.07,34,2024-10-07
WTA,Zhirui Liu,1567.8,34,2025-07-28
WTA,Eunyeong Park,1566.57,34,2026-05-11
WTA,Axana Mareen,1557.11,34,2023-02-20
WTA,Isabella Harvison,1536.2,34,2026-01-12
WTA,Claire Hill,1534.25,34,2026-05-25
WTA,Anaelle Leclercq,1533.63,34,2022-09-26
ATP,Tauheed Browning,1532.61,34,2024-04-22
ATP,Robert Guna,1532.49,34,2026-06-01
WTA,Zuzanna Frankowska,1527.95,34,2025-07-07
WTA,Charlotte Van Zonneveld,1516.25,34,2026-02-23
ATP,Oskari Paldanius,1511.26,34,2026-05-11
WTA,Anja Nayar,1506.44,34,2025-08-11
WTA,Annerly Poulos,1497.83,34,2022-01-10
WTA,Oriana Gniewkowska,1497.59,34,2025-10-13
WTA,Karolina Novakova,1497.3,34,2022-02-07
ATP,Nicholas Godsick,1496.55,34,2025-10-06
ATP,Warren Wood,1494.14,34,2023-07-10
ATP,Joshua Lapadat,1493.17,34,2024-08-05
WTA,Dalia Sherif,1490.99,34,2025-02-24
WTA,Ari Matsumoto,1486.36,34,2024-11-04
WTA,Maria Teodorescu,1475.21,34,2024-02-05
ATP,Goncalo Marques,1472.7,34,2026-05-11
ATP,Aliaksandr Bulitski,1466.63,34,2020-03-09
WTA,Maria Victoria Burstein,1466.61,34,2023-11-20
WTA,Camille Kiss,1461.7,34,2025-06-30
WTA,Kyoka Kubo,1449.06,34,2023-04-03
WTA,Isabella Marton,1445.02,34,2026-06-01
WTA,Susanna Giovanardi,1440.68,34,2024-02-05
ATP,Loic Cloes,1440.17,34,2022-06-06
ATP,Ferdinand Livet Novkirichka,1434.74,34,2025-06-30
WTA,Jian Ibrahim,1433.56,34,2025-11-03
ATP,Mac Kiger,1431.6,34,2025-07-28
WTA,Prathiba Narayan Prasad,1425.01,34,2024-03-11
ATP,Mehluli Don Ayanda Sibanda,1424.28,34,2020-03-09
WTA,Larisa Bekmetova,1423.06,34,2025-05-12
ATP,Ben Weintraub,1410.09,34,2024-11-11
WTA,Martina Puvill,1402.8,34,2024-01-29
WTA,Tereza Dejnozkova,1401.71,34,2022-03-28
ATP,Matteo Lavizzari,1399.86,34,2025-07-28
WTA,Kelly Loana Vargas Gonzalez,1399.51,34,2023-06-26
ATP,Haoyuan Huang,1398.57,34,2026-03-23
WTA,Christina Dodaj,1393.67,34,2026-03-16
ATP,Vladan Tadic,1389.44,34,2023-08-07
WTA,Ipek Sakiroglu,1376.2,34,2024-02-19
WTA,Jelena Ristic,1368.18,34,2024-11-25
WTA,Leire De Ezcurra,1355.0,34,2025-09-22
ATP,Jan Kobierski,1353.8,34,2024-09-02
ATP,Alan Sau Franco,1351.32,34,2026-03-30
WTA,Gabriella Mujan,1346.39,34,2023-06-26
ATP,Andres Urrea,1346.05,34,2026-03-23
WTA,Ekaterina Burenina,1337.06,34,2024-05-13
ATP,Giammarco Gandolfi,1330.56,34,2023-07-17
ATP,Essa Qabazard,1318.97,34,2025-11-24
WTA,Katarina Sopkova,1309.56,34,2023-02-27
ATP,Goncalo Falcao,1305.53,34,2024-09-23
WTA,Barbora Zaviskova,1305.42,34,2023-10-16
WTA,Jael Molongo,1225.54,34,2026-01-19
ATP,Marin Cilic,1869.56,33,2025-11-03
WTA,Karla Popovic,1675.66,33,2026-05-25
WTA,Anastasia Grymalska,1672.93,33,2022-05-30
WTA,Alexa Noel,1619.15,33,2024-07-22
ATP,Thijs Boogaard,1609.14,33,2026-01-19
WTA,Gloriana Nahum,1607.46,33,2025-06-30
ATP,Calvin Mueller,1591.26,33,2026-06-01
WTA,Carolina Troiano,1584.05,33,2025-07-28
WTA,Dami Lee,1565.88,33,2026-05-11
WTA,Victoria Gomez O'Hayon,1557.67,33,2026-05-18
WTA,Nadia Lagaev,1554.24,33,2026-03-09
WTA,Aishi Das,1543.22,33,2026-01-05
WTA,Shelly Bereznyak,1541.86,33,2022-11-07
WTA,Sophie Greiner,1518.47,33,2026-06-01
WTA,Mihika Yadav,1500.18,33,2023-11-20
ATP,Leo Lagarrigue,1493.09,33,2026-05-25
ATP,Alessio Vasquez Gehrke,1489.34,33,2025-08-04
WTA,Julia Khramtsova,1484.8,33,2026-05-04
ATP,Nemanja Malesevic,1484.33,33,2026-05-25
WTA,Roopa Bains,1480.55,33,2023-03-20
ATP,Jaden Weekes,1478.08,33,2025-07-28
WTA,Irys Ekani,1477.13,33,2023-02-06
WTA,Giada Di Paola,1473.77,33,2025-12-15
WTA,Zara Brankovic,1462.49,33,2023-10-30
ATP,James Beaven,1453.35,33,2026-06-01
ATP,Roi Ginat,1452.84,33,2023-07-31
WTA,Noemi Babikova,1450.07,33,2023-02-13
ATP,Shohei Chikami,1448.97,33,2023-10-23
WTA,Chompoothip Jandakate,1442.51,33,2023-01-30
WTA,Kirsten Andrea Weedon,1438.34,33,2024-06-10
ATP,Jaroslav Pospisil,1437.22,33,2024-06-03
ATP,Ken Cavrak,1431.25,33,2022-10-31
ATP,Lior Goldenberg,1428.49,33,2023-07-31
ATP,Peter Nagy,1420.83,33,2022-01-17
WTA,Africa Burillo Berezak,1418.06,33,2024-01-29
WTA,Sahira Singh,1412.3,33,2026-03-30
WTA,Elicia Kim,1400.63,33,2025-10-27
ATP,Juan Jose Bianchi,1389.9,33,2026-04-06
WTA,Ava Williamson,1386.57,33,2025-11-24
ATP,Bora Sengul,1384.67,33,2025-09-01
ATP,Vasile Antonescu,1366.53,33,2024-09-02
ATP,Ignasi De Rueda De Genover,1359.3,33,2023-03-19
ATP,Peetu Pohjola,1344.11,33,2024-07-22
WTA,Ametmarie Perez,1343.01,33,2025-08-11
WTA,Mile Cibulskyte,1341.99,33,2024-02-19
ATP,Vicente Oliver Moratalla,1327.26,33,2024-09-16
WTA,Carolina Azadinho,1314.75,33,2023-02-27
WTA,Lena Couto,1307.99,33,2025-11-24
ATP,Sai Karteek Reddy Ganta,1293.9,33,2026-05-11
WTA,Maika M Adair,1285.43,33,2025-07-07
ATP,Daiki Yoshimura,1282.6,33,2025-11-03
WTA,Mariia Maksimova,1244.29,33,2024-07-29
WTA,Ekaterina Tupitsyna,1768.84,32,2026-05-04
ATP,John Millman,1698.0,32,2024-01-15
ATP,Dominic Thiem,1691.01,32,2024-03-18
WTA,Ashleigh Simes,1650.46,32,2026-03-16
WTA,Pamela Montez,1634.4,32,2022-02-14
ATP,Ze Zhang,1620.64,32,2020-01-13
WTA,Monica Niculescu,1602.74,32,2023-09-18
WTA,Julia Garcia,1575.9,32,2026-05-25
WTA,Erika Bosaia,1564.75,32,2025-03-24
ATP,Niels Mcdonald,1550.52,32,2026-05-11
WTA,Camille Moga,1548.34,32,2023-06-12
WTA,Karla Bartel,1548.33,32,2026-05-25
ATP,Liam Branger,1542.73,32,2024-12-30
ATP,Gleb Sakharov,1541.85,32,2025-05-05
ATP,Cezar Gabriel Papoe,1535.89,32,2025-06-30
ATP,Jonas Eriksson Ziverts,1527.5,32,2022-10-03
WTA,Mira Antonitsch,1526.92,32,2023-10-23
WTA,Arina Varaksina,1510.04,32,2026-05-18
WTA,Alexandra Yepifanova,1508.34,32,2023-08-14
ATP,Fanming Meng,1497.85,32,2026-04-06
ATP,Liam Krall,1486.73,32,2026-05-04
WTA,Svetlana Shusteva,1476.7,32,2025-06-30
WTA,Yizhen Zheng,1459.3,32,2024-02-26
ATP,Alessandro Battiston,1456.58,32,2026-05-25
WTA,Ria Dernikovic,1453.18,32,2026-06-01
WTA,Lina Qostal,1445.85,32,2026-03-09
WTA,Sun Min Ha,1444.23,32,2026-05-18
WTA,Liisa Vehvilainen,1442.15,32,2023-06-05
WTA,Kristie Ahn,1438.33,32,2021-08-30
ATP,Kylian Collignon,1434.2,32,2026-01-05
ATP,Yvo Panak,1429.5,32,2025-08-25
ATP,Andrea Paolini,1427.6,32,2026-05-04
WTA,Ana Karen Guadiana Campos,1414.09,32,2025-03-31
ATP,Gabor Hornung,1411.4,32,2026-04-13
WTA,Perla Nieuwboer,1409.18,32,2021-06-14
WTA,Maria Luisa Oliveira,1407.63,32,2026-06-01
WTA,Kianah Motosono,1401.09,32,2026-03-02
WTA,Lucie Brun,1393.14,32,2024-02-19
WTA,Claudina Aiassa,1392.63,32,2025-11-03
ATP,Bozo Barun,1390.79,32,2022-05-09
ATP,Luis Garcia Paez,1380.3,32,2026-05-18
ATP,Benjamin Sigouin,1362.51,32,2023-01-30
WTA,Sara Gvozdenovic,1359.18,32,2025-06-16
ATP,Louis Herman,1357.2,32,2026-02-09
WTA,Arianna Nepomuceno,1350.48,32,2024-02-12
WTA,Ema Harajda,1347.44,32,2024-11-18
WTA,Sin Yu Che,1340.93,32,2024-10-28
ATP,Zaharije Zak Talic,1339.81,32,2023-10-23
WTA,Guyu Xu,1339.48,32,2026-04-27
WTA,Analu Freitas,1326.55,32,2026-04-13
ATP,Zhan Zheng,1321.29,32,2025-09-22
WTA,Shahd Habib,1320.8,32,2023-11-20
WTA,Zuzana Sopkova,1306.64,32,2024-09-30
ATP,Kaya Arinc,1293.65,32,2025-09-01
WTA,Sarah Pang,1260.21,32,2024-03-04
WTA,Shelby Rogers,1702.87,31,2024-08-19
WTA,Kailey Evans,1631.08,31,2026-06-01
WTA,Kali Supova,1618.78,31,2026-06-01
WTA,Pimrada Jattavapornvanit,1600.16,31,2022-02-14
ATP,Edoardo Eremin,1554.49,31,2021-07-12
WTA,Ioana Gaspar,1542.7,31,2022-08-29
WTA,Elizabeth Ionescu,1541.55,31,2025-08-04
ATP,Hiromasa Koyama,1536.93,31,2026-05-25
ATP,Seung Woo Cho,1536.07,31,2026-05-25
WTA,Giorgia Roselli,1530.92,31,2024-06-03
WTA,Sara Akid,1530.9,31,2024-07-22
WTA,Lara Walker,1517.58,31,2023-11-27
ATP,Seokhyeon Chu,1516.12,31,2024-04-08
WTA,Ludmila Kareisova,1512.66,31,2023-10-16
WTA,Allison Nicole Isaacs,1499.33,31,2024-11-04
ATP,Ryan Shane,1498.8,31,2021-03-15
WTA,Shona Nakano,1491.88,31,2023-06-12
WTA,Hana El Deeb,1481.44,31,2022-09-05
WTA,Nadia Rawson,1477.23,31,2024-09-23
ATP,Pietro Rondoni,1476.74,31,2021-05-03
WTA,Tamara Malesevic,1470.49,31,2022-01-24
ATP,Andreas Timini,1468.01,31,2026-05-25
ATP,Jean Christian Morandais,1464.36,31,2024-06-24
WTA,Anastasiya Komardina,1459.32,31,2022-08-29
ATP,Roko Horvat,1454.9,31,2025-05-12
WTA,Bridget Mihulka,1452.24,31,2025-09-08
WTA,Sophie Williams,1451.05,31,2025-10-27
ATP,Timofey Stepanov,1436.57,31,2023-03-06
WTA,Micol Salvadori,1432.48,31,2026-06-01
WTA,Lidia Podgorichani,1429.99,31,2026-05-04
WTA,Amelia Zylberman,1429.15,31,2025-08-11
ATP,Frane Nincevic,1421.1,31,2025-03-17
ATP,Hong Kit Jack Wong,1419.84,31,2024-01-01
ATP,Francisco Llanes,1418.44,31,2024-11-11
WTA,Ester Ivaldo,1416.66,31,2024-08-05
ATP,Noah Schlagenhauf,1414.26,31,2026-05-18
ATP,Baran Cengiz,1410.22,31,2022-05-16
ATP,Faisal Qamar,1400.44,31,2025-03-10
WTA,Jiumeng Liu,1395.95,31,2024-12-16
WTA,Varvara Flink,1394.2,31,2022-10-17
WTA,Yoana Radulova,1393.44,31,2024-03-04
WTA,Sofya Gapankova,1390.5,31,2025-09-22
ATP,Arslanbek Aitkulov,1389.23,31,2023-07-24
WTA,Anna Popescu,1372.0,31,2023-11-13
ATP,Gheorghe Claudiu Schinteie,1345.07,31,2026-05-18
WTA,Gabriela Miteva,1339.32,31,2023-04-03
ATP,Darrshan Suresh,1333.63,31,2026-05-04
WTA,Rebeca Maria Tudose,1330.91,31,2023-12-11
WTA,Alessandra Pezzulla,1316.37,31,2024-09-16
WTA,Shefali Arora,1307.25,31,2024-02-26
ATP,S Mert Ozdemir,1304.59,31,2026-04-27
WTA,Taylor Marie Gales,1296.67,31,2024-01-15
WTA,Zora Hudson,1274.48,31,2024-08-26
WTA,Amittalai Prasutnawin,1234.26,31,2026-05-11
ATP,Philipp Kohlschreiber,1678.74,30,2022-03-28
WTA,Tianmei Wang,1665.3,30,2025-10-06
WTA,Maia Ilinca Burcescu,1640.52,30,2026-04-20
ATP,Benito Sanchez Martinez,1607.03,30,2025-08-18
ATP,Ziga Sesko,1588.43,30,2026-05-18
ATP,Eduardo Nava,1582.54,30,2023-05-29
WTA,Anastasia Zarytska,1568.54,30,2021-03-01
WTA,Eleonora Molinaro,1550.03,30,2024-11-04
WTA,Seo Yun Choi,1547.15,30,2026-05-18
WTA,Alessandra Teodosescu,1541.21,30,2025-03-17
WTA,Emma Kette,1500.74,30,2024-08-12
WTA,Lea Bathellier,1496.78,30,2024-08-05
ATP,Yan Cheng Chen,1495.08,30,2025-11-03
ATP,Gerard Planelles Ripoll,1493.09,30,2022-07-18
WTA,Emma Rizzetto,1492.55,30,2025-06-02
ATP,Viktor Markov,1491.52,30,2025-08-18
ATP,Davide Pontoglio,1487.45,30,2025-11-24
WTA,Laura Badia,1476.17,30,2026-06-01
ATP,Luciano Tacchi,1467.48,30,2023-07-03
WTA,I Wen Wan,1467.43,30,2026-05-25
WTA,Sarah Hawkshaw,1456.26,30,2024-05-13
WTA,Deniza Marcinkevica,1455.48,30,2023-05-08
WTA,Elizabeth Coleman,1453.3,30,2026-06-01
ATP,Tobia Costanzo Baragiola Mordini,1451.66,30,2026-05-25
WTA,Anna Gross,1434.74,30,2022-06-27
ATP,Nicola Rispoli,1433.34,30,2025-11-17
WTA,Juliette Trunet,1430.44,30,2026-03-16
WTA,Sofiya Chursina,1429.61,30,2022-07-18
WTA,Yiru Chen,1427.64,30,2026-05-18
ATP,Tomas Jirousek,1423.58,30,2023-08-21
ATP,Sina Moghimi,1410.55,30,2025-12-15
ATP,Pijus Vaitiekunas,1405.36,30,2022-10-17
WTA,Sara Sarinova,1404.41,30,2024-11-04
ATP,Nathan Anthony Barki,1404.07,30,2025-07-28
ATP,Petr Hajek,1402.42,30,2022-06-06
ATP,Cedric Stanke,1396.99,30,2026-04-20
WTA,Francesca Davis,1391.75,30,2024-07-29
ATP,Maikel De Boes,1391.39,30,2025-08-18
WTA,Jemma Carbis,1383.95,30,2026-05-11
ATP,Luca Parenti,1378.26,30,2025-06-30
ATP,Olivier Rojas,1372.34,30,2023-02-13
ATP,Daniel Verbeek,1365.66,30,2026-05-18
ATP,Mikel Martinez,1356.07,30,2025-09-08
ATP,Miguel Gomes,1347.81,30,2022-07-04
WTA,Sashi Kempster,1345.69,30,2022-05-23
WTA,Karolina Jaskiewicz,1341.62,30,2024-05-20
WTA,Stella Beldiman,1316.01,30,2024-10-21
WTA,Sharanya Shetty,1308.81,30,2025-09-01
WTA,Jamie Lau,1307.73,30,2024-07-29
WTA,Estelle Najean,1299.68,30,2023-03-27
WTA,Amal Gati,1287.97,30,2021-12-20
WTA,Alejandra Galindo Rincon,1287.29,30,2024-11-25
WTA,Martina Macarena Torrales Tebes,1229.51,30,2025-09-08
WTA,Reece Viola Hamilton,1215.2,30,2024-04-29
ATP,Andy Murray,1891.4,29,2024-05-13
WTA,Ida Wobker,1718.84,29,2026-04-13
WTA,Anastasiya Lopata,1713.16,29,2025-06-23
ATP,Noa Vukadin,1668.31,29,2026-05-11
ATP,Nicolas Ian Kotzen,1597.35,29,2025-07-21
ATP,Michele Mecarelli,1594.04,29,2026-02-02
WTA,Noelia Zeballos,1593.71,29,2025-10-27
WTA,Laura Brunkel,1576.39,29,2025-08-04
WTA,Emily Sartz Lunde,1570.96,29,2026-05-25
WTA,Gabriella Vannessa Lindgren,1563.97,29,2025-06-30
WTA,Alina Khvatova,1552.08,29,2023-03-13
WTA,Silvia Njiric,1541.62,29,2023-07-31
WTA,Capucine Jauffret,1541.61,29,2026-06-01
WTA,Nathalie Geraldine Marinovitch Zegarra,1521.24,29,2024-08-19
WTA,Suzuho Oshino,1515.95,29,2023-09-25
WTA,Katherine Westbury,1506.6,29,2022-02-28
WTA,Maria Fernanda Martinez Hernandez,1494.85,29,2024-06-10
WTA,Irina Dshandshgava,1492.27,29,2022-03-21
WTA,Anna Tabunshchyk,1487.01,29,2026-03-23
WTA,Gabriela Skrabalova,1486.35,29,2025-08-04
WTA,Elitsa Kostova,1474.31,29,2021-06-28
WTA,Katsiaryna Skachkova,1469.67,29,2022-11-14
WTA,Nina Danisova,1464.48,29,2023-12-04
WTA,Lucia Tognoni,1462.7,29,2024-04-15
WTA,Victoria Bervid,1460.47,29,2024-02-05
ATP,Sergio Planella Hernandez,1452.52,29,2025-10-06
ATP,Lorenzo Esquici,1446.74,29,2022-11-14
ATP,Cing Yang Meng,1445.12,29,2025-11-03
WTA,Valeriia Krokhotina,1443.87,29,2025-06-09
WTA,Maria Victoria Graff,1439.99,29,2024-11-04
ATP,Danil Panarin,1436.4,29,2025-06-30
ATP,Antonio Voljavec,1434.71,29,2025-03-17
ATP,Luciano Doria,1433.69,29,2023-04-17
WTA,Bhuvana Kalva,1431.94,29,2022-10-17
WTA,Sihyeong Cho,1427.36,29,2026-05-18
ATP,Mikhail Fufygin,1419.93,29,2022-11-28
WTA,Kseniia Piskareva,1419.05,29,2024-01-15
ATP,Jonas Schaer,1411.76,29,2023-03-20
WTA,Zeynep Su Yavuz,1411.4,29,2022-05-23
ATP,Neo Niedner,1410.94,29,2026-06-01
WTA,Jovana Peric,1408.34,29,2023-09-04
WTA,Jana Kareisova,1394.2,29,2024-07-01
WTA,Ashley Katz,1392.75,29,2024-04-29
WTA,Maria Charl,1390.8,29,2022-08-22
ATP,Alessandro Spadola,1386.12,29,2026-04-20
WTA,Zlata Saurasava,1384.69,29,2024-10-28
ATP,Roman Kharlamov,1382.86,29,2026-05-04
ATP,Nikita Volonski,1381.5,29,2022-10-31
ATP,Federico Valle,1370.96,29,2026-05-25
WTA,Anlin Xie,1368.6,29,2024-06-10
ATP,Jannik Maute,1364.29,29,2022-06-06
WTA,Sapir Cohen,1359.12,29,2026-05-18
WTA,Yarden Akler,1359.08,29,2022-04-25
ATP,Matei Cristian Onofrei,1333.05,29,2025-07-07
WTA,Nifemi Akinbiyi,1328.37,29,2024-01-22
ATP,Imran Sibille,1322.77,29,2024-07-15
WTA,Aglaya Zaynieva,1300.16,29,2025-10-27
WTA,Nadine Abid,1270.46,29,2024-11-18
WTA,Dora Olgungul,1266.43,29,2024-05-13
ATP,Louis Allen,1263.06,29,2026-04-13
WTA,Isha Budwal,1262.96,29,2024-02-26
WTA,Viktoria Kurz,1254.81,29,2026-05-11
WTA,Sorana Cirstea,1766.98,28,2026-01-12
WTA,Sofia Kenin,1741.74,28,2026-05-17
ATP,Frances Tiafoe,1720.63,28,2024-04-29
WTA,Shruti Ahlawat,1648.23,28,2026-04-27
WTA,Marie Temin,1636.08,28,2022-03-14
WTA,Anastasia Lizunova,1618.85,28,2026-05-18
WTA,Milana Safiullina,1594.34,28,2024-05-06
WTA,Nikki Redelijk,1583.39,28,2023-06-19
ATP,Stefan Horia Haita,1582.66,28,2026-03-30
WTA,Grace Levelston,1579.68,28,2022-06-20
ATP,Robin Stanek,1575.96,28,2021-08-16
WTA,Lavina Morreale,1574.8,28,2024-03-11
WTA,Misa Malkin,1572.38,28,2026-03-02
WTA,Cecilia Costa,1565.45,28,2024-06-03
WTA,Rachael Smith,1559.39,28,2026-03-09
WTA,Alina Silich,1547.0,28,2021-06-21
ATP,Andres Fernandez Canovas,1534.85,28,2025-08-25
ATP,Damien Salvestre,1532.49,28,2025-09-01
WTA,Martina Genis Salas,1531.15,28,2025-07-21
WTA,Makoto Ninomiya,1526.86,28,2026-02-16
ATP,Simon Reveniau,1524.01,28,2026-03-23
WTA,Katerina Dimitrova,1511.83,28,2023-04-17
WTA,Serena Pereyra Giubbani,1508.16,28,2025-09-22
WTA,Hannah Viller Moller,1502.8,28,2024-06-17
WTA,Eva Gartseva,1497.48,28,2023-03-13
WTA,Vilma Krebs Hyllested,1491.73,28,2025-04-14
ATP,Stefan Cooper,1491.31,28,2026-06-01
WTA,Ellie Daniels,1489.27,28,2026-04-27
WTA,Ji Min Park,1480.07,28,2026-04-20
WTA,Filippa Bruu Syversen,1478.05,28,2024-06-03
WTA,Lejla Hana Golubovic,1476.7,28,2026-06-01
WTA,Eva Alvarez Sande,1469.33,28,2026-05-25
WTA,Lea Magun,1464.42,28,2021-06-21
WTA,Magdalena Swierczynska,1461.76,28,2023-06-19
ATP,Karol Drzewiecki,1460.24,28,2024-11-04
WTA,Raquel Caballero Chica,1456.85,28,2026-05-25
WTA,Erin Routliffe,1454.92,28,2023-10-09
WTA,Rebecca Frant,1448.28,28,2023-11-20
ATP,Quentin Robert,1448.27,28,2020-02-24
WTA,Kanna Soeda,1445.01,28,2025-06-16
WTA,Jessy Rompies,1442.42,28,2024-05-27
ATP,Hudson Rivera,1439.95,28,2023-08-14
WTA,Aurora Corvi,1438.86,28,2026-05-18
WTA,Ziyi Gao,1438.2,28,2024-04-22
WTA,Xiaowei Li,1438.01,28,2026-04-27
WTA,Michiru Furuya,1437.45,28,2025-05-12
WTA,Amina Salibayeva,1436.73,28,2025-06-23
ATP,Andres Gabriel Ciurletti,1434.04,28,2022-09-19
ATP,Timur Kiyamov,1433.65,28,2022-01-17
ATP,Gabriele Volpi,1429.3,28,2026-03-02
WTA,Isabel Pascual Montalvo,1429.03,28,2026-05-25
WTA,Nora Ayala Serra,1428.63,28,2023-10-16
WTA,Aleksandra Julia Jelen,1427.33,28,2022-03-21
WTA,Polina Gubina,1426.43,28,2022-03-07
WTA,Manal Ennaciri,1424.81,28,2026-06-01
ATP,Mohamed Ali Abibsi,1424.12,28,2026-06-01
WTA,Micheline Aubuchon,1422.79,28,2022-11-07
ATP,Julian Gimenez,1419.86,28,2023-05-01
ATP,Oskar Grzegorzewski,1414.92,28,2026-05-11
ATP,Leo Deflandre,1414.49,28,2026-04-06
ATP,James Van Herzeele,1413.82,28,2026-06-01
ATP,Joe Leather,1410.83,28,2026-02-02
ATP,Reese Stalder,1409.91,28,2025-11-24
ATP,Lorenzo Beraldo,1407.56,28,2025-09-08
WTA,Malwina Rowinska,1391.91,28,2026-04-06
WTA,Nicolly Ferreira,1391.28,28,2023-04-24
ATP,Adrien Burdet,1385.66,28,2026-02-02
ATP,Tim Heger,1380.97,28,2024-08-12
ATP,Dmitry Bessonov,1378.7,28,2026-06-01
WTA,Noelani Sara Teso,1371.89,28,2026-04-27
ATP,Rodolfo Jauregui Sainz De Rozas,1367.03,28,2026-03-16
ATP,Federico Marchetti,1366.01,28,2024-03-25
WTA,Mia Sarcev,1362.33,28,2024-12-02
ATP,Filiberto Fumagalli,1353.72,28,2024-11-18
WTA,Ana Prso,1352.87,28,2024-06-10
WTA,Yuping Wang,1344.29,28,2026-04-27
ATP,Courtney John Lock,1342.12,28,2026-05-04
ATP,Nicolas Rafael Goldberg Alviani,1334.68,28,2025-09-08
ATP,Chanchai Sookton Eng,1333.49,28,2022-10-24
WTA,Agostina Breval,1333.37,28,2025-01-06
ATP,Benedikt Emesz,1329.62,28,2023-07-10
WTA,Zumra Balkan,1329.13,28,2026-01-12
WTA,Zineb El Ouazzani,1329.07,28,2022-11-07
WTA,Martina Sofia Sfilio,1328.41,28,2024-08-05
ATP,Petr Iamachkine,1327.44,28,2024-10-28
ATP,Ignacio Benzal Alia,1324.38,28,2024-04-29
ATP,Enmanuel Munoz,1321.99,28,2025-03-11
ATP,Guilherme Valdoleiros,1316.28,28,2025-11-24
WTA,Isabella Lynch,1315.02,28,2023-04-03
WTA,Daria Maria Tudor,1299.61,28,2025-10-27
WTA,Tasha Cacciato,1296.35,28,2024-05-13
ATP,Atharva Sharma,1293.13,28,2026-02-09
ATP,Raffael Schaer,1269.89,28,2025-06-09
WTA,Sumvruta Iyengar,1263.66,28,2025-06-09
WTA,Tamara Cherkassova,1240.43,28,2024-04-22
WTA,Asma Ben Abdallah,1180.43,28,2024-10-28
WTA,Xinran Sun,1752.24,27,2026-05-25
WTA,Barbora Krejcikova,1698.49,27,2026-05-11
ATP,James Kent Trotter,1656.57,27,2026-03-16
WTA,Ksenia Smirnova,1605.34,27,2026-05-25
WTA,Yushan Shao,1597.16,27,2026-04-27
ATP,Alen Avidzba,1577.36,27,2020-01-06
ATP,James Connel,1572.68,27,2026-05-11
ATP,Gabriel Petit,1550.49,27,2020-01-06
WTA,Mariya Dolzhenko,1536.15,27,2022-06-27
WTA,Adriana Tkachenko,1530.04,27,2025-10-13
ATP,Harold Huens,1503.51,27,2025-11-24
WTA,Dana Charintceva,1498.42,27,2026-06-01
WTA,Rozalia Gruszczynska,1495.75,27,2024-07-15
WTA,Pranjala Yadlapalli,1495.05,27,2025-03-31
WTA,Mutsumi Uemura,1489.62,27,2026-05-25
ATP,Lachlan Mcfadzean,1487.26,27,2026-05-25
WTA,Daria Belyaeva,1485.85,27,2026-05-25
ATP,Keegan Rice,1485.33,27,2025-11-10
WTA,Iuliia Iudenko,1484.86,27,2023-11-13
WTA,Sofia Snitko,1484.47,27,2023-05-15
ATP,Petr Michnev,1483.02,27,2025-10-06
WTA,Juliane Triebe,1478.69,27,2022-04-25
ATP,Amir Milushev,1477.4,27,2025-07-28
WTA,Isabella Chhiv,1475.23,27,2024-07-22
ATP,Joshua Paris,1473.93,27,2022-05-30
WTA,Josefina Zehnder,1472.52,27,2023-07-24
ATP,Vlado Jankanj,1466.15,27,2026-06-01
ATP,Marvin Netuschil,1463.16,27,2022-05-23
WTA,Sara Donnini,1458.72,27,2024-03-04
ATP,Hendrik Jebens,1455.11,27,2025-03-11
WTA,Berta Miret Avante,1454.84,27,2026-06-01
WTA,Noa Major,1453.5,27,2023-06-12
WTA,Niditra Rajmohan,1452.65,27,2022-02-28
WTA,Aleksandra Simeva,1450.97,27,2024-11-04
WTA,Sakura Hondo,1450.09,27,2021-06-21
ATP,Kacper Knitter,1440.65,27,2026-02-09
WTA,Livia Rodrigues Daud,1435.25,27,2024-11-04
ATP,Valentin Garay,1434.18,27,2026-05-11
ATP,Sven Corbinais,1429.23,27,2026-05-25
ATP,Vlad Victor Cornea,1423.07,27,2022-02-21
ATP,Vladimir Korolev,1422.88,27,2022-05-23
WTA,Honoka Uchiyama,1422.85,27,2023-10-16
WTA,Nadia Echeverria Alam,1421.96,27,2022-03-07
WTA,Jovana Jaksic,1418.83,27,2021-01-10
ATP,Maxim Ratniuk,1418.1,27,2022-05-16
WTA,Petia Arshinkova,1416.16,27,2021-04-12
WTA,Darya Lavrichenko,1413.42,27,2022-02-14
WTA,Bruna Melato,1409.37,27,2024-06-03
ATP,Jan Sebesta,1404.96,27,2022-03-21
WTA,Aleksandra Stevanovic,1404.65,27,2025-06-02
ATP,Tom Brown,1403.93,27,2024-04-29
ATP,Peter Alam,1401.57,27,2026-05-25
ATP,Vitor Leal,1397.12,27,2024-04-29
ATP,Matthew Thomson,1393.03,27,2026-02-02
WTA,Aline Thommen,1389.56,27,2022-08-22
ATP,Oscar Galimardanov,1381.72,27,2024-07-22
WTA,Julia Klimovicz,1378.07,27,2022-01-24
WTA,Celia Anson Sanchez,1376.73,27,2026-06-01
WTA,Alice Gubertini,1373.26,27,2024-10-21
WTA,Maria Manilova,1372.75,27,2021-03-08
ATP,Miguel Garcia,1369.88,27,2023-02-06
WTA,Gloria Contrino,1369.81,27,2025-10-13
ATP,Victor Braga,1368.03,27,2026-05-04
ATP,Miguel Angel Cabrera,1367.49,27,2023-09-18
WTA,Meghna Arun Kumar,1367.12,27,2025-07-07
WTA,Carol Plakk,1366.8,27,2026-05-11
WTA,Alexandra Riley,1362.55,27,2023-01-30
ATP,Carlos Giraldi,1339.44,27,2026-06-01
ATP,Adam Farag Cao,1339.2,27,2025-11-10
ATP,Blake Bayldon,1338.65,27,2025-10-20
ATP,Abraham Asaba,1336.39,27,2024-10-28
WTA,Sofia Vivas,1334.93,27,2024-11-18
ATP,Isaac Nortey,1323.8,27,2025-09-08
WTA,Kerstin Peckl,1323.7,27,2023-04-03
WTA,Carlota Corte,1321.22,27,2026-04-06
ATP,Vlad Andrei Dumitru,1320.82,27,2023-09-18
WTA,Aya Bychenko,1317.61,27,2024-12-09
WTA,Liubov Demidova,1312.21,27,2021-06-28
WTA,Dylan Cline,1307.19,27,2024-06-10
WTA,Carla Tomai,1303.69,27,2026-06-01
ATP,Jordan Chiu,1291.61,27,2026-04-20
WTA,Leela Cline,1262.31,27,2024-06-10
ATP,Andrej Radojicic,1246.33,27,2025-09-22
WTA,Megan Markov,1211.8,27,2024-12-16
WTA,Fabienne Kim Degroot,1183.93,27,2024-05-13
WTA,Bianca Andreescu,1803.52,26,2026-03-17
WTA,Magda Linette,1718.2,26,2024-06-24
WTA,Kirsten Flipkens,1685.16,26,2022-06-20
WTA,Nauhany Vitoria Leme Da Silva,1670.73,26,2026-04-21
ATP,Gianluigi Quinzi,1635.19,26,2020-02-03
WTA,Marta Lombardini,1617.73,26,2026-05-05
ATP,Leonardo Mayer,1597.95,26,2021-06-14
WTA,Yubarani Banerjee,1596.17,26,2022-02-21
WTA,Margaux Orange,1567.11,26,2021-07-12
WTA,Mei Xu Wu,1559.83,26,2024-04-22
WTA,Amelia Paszun,1558.43,26,2026-05-18
ATP,Sebastian Gorzny,1552.61,26,2026-06-01
WTA,Clemence Mercier,1545.97,26,2025-10-13
WTA,Sophie Isabele Jurca,1544.62,26,2025-08-04
WTA,Zinovia Vaneva,1542.78,26,2025-09-29
ATP,Daniel Jade,1541.58,26,2026-05-12
ATP,Dominique Rolland,1537.99,26,2025-11-03
WTA,Dusica Popovski,1532.15,26,2026-06-01
WTA,Angelica Sara,1532.0,26,2025-11-10
WTA,Ava Rodriguez,1528.18,26,2026-04-06
WTA,Lara Russiniello,1521.31,26,2024-01-29
WTA,Da Ye Kim,1520.08,26,2025-04-28
WTA,Patricia Grigoras,1515.53,26,2023-10-09
WTA,Marina Lubsheva,1513.83,26,2025-01-13
WTA,Bente Spee,1510.96,26,2023-07-03
WTA,Ingkar Dyussebay,1504.96,26,2026-05-25
ATP,Iker Urribarrens Ramirez,1501.92,26,2025-06-30
ATP,Antoni Fabre,1497.56,26,2026-04-27
WTA,Rania Azziz,1493.47,26,2024-07-08
ATP,Paul Cayre,1492.39,26,2023-03-27
WTA,Nicole Teodosescu,1491.39,26,2022-09-26
ATP,Yannik Rahman,1484.2,26,2025-05-12
WTA,Jaquelyn Ogunwale,1475.23,26,2025-08-04
ATP,Eric Hadigian,1469.22,26,2025-02-03
WTA,Norhan Hesham,1468.43,26,2024-12-09
WTA,Akgul Amanmuradova,1465.22,26,2022-07-18
WTA,Natalie Gaft,1464.96,26,2025-03-10
WTA,Sara Gambogi,1463.54,26,2021-11-29
ATP,John Patrick Smith,1463.51,26,2023-08-07
WTA,Elaine Genovese,1461.78,26,2025-10-27
WTA,Julia Camblor,1461.31,26,2024-02-26
WTA,Mary Boyce Deatherage,1459.64,26,2024-08-12
WTA,Maria Dolores Lopez Martinez,1457.37,26,2022-03-21
WTA,Mahta Khanloo,1455.47,26,2024-12-16
ATP,Leonardo Catani,1450.62,26,2024-04-15
WTA,Karina Mohamed,1440.75,26,2022-10-03
ATP,Valentin Kopeikin,1440.71,26,2025-05-26
WTA,Jermine Sherif,1440.55,26,2022-11-21
ATP,Hugo Maia,1438.41,26,2025-09-29
ATP,Konstantin Zhzhenov,1432.89,26,2026-03-30
ATP,Nicholas Roberts,1431.22,26,2026-05-25
ATP,Puriwat Chatpatcharoen,1429.9,26,2023-01-16
WTA,Meriem Ben Ezzedine,1428.96,26,2026-05-25
WTA,Sara Borkop,1425.26,26,2024-10-21
ATP,Theo Arribage,1420.68,26,2025-03-11
WTA,Ena Kajevic,1415.29,26,2024-10-28
ATP,Ty Host,1414.01,26,2026-05-25
WTA,Nouray Metwally,1410.53,26,2022-08-29
ATP,Pol Amoros Ramos,1410.36,26,2024-09-09
WTA,Pari Singh,1409.94,26,2024-04-15
WTA,Alexia Trasca,1404.97,26,2026-06-01
WTA,Daria Stefania Malaescu,1391.94,26,2025-07-21
ATP,Tsung Hua Yang,1385.72,26,2021-06-14
WTA,Isabella Bozicevic,1383.9,26,2022-01-10
WTA,Jia Yi Dong,1383.54,26,2023-03-27
WTA,Maria Gaia Meneguzzo,1379.58,26,2024-04-22
ATP,Filip Krolo,1376.72,26,2026-02-09
ATP,Lorenzo Vatteroni,1374.93,26,2024-06-17
WTA,Caitlin Baker,1370.05,26,2026-03-02
ATP,Ha Minh Duc Vu,1368.81,26,2026-01-26
ATP,Gabriele Moghini,1367.28,26,2023-03-20
WTA,Kristin Younes,1363.39,26,2022-01-31
ATP,Anas Bennour Dit Sahli,1355.47,26,2025-10-27
ATP,Aleksei Khomich,1351.33,26,2023-08-07
ATP,Mayeul Darras,1350.07,26,2022-05-16
ATP,Samuil Konov,1349.31,26,2025-06-23
ATP,Jiri Jenicek,1341.63,26,2022-08-22
WTA,Shutong Qu,1339.43,26,2025-09-01
WTA,Marne Dercksen,1333.65,26,2022-03-07
ATP,Natthasith Kunsuwan,1332.7,26,2024-01-01
ATP,Nicolas Hollender,1319.76,26,2026-03-23
ATP,Timur Maulenov,1312.24,26,2023-07-24
WTA,Nele Niermann,1309.49,26,2024-01-08
ATP,Adrian Arcon,1305.15,26,2026-05-04
WTA,Beyza Yaniklar,1276.36,26,2022-03-21
WTA,Vlada Stepanova,1253.11,26,2025-10-20
ATP,Miomir Kecmanovic,1843.18,25,2026-05-12
ATP,Cameron Norrie,1734.27,25,2025-03-11
ATP,Diego Schwartzman,1712.36,25,2025-02-03
ATP,Filip Krajinovic,1645.92,25,2024-07-22
WTA,Margarita Skryabina,1636.57,25,2024-01-29
WTA,Victoria Luiza Barros,1630.84,25,2026-03-30
ATP,Jerzy Janowicz,1621.93,25,2022-03-28
ATP,Theodore Dean,1605.41,25,2026-05-25
ATP,Juan Manuel Benitez Chavarriaga,1601.89,25,2022-11-14
ATP,Petar Jovanovic,1583.32,25,2026-05-25
ATP,Feliciano Lopez,1580.05,25,2023-04-03
WTA,Anastasiya Antal,1578.64,25,2022-01-10
WTA,Sara Svetac,1577.83,25,2025-06-16
WTA,Alexia Harmon,1576.9,25,2024-07-01
WTA,Alexandra Zimmer,1573.71,25,2025-03-24
ATP,Raymond Sarmiento,1570.28,25,2022-08-01
ATP,Keaton Hance,1557.4,25,2026-04-13
WTA,Vlada Guryleva,1551.17,25,2026-05-18
ATP,Maximiliano Estevez,1549.99,25,2022-06-27
WTA,Veronika Vlkovska,1546.26,25,2021-08-09
WTA,Valeria Gorlats,1540.03,25,2025-05-12
ATP,Dragos Dima,1537.21,25,2022-09-19
WTA,Fitriani Sabatini,1530.61,25,2024-11-25
ATP,Stepan Baum,1530.58,25,2026-05-18
ATP,Lorenzo Comino,1528.29,25,2026-06-01
WTA,Magdalena Baniak,1526.32,25,2025-08-18
WTA,Bethanie Mattek Sands,1523.73,25,2025-03-31
WTA,Maya Bordereau,1521.98,25,2024-10-07
ATP,Martin Sabas,1518.79,25,2025-09-29
ATP,Jangjun Kim,1515.12,25,2025-11-10
ATP,Jonas Kucera,1510.41,25,2025-07-28
WTA,Alice Amendola,1506.33,25,2024-10-21
WTA,Naomi Xu,1505.94,25,2025-06-30
ATP,Tommy Robredo,1501.14,25,2022-03-07
WTA,Olivia Center,1500.84,25,2026-06-01
WTA,Milena Ciocan,1498.6,25,2025-04-14
WTA,Ana Carmen Zamburek,1495.28,25,2025-11-03
WTA,Johnnise Renaud,1494.9,25,2023-01-16
WTA,Sophia Whittle,1493.99,25,2021-08-23
ATP,Harry Bourchier,1491.0,25,2022-01-10
ATP,Mark Wallner,1483.15,25,2025-03-11
WTA,Ciara Moore,1481.36,25,2025-09-01
WTA,Ekua Youri,1477.21,25,2025-07-07
WTA,Kyle Mcphillips,1475.77,25,2026-03-09
ATP,Jackson Ross,1472.27,25,2025-01-27
WTA,Stefaniya Pushkar,1469.32,25,2026-06-01
WTA,Rhea Verma,1468.34,25,2024-02-26
ATP,Sebastiano Cocola,1460.05,25,2026-06-01
ATP,Christopher Papa,1453.49,25,2026-05-18
WTA,Sarah Mueller,1450.54,25,2023-01-23
ATP,Dian Nedev,1449.72,25,2025-03-11
WTA,Maria Sofia Madrid Rocca,1449.6,25,2023-06-19
ATP,Jae Hwan Kim,1445.95,25,2025-08-25
ATP,Giacomo Revelli,1445.18,25,2023-07-10
WTA,Ariadna Garcia Patron Canals,1440.6,25,2025-11-10
WTA,Emily Deming,1437.36,25,2025-07-07
ATP,Martins Rocens,1436.94,25,2026-02-02
ATP,Tom Hands,1430.92,25,2026-04-27
ATP,Milan Drinic,1429.38,25,2024-07-29
ATP,Yusuf Khamis,1426.11,25,2025-04-21
ATP,Yua Taka,1420.56,25,2024-11-25
WTA,Eda Arli,1412.81,25,2022-04-25
WTA,Georgina Groth,1407.89,25,2026-04-13
ATP,Phoenix Weir,1406.64,25,2025-07-07
WTA,Anna Grigoreva,1401.79,25,2024-06-17
WTA,Lucrezia Piana,1398.43,25,2023-11-27
WTA,Eline Audenaert,1395.04,25,2021-04-05
WTA,Anna Baranovski,1394.65,25,2023-09-25
WTA,Maria Mauad De Souza,1390.35,25,2024-05-13
ATP,Liam Delicata,1389.61,25,2026-05-11
ATP,Alex Jones,1386.77,25,2026-04-20
WTA,Mia E'Halli Obeid,1378.97,25,2025-11-03
ATP,Xiaoyin Yang,1378.85,25,2026-06-01
WTA,Tal Dekel,1376.69,25,2022-04-25
WTA,Paola Maria Moreno Bautista,1362.14,25,2023-01-30
WTA,Zeynep Erbakan,1352.93,25,2022-12-05
WTA,Natalia Pietras,1352.31,25,2024-07-29
WTA,Rachelle Starreveld,1351.82,25,2025-12-29
ATP,Andrea Del Federico,1351.1,25,2023-04-16
WTA,Mariam Samy,1349.67,25,2022-08-29
ATP,Suraj R Prabodh,1346.69,25,2022-02-14
ATP,Milledge Cossu,1342.91,25,2026-03-09
WTA,Olivia Thiemke,1340.37,25,2024-08-19
WTA,Candela Cimarra Munoz,1331.25,25,2024-05-13
WTA,Alice Ghiraldi,1330.35,25,2025-11-10
WTA,Oluchukwu Jennifer Nkili,1327.89,25,2023-05-15
WTA,Chiara Talleri,1316.56,25,2024-08-26
WTA,Stella Knez,1301.59,25,2025-06-02
WTA,Mianyi Ji,1299.84,25,2024-08-26
WTA,Marija Djurasic,1282.12,25,2024-09-02
WTA,Radhika Yadav,1275.18,25,2024-03-04
WTA,Andra Sutherland,1255.27,25,2024-07-01
WTA,Theodora Degelow,1226.38,25,2024-04-08
ATP,Laurynas Grigelis,1644.92,24,2021-04-19
WTA,Maaya Rajeshwaran Revathi,1640.84,24,2026-02-16
WTA,Antonia Stoyanov,1619.55,24,2026-04-13
ATP,Mario Martinez Serrano,1617.44,24,2025-11-17
WTA,Sabina Zeynalova,1616.16,24,2022-10-03
ATP,Yannick Alexandrescou,1597.72,24,2026-05-18
ATP,Jamie Mackenzie,1589.38,24,2026-04-20
ATP,Alexander Sarkissian,1587.9,24,2021-09-13
ATP,Luis Guto Miguel,1558.65,24,2026-05-04
WTA,Asia Serafini,1548.35,24,2022-02-07
WTA,Maria Shmakova,1544.47,24,2025-05-12
ATP,Johan Oscar Lien,1540.28,24,2026-06-01
ATP,Kenneth Raisma,1536.93,24,2024-01-08
WTA,Saisai Zheng,1535.9,24,2025-10-13
WTA,Anna Kmiecik,1531.0,24,2026-05-04
WTA,Andreea Alexandra Lila,1526.98,24,2024-06-03
WTA,Li Hsin Lin,1518.26,24,2024-06-17
WTA,Dora Miskovic,1516.84,24,2026-06-01
WTA,Galena Krastenova,1514.29,24,2025-09-08
WTA,Anna Yang,1512.96,24,2026-05-11
WTA,Sahra Dennehy,1512.76,24,2024-02-26
WTA,Mandegar Farzami,1512.66,24,2026-05-18
ATP,Loris Pourroy,1508.44,24,2025-01-13
ATP,Aleksandr Nedovyesov,1502.52,24,2023-05-01
WTA,Jessica Livianu,1502.44,24,2022-01-24
ATP,Adam Jilly,1495.93,24,2025-11-10
ATP,Takeru Yuzuki,1493.31,24,2026-03-16
ATP,Edoardo Cherie Ligniere,1484.22,24,2023-05-29
ATP,Alberto Lim,1482.24,24,2025-11-24
WTA,Maria Marfutina,1482.14,24,2021-05-31
WTA,Yuyao Li,1481.04,24,2026-05-11
ATP,Dante Pagani,1480.92,24,2026-02-16
WTA,Anna Lanciaprima,1478.34,24,2024-02-05
ATP,Manvydas Balciunas,1473.12,24,2025-07-14
ATP,Pepijn Bastiaansen,1473.04,24,2026-03-02
WTA,Mathilde Dury,1471.31,24,2021-06-07
ATP,Andrea Bolla,1466.36,24,2024-03-25
ATP,Vladimir Bazilevskiy,1461.67,24,2025-11-03
ATP,Loan Lestir,1454.32,24,2026-05-25
ATP,Timeo Trufelli,1449.66,24,2026-03-02
WTA,Vanshika Choudhary,1448.61,24,2024-02-26
WTA,Juliana Giaccio,1447.8,24,2026-05-25
WTA,Allegra Fiorani,1447.13,24,2026-05-18
WTA,Ainhoa Atucha Gomez,1445.3,24,2022-02-14
WTA,Martyna Ostrzygalo,1444.15,24,2025-06-30
ATP,Saketh Myneni,1443.86,24,2026-02-09
WTA,Alisa Axyanova,1441.41,24,2021-07-19
WTA,Yuzuha Negishi,1440.97,24,2026-05-18
WTA,Luna Ivkovic,1440.34,24,2024-11-25
ATP,Zhao Zhao,1439.66,24,2026-04-06
WTA,Mia Saveljic,1439.48,24,2025-10-06
ATP,Billy Blaydes,1434.74,24,2025-07-14
WTA,Erica Layton,1430.52,24,2023-02-27
WTA,Anca Stefania Sauciuc,1429.75,24,2024-08-05
WTA,Lissi Kubre,1429.11,24,2022-04-18
ATP,David Naharro,1422.21,24,2024-04-01
WTA,Akilah James,1421.97,24,2022-06-13
WTA,Melisa Morales,1421.47,24,2023-06-12
WTA,Himaanshika Singh,1418.73,24,2024-04-22
ATP,James Davis,1418.13,24,2024-02-12
ATP,Leonardo Primucci,1416.39,24,2026-05-25
WTA,Tian Xin Chang,1408.71,24,2024-06-17
WTA,Sydney Dorcil,1404.22,24,2023-01-09
ATP,Ian Lucca Cervantes Tomas,1402.61,24,2025-09-22
WTA,Giorgie Jones,1395.94,24,2024-04-29
WTA,Hiba Heni,1394.89,24,2025-12-22
WTA,Izabela Gabriela Novac,1379.58,24,2022-01-17
ATP,George Tsivadze,1370.4,24,2023-10-23
WTA,Gala Ilic,1370.13,24,2024-09-16
WTA,Claudia Ogescu,1365.54,24,2024-08-12
WTA,Hanna Jankowska,1359.17,24,2025-09-08
ATP,Gabriel Matuszewski,1357.48,24,2026-03-23
WTA,Isidora Cereso,1354.2,24,2023-12-04
WTA,Tricia Mar,1352.41,24,2024-01-01
ATP,Nicolas Philibert,1347.76,24,2025-11-24
ATP,Hong Lin Fu,1347.35,24,2025-11-03
WTA,Dasha Zhabotina,1346.03,24,2024-03-18
WTA,Shu Ying Hsieh,1337.96,24,2025-11-17
WTA,Fatemesadat Zanjani,1321.3,24,2024-03-25
ATP,Mateya Stanisavljevic,1312.09,24,2026-05-18
WTA,Janet Imbo Nloga,1282.68,24,2022-11-21
ATP,Stefan Kostic,1276.34,24,2026-03-16
WTA,Fernanda Guadalupe Regalado Macias,1262.61,24,2026-03-02
WTA,Felitsata Dorofeeva Rybas,1696.44,23,2026-05-11
WTA,Deniz Dilek,1672.36,23,2026-05-25
WTA,Denisa Zoldakova,1671.26,23,2026-05-18
WTA,Angelica Blake,1633.22,23,2025-05-05
WTA,Ha Eum Lee,1632.93,23,2026-05-18
WTA,Alanis Hamilton,1621.45,23,2025-06-23
ATP,Michael Antonius,1603.75,23,2026-04-20
WTA,Alexandra Dulgheru,1598.89,23,2021-08-02
ATP,Joao Monteiro,1555.76,23,2020-11-30
WTA,Supapitch Kuearum,1550.54,23,2023-07-17
WTA,Vineetha Mummadi,1547.11,23,2022-07-25
WTA,Vivian Heisen,1544.69,23,2023-10-16
WTA,Rita Atik,1533.38,23,2020-02-24
WTA,Marjorie Souza,1523.56,23,2026-06-01
ATP,Dustin Brown,1513.69,23,2021-04-12
WTA,Ava Monet Sycamore,1512.03,23,2025-12-08
WTA,Yvette Schmucker,1510.99,23,2021-11-22
WTA,Kristyna Tomajkova,1509.29,23,2023-09-04
WTA,Alena Bairasheuskaya,1505.91,23,2022-01-17
WTA,Sandra Alonso,1504.55,23,2024-05-06
WTA,Mariana Zottoli,1494.91,23,2024-07-15
WTA,Maria Sysoeva,1493.59,23,2023-11-13
WTA,Andrea Cabio,1492.14,23,2026-03-09
ATP,Dalwinder Singh,1491.92,23,2025-03-10
WTA,Daria Kruzhkova,1488.81,23,2023-05-15
ATP,Novak Novakovic,1485.53,23,2026-05-25
ATP,Ronit Karki,1481.36,23,2026-05-18
WTA,Catarina Melleiro Ibiraba Melleiro Junior,1481.31,23,2022-09-12
ATP,Arthur De Greef,1480.73,23,2021-01-10
ATP,Calin Teodor Stirbu,1479.66,23,2026-02-09
WTA,Hannah Rylatt,1478.39,23,2025-07-21
ATP,Junhyeon Lee,1475.01,23,2026-05-11
ATP,Simon Yitbarek,1473.19,23,2021-09-06
ATP,Andrew Rogers,1472.85,23,2022-11-07
WTA,Hana Matsumura,1472.11,23,2026-05-11
WTA,Kaede Usui,1472.06,23,2025-11-03
ATP,Constantin Schmitz,1471.99,23,2021-04-12
WTA,Brianna Baldi,1466.41,23,2025-08-11
WTA,Najah Dawson,1466.19,23,2025-12-15
WTA,Stephanie Kent,1464.73,23,2022-01-24
WTA,Tianyu Dong,1459.83,23,2024-08-05
ATP,Fred Simonsson,1459.2,23,2024-11-18
ATP,Vardan Manukyan,1455.04,23,2026-05-25
WTA,Anali Kocevar,1452.15,23,2024-11-04
WTA,Silvia Maria Costache,1451.24,23,2024-08-05
ATP,Alessandro Cortegiani,1451.22,23,2024-03-04
WTA,Giulia Sartori,1450.23,23,2022-05-02
ATP,Frazier Rengifo,1449.87,23,2026-03-23
WTA,Minseo Kim,1446.89,23,2024-09-30
WTA,Kamila Neradova,1445.17,23,2025-09-08
WTA,Maria Tatarnikova,1444.74,23,2024-11-04
ATP,Francisco Andreu Garcia,1444.38,23,2021-11-15
WTA,Agustina Soto Neira,1443.84,23,2026-06-01
ATP,Sebastian Grundtvig Jorgensen,1442.41,23,2026-05-04
WTA,Yeong Won Jeong,1440.36,23,2022-08-29
WTA,Jelena Gojkovic,1438.56,23,2024-07-15
WTA,Sara Conde,1438.41,23,2024-04-15
WTA,Julia Payola,1435.61,23,2021-09-27
WTA,Leena Metwally,1430.44,23,2022-12-19
WTA,Sthefany Rodrigues De Lima,1425.55,23,2024-12-09
WTA,Laura Daniela Arciniegas Patino,1425.37,23,2022-03-14
WTA,Xiaoyan Xue,1424.52,23,2024-08-12
WTA,Sasha Natalie Chimedza,1422.89,23,2026-05-18
ATP,Filippo Alberti,1421.38,23,2026-02-02
WTA,Irmak Budak,1420.9,23,2024-05-13
WTA,Yuka Matsumoto,1418.42,23,2026-05-11
WTA,Carla Grignac,1417.6,23,2025-08-04
WTA,Candela Bugnon,1417.47,23,2022-04-18
ATP,Minghui Zhang,1415.4,23,2026-06-01
WTA,Olivia Quigley,1414.07,23,2024-03-18
ATP,Alexander Wagner,1412.27,23,2026-04-27
WTA,Ana Cristiana Mocanu,1412.15,23,2026-05-18
ATP,Gian Gruenig,1412.13,23,2025-02-24
WTA,Chiara Jerolimov,1412.0,23,2026-05-18
ATP,Andrea Militi Ribaldi,1410.21,23,2022-07-04
ATP,Sergis Kyratzis,1409.2,23,2024-06-03
WTA,Zeynep Ilker,1409.19,23,2025-08-18
WTA,Sarah Lisa Aubertin,1408.47,23,2021-07-19
WTA,Luna Dinoto Fernandez,1401.72,23,2025-11-10
ATP,Bogdan Borza,1400.44,23,2022-03-28
WTA,Nikola Koprivova,1396.85,23,2026-06-01
ATP,Aditya Balsekar,1394.04,23,2026-03-23
WTA,Hanna Piatrushka,1387.07,23,2024-03-11
ATP,Stevan Popovic,1386.53,23,2026-05-25
ATP,Tomislav Jotovski,1384.46,23,2023-06-05
ATP,Shaoyun Liu,1383.71,23,2026-05-25
ATP,Leonardo Borrelli,1379.89,23,2026-03-16
WTA,Xinyun Han,1376.89,23,2023-01-30
WTA,Laura Vasilescu,1374.47,23,2022-12-12
WTA,Sarah Adegoke,1373.65,23,2022-06-27
ATP,Daniel Ibragimov,1372.33,23,2024-07-01
WTA,Leontina Stojanovic,1367.91,23,2024-06-24
WTA,Defne Erbakan,1366.92,23,2022-12-05
ATP,Hitesh Chauhan,1366.89,23,2026-06-01
WTA,Alejandra Gutierrez,1359.71,23,2024-10-07
WTA,Sanne Schalekamp,1359.21,23,2024-03-11
WTA,Barbora Miklova,1358.72,23,2021-07-12
WTA,Constance Levivier,1356.11,23,2023-10-30
WTA,Amalia Suciu,1353.01,23,2025-04-14
ATP,Shivank Bhatnagar,1352.13,23,2024-09-09
WTA,Feriel Mahbouli,1351.02,23,2022-11-21
ATP,Fabio De Michele,1350.4,23,2025-08-04
WTA,Ana Maria Brotea,1347.83,23,2025-11-10
ATP,Joe Tyler,1346.37,23,2026-01-26
ATP,Alejandro Bancalari,1342.5,23,2025-03-24
WTA,Virginia Zamberlani,1340.96,23,2025-05-05
WTA,Tania Sfilio,1338.74,23,2024-08-05
ATP,Matheus Cury Bueres,1337.42,23,2024-10-14
WTA,Ana Lanisek,1335.39,23,2025-08-04
ATP,Alberto Morolli,1331.39,23,2024-11-18
ATP,Umut Akkoyun,1328.38,23,2021-01-05
ATP,Henrik Bladelius,1327.85,23,2023-11-13
WTA,Althea Hudson,1325.16,23,2024-11-04
WTA,Eva Maria Riml,1320.25,23,2022-02-14
WTA,Erika Sandor Zur,1316.22,23,2024-02-19
WTA,Ghalia Guizani,1311.02,23,2022-12-12
WTA,Nika Ilic,1298.39,23,2024-09-02
WTA,Amber Maatman,1283.63,23,2024-11-11
WTA,Elizaveta Demidova,1248.31,23,2024-03-25
WTA,Emma Raducanu,1684.47,22,2021-08-30
WTA,Su Wei Hsieh,1645.03,22,2024-03-18
WTA,Michaela Gordon,1594.88,22,2024-10-21
ATP,Kriish Tyagi,1580.68,22,2026-05-18
ATP,Siem Woldeab,1579.1,22,2024-10-07
WTA,Elza Tomase,1575.34,22,2026-05-18
WTA,Zoe Hives,1562.57,22,2024-03-11
WTA,Seri Nayuki,1561.35,22,2024-06-10
WTA,Ekaterina Agureeva,1555.37,22,2026-05-18
WTA,Youmi Zhuoma,1543.66,22,2022-01-31
WTA,Alice Ferlito,1541.89,22,2025-08-18
WTA,Kamila Kerimbayeva,1532.63,22,2020-02-03
WTA,Jessica Bernales,1526.26,22,2024-06-10
WTA,Gala Ivanovic,1525.03,22,2026-05-25
WTA,Karen Tsutsumi,1524.15,22,2025-06-02
WTA,Liya Pencheva,1523.63,22,2022-12-05
WTA,Yvonna Zuffova,1517.54,22,2022-06-06
ATP,Stefan Seifert,1514.26,22,2026-04-27
WTA,Makenna Thiel,1510.36,22,2023-09-18
WTA,Laura Rahnel,1506.1,22,2025-07-28
ATP,Georgi Georgiev,1506.02,22,2026-02-09
WTA,Maria Patrascu,1504.14,22,2022-09-12
ATP,Alexander Razeghi,1501.4,22,2024-04-15
WTA,Yichen Zhao,1498.41,22,2025-08-11
ATP,Marko Mesarovic,1496.17,22,2026-05-25
WTA,Maria De La Paz Alberto,1495.43,22,2025-06-09
WTA,Bella Bergkvist Larsson,1492.42,22,2025-11-10
ATP,Mickael Kaouk,1488.7,22,2025-09-29
ATP,Preston Stearns,1482.76,22,2025-09-15
WTA,Erin Mckenzie,1482.46,22,2025-07-07
WTA,Tilda Hessleryd,1482.31,22,2024-10-28
WTA,Hla El Sakka,1479.37,22,2022-08-15
ATP,Charlelie Cosnet,1477.64,22,2025-10-06
WTA,Roisin Gilheany,1475.74,22,2024-10-28
ATP,Lorenzo Bresciani,1469.86,22,2024-02-26
ATP,Thomas Gerbaud,1466.21,22,2026-05-11
ATP,Aditya Vishal Balsekar,1461.29,22,2026-05-18
WTA,Farida Moussa,1460.49,22,2022-08-29
ATP,Leonardo Civita Telles,1458.22,22,2023-09-11
WTA,Francesca Simpson,1454.55,22,2024-05-20
WTA,Jane Dunyon,1453.53,22,2026-05-11
ATP,Simeon Terziev,1451.17,22,2024-08-12
WTA,Jiatong Han,1451.04,22,2024-05-20
ATP,Riku Takahata,1451.01,22,2025-11-03
WTA,Stella Jurina,1449.1,22,2023-05-01
WTA,Jacqueline Nylander Altelius,1445.35,22,2025-10-27
WTA,Nadja Mladenovic,1444.58,22,2026-06-01
WTA,Ksenia San Luis Kravtseva,1443.4,22,2024-07-22
ATP,Francisco Pini,1443.31,22,2023-07-03
ATP,Philip Bachmaier,1442.76,22,2022-06-27
ATP,Cesar Bourgois,1441.47,22,2023-12-18
WTA,Varvara Bernovich,1437.79,22,2025-05-19
WTA,Justine Bretnacher,1436.24,22,2025-11-24
ATP,Jan Klimas,1432.71,22,2026-04-27
ATP,Gianluca Di Nicola,1431.28,22,2023-04-16
WTA,Zara Darken,1429.35,22,2026-04-27
ATP,Weiwen Pan,1426.71,22,2026-04-13
WTA,Zoe Billon,1426.19,22,2025-09-22
WTA,Abigayel Vosloo,1425.2,22,2026-05-18
ATP,Pierre Antoine Faut,1419.46,22,2026-03-09
ATP,Dennis Novikov,1417.95,22,2021-03-15
WTA,Alessia Marinescu,1417.68,22,2026-05-11
WTA,Nasiba Espolova,1416.42,22,2025-10-27
WTA,Isabelle Turra Karam,1410.49,22,2024-06-03
WTA,Nehanda Thomias,1409.07,22,2026-01-12
WTA,Zoe Richard,1406.35,22,2023-03-06
ATP,John Chin,1405.59,22,2025-06-02
ATP,Atakan Karahan,1403.8,22,2025-08-04
ATP,Rafael Kis Balazs,1402.69,22,2023-03-13
WTA,Adelina Krueger,1401.67,22,2022-04-11
WTA,Ana Victoria Gobbi Monllau,1400.05,22,2026-06-01
ATP,Alvaro Peiro Serrano,1399.67,22,2022-11-21
WTA,Carly Kunkler,1399.61,22,2022-06-27
WTA,Dareen Elleithy,1398.03,22,2022-05-09
WTA,Greta Fenyves,1387.84,22,2026-05-25
ATP,Daniel Domingos,1386.12,22,2026-05-04
WTA,Maria Ignacia Yapur Lopez,1386.08,22,2022-05-23
ATP,Ivan Kazakov,1385.5,22,2024-04-01
WTA,Lola Mireille Glantz,1384.07,22,2022-07-18
ATP,Jonathan Baron,1374.39,22,2023-07-31
WTA,Chandana Potugari,1372.57,22,2024-10-14
ATP,Jonas Gundacker,1371.67,22,2026-04-27
ATP,Benoit Torcq,1369.63,22,2026-05-18
ATP,Joel Angel Lucero,1369.56,22,2025-07-14
WTA,Elisa Patta,1368.37,22,2023-05-29
ATP,Gray Voelzke,1359.78,22,2026-05-25
ATP,Emmett Ward,1358.01,22,2023-07-17
ATP,Toshihide Matsui,1357.74,22,2024-09-09
WTA,Jordan Fenton,1349.63,22,2024-02-19
ATP,Timothy Gray,1347.71,22,2024-08-19
WTA,Ariella Burstein,1347.04,22,2023-03-20
WTA,Iva Jankovic,1344.21,22,2024-12-16
WTA,Kaaviya Balasubramanian,1339.86,22,2024-02-26
WTA,Valentina Surdo,1332.45,22,2024-11-18
WTA,Emily Di Giannantonio,1319.81,22,2024-09-16
WTA,Suhani Patil,1291.07,22,2024-11-18
WTA,Joyce Kim Behnke,1273.17,22,2024-04-15
ATP,Muthu Aadhitiya Senthilkumar,1255.37,22,2026-02-09
ATP,Alexander Bublik,1826.08,21,2025-05-13
ATP,Tommy Paul,1783.37,21,2023-05-01
ATP,Lorenzo Sonego,1701.6,21,2026-04-28
ATP,Gianluca Brunkow,1624.0,21,2026-03-23
ATP,Ricardo Ojeda Lara,1611.94,21,2020-09-07
WTA,Taisya Pachkaleva,1604.4,21,2021-07-05
WTA,Julie Gervais,1596.12,21,2025-10-27
ATP,Attila Balazs,1583.26,21,2023-04-24
WTA,Yinglak Jittakoat,1562.58,21,2023-06-12
WTA,Julia Caffarena,1561.71,21,2024-08-05
ATP,Cooper Woestendick,1560.84,21,2024-10-21
WTA,Flaminia Scara,1558.85,21,2021-10-18
WTA,Sinead Lohan,1549.24,21,2025-07-28
WTA,Jagmeet Kaur Grewal,1539.07,21,2022-06-20
WTA,Iva Marinkovic,1538.08,21,2026-05-11
WTA,Anna Marie Weissheim,1536.56,21,2023-04-10
WTA,Teah Chavez,1531.68,21,2025-10-27
WTA,Emily Gelber,1527.48,21,2023-06-26
WTA,Suhitha Maruri,1519.98,21,2024-03-11
WTA,Daianne Hayashida,1518.41,21,2023-08-21
WTA,Kaitlyn Carnicella,1518.1,21,2026-06-01
WTA,Miray Konar,1514.08,21,2021-05-24
WTA,Seda Baslilar,1512.27,21,2026-03-02
ATP,Ashton Mcleod,1505.13,21,2025-11-17
WTA,Yleymi Lugiana Muelle Valdez,1504.56,21,2026-05-25
WTA,Viktoriia Kalinina,1503.02,21,2021-03-08
WTA,Carmen Juan Bru,1502.97,21,2023-05-29
ATP,Antonin Bolardt,1497.41,21,2023-05-08
WTA,Naomi Mckenzie,1497.11,21,2025-09-15
WTA,Iulia Maria Buculei,1496.78,21,2025-09-29
ATP,Karl Kazuma Lee,1495.3,21,2026-05-25
WTA,Charlotte Pikkaart,1484.98,21,2026-04-27
ATP,Niklas Guttau,1483.95,21,2025-10-20
ATP,Kuang Qing Xu,1483.91,21,2023-11-13
WTA,Gaia Greco,1483.35,21,2023-07-17
WTA,Sudipta Kumar,1482.78,21,2022-06-27
ATP,Antoine Walch,1478.54,21,2025-10-13
WTA,Sydney Jara,1476.71,21,2026-02-16
ATP,Luka Talan Lopatic,1475.71,21,2026-06-01
WTA,Tyra Lithiby,1473.88,21,2024-07-01
WTA,Margarita Gasparyan,1472.99,21,2024-10-21
WTA,Eszter Dorka Finak,1472.62,21,2026-06-01
WTA,Umayra Hashimova,1471.45,21,2025-09-22
WTA,Longi Noelly Nsimba,1467.63,21,2022-02-14
WTA,Sara Maria Dragnea,1467.13,21,2025-06-16
WTA,Saara Orav,1459.52,21,2021-06-07
WTA,Giovana Schincariol Delatorre Barbosa,1459.12,21,2026-06-01
ATP,Matei Florin Breazu,1458.63,21,2026-06-01
WTA,Florentine Dekkers,1455.96,21,2024-08-12
WTA,Ema Kovacevic,1455.86,21,2024-03-11
WTA,Ava Schueller,1452.57,21,2026-05-18
ATP,Nicholas Bybel,1452.52,21,2022-04-11
WTA,Suzuna Oigawa,1451.58,21,2026-05-18
WTA,Maria Berlanga Bandera,1448.99,21,2026-05-25
WTA,Lou Brouleau,1448.22,21,2021-04-05
WTA,Juliana Munhoz,1446.36,21,2022-06-13
WTA,Amanda Montes Khaghani,1442.61,21,2026-05-11
WTA,Helene Kereselidze,1441.14,21,2023-03-06
ATP,Ishaan Ravichander,1439.57,21,2024-07-01
WTA,Mara Schmidt,1438.83,21,2024-04-29
WTA,Corina Mader,1438.75,21,2021-11-08
WTA,Lucia Krivosudska,1438.66,21,2022-08-08
WTA,Ella Sahnis,1436.51,21,2024-12-16
WTA,Mia Wainwright,1436.1,21,2026-05-25
WTA,Natalia Pietras Surmacz,1435.21,21,2025-09-08
ATP,Gilberto Ravasio,1434.6,21,2026-05-25
WTA,Chusiting Tong,1433.04,21,2025-02-24
ATP,Joris Moret,1432.64,21,2025-02-03
ATP,Siwanat Auytayakul,1431.2,21,2024-01-15
WTA,Scarlett Nicholson,1430.29,21,2025-08-11
WTA,Malak Naim,1426.62,21,2021-09-13
WTA,Renee Van Bommel,1419.87,21,2022-05-23
WTA,Alina Nesmianovych,1418.35,21,2026-06-01
ATP,Ivan Iutkin,1418.25,21,2026-06-01
WTA,Sem Wensveen,1417.04,21,2021-03-29
ATP,Erik Grevelius,1413.76,21,2025-03-10
WTA,Akari Inoue,1413.04,21,2024-09-16
ATP,Alex Finkelstein,1412.39,21,2026-02-09
WTA,Juae Shin,1409.3,21,2024-09-30
WTA,Ceylin Ipek,1406.81,21,2025-07-28
WTA,Valeria Monko,1405.81,21,2025-09-01
ATP,Silvio Mencaglia,1404.99,21,2026-06-01
WTA,Song Fanshi,1404.95,21,2025-06-23
WTA,Martina Pradova,1403.66,21,2021-08-09
WTA,Gina Isabell Trautvetter,1403.52,21,2024-02-26
ATP,Luke Sorensen,1403.32,21,2024-01-29
ATP,Mikhail Minakov,1402.66,21,2023-02-06
WTA,Defne Aslanbas,1395.92,21,2024-04-22
WTA,Alara Ayaz,1394.9,21,2021-06-28
ATP,Pablo Carretero,1391.68,21,2023-07-24
ATP,Martin Katz,1390.56,21,2026-02-23
ATP,Leonardo Cattaneo,1390.17,21,2026-06-01
WTA,Nina Zabrdac,1388.38,21,2024-08-05
WTA,Vasilissa Kupriyanova,1388.09,21,2024-08-05
WTA,Ivana Gombitova,1384.36,21,2024-06-17
ATP,Adam Panaras,1382.29,21,2025-03-31
ATP,Aurel Ciocanu,1377.1,21,2026-05-25
WTA,Arisha Ladhani,1376.03,21,2024-03-04
ATP,Jack Bruce Smith,1372.93,21,2026-01-05
WTA,Julia Traub,1358.65,21,2022-08-15
ATP,Max Benaim,1355.43,21,2022-03-28
ATP,Gunawan Trismuwantara,1350.2,21,2025-11-17
WTA,Jasmine Ben Aba,1346.1,21,2024-08-05
WTA,Sofia Prodanovic,1344.31,21,2024-07-15
ATP,Lohithaksha Bathrinath,1343.4,21,2026-02-09
WTA,Gabriela Vilar,1332.17,21,2025-01-06
WTA,Adithi Are,1310.94,21,2024-06-03
WTA,Marina Popova,1292.51,21,2023-03-20
WTA,Veronika Kudermetova,1759.84,20,2025-06-22
WTA,Anastasija Sevastova,1650.62,20,2026-01-19
ATP,Andrew Johnson,1626.65,20,2026-04-20
WTA,Andrea Petkovic,1622.36,20,2022-08-15
WTA,Alesia Breaz,1590.16,20,2026-02-16
ATP,Duncan Chan,1562.65,20,2025-11-10
ATP,Nicolas Oliveira,1553.83,20,2024-04-29
ATP,Joaquim Almeida,1549.29,20,2024-04-01
ATP,Albano Olivetti,1544.68,20,2025-09-08
ATP,Marcus Mcdaniel,1539.81,20,2023-08-07
WTA,Clothilde De Bernardi,1537.22,20,2023-04-24
ATP,Jelani Sarr,1528.37,20,2024-11-18
ATP,Corey Craig,1527.82,20,2025-09-08
WTA,Lisa Ponomar,1521.34,20,2021-08-23
ATP,Thomas Yaka Kofi Setodji,1520.35,20,2024-07-22
ATP,James Ward,1516.78,20,2021-04-12
WTA,Kristyna Hrabalova,1508.73,20,2021-08-09
WTA,Diana Nekhorosheva,1507.62,20,2022-10-31
ATP,Thiago Agustin Pernas,1506.4,20,2026-01-12
WTA,Amy Sucha,1504.72,20,2026-05-11
WTA,A Young Jang,1502.86,20,2024-09-30
ATP,Bernardo Munk Mesa,1501.58,20,2025-07-21
ATP,Connor Thomson,1501.1,20,2026-03-23
WTA,Olivia Symons,1498.92,20,2023-07-24
ATP,Julien Cagnina,1497.43,20,2021-11-08
WTA,Seo Hyeon Jang,1495.42,20,2025-08-11
WTA,Kenzie Nguyen,1494.04,20,2026-06-01
ATP,Emon Van Loben Sels,1491.78,20,2026-01-27
WTA,Clarisse Aussert,1490.54,20,2023-07-17
ATP,Lucca Liu,1488.42,20,2026-05-25
WTA,Lauren Seye,1488.05,20,2025-07-28
WTA,Given Roach,1484.66,20,2024-07-29
WTA,Marwa Hakimi,1483.74,20,2022-04-04
ATP,Felipe Virgili Berini,1481.25,20,2026-03-30
ATP,Andrea Meduri,1476.59,20,2025-08-25
ATP,Lars Goran Verwerft,1472.29,20,2026-05-25
WTA,Maria Petrovic,1470.93,20,2024-10-28
WTA,Emily De Oliveira,1464.49,20,2026-02-16
WTA,Nina Sozaonova,1462.5,20,2026-04-20
ATP,Udit Kamboj,1460.05,20,2026-02-16
WTA,Paula Kania,1458.78,20,2022-05-16
WTA,Anastasiya Krymkova,1456.38,20,2026-05-25
WTA,Lynda Benkaddour,1452.75,20,2022-11-21
ATP,Santiago Bramajo,1450.88,20,2022-09-19
ATP,Fernando Romboli,1445.94,20,2024-11-25
WTA,Daniela Darta Feldmane,1444.24,20,2026-01-12
ATP,Ozan Colak,1443.2,20,2022-06-06
WTA,Ekaterina Bychkova,1442.96,20,2025-09-15
ATP,Aleksei Mokrov,1441.06,20,2023-07-24
WTA,Aiya Nupbay,1439.34,20,2025-06-09
ATP,Emanuel Ivanisevic,1439.31,20,2026-05-11
ATP,Filip Apltauer,1438.58,20,2024-08-12
ATP,Amine Jamji,1435.72,20,2026-03-30
WTA,Shiho Shibata,1434.21,20,2026-03-09
WTA,Kavya Khirwar,1433.24,20,2024-03-11
WTA,Malaka Salem,1430.67,20,2022-09-05
WTA,Sarah Kanduth,1430.31,20,2026-05-11
WTA,Julia Bortoluzzi Bianchin Bordignon,1426.82,20,2024-06-03
WTA,Katarzyna Piter,1426.6,20,2026-03-23
ATP,Photos Photiades,1425.94,20,2025-06-16
WTA,Lucie Zasterova,1422.07,20,2023-09-04
ATP,Romeo Hadzimehmedovic,1420.91,20,2024-08-12
WTA,Janani Ramesh,1420.42,20,2026-02-23
WTA,Sonja Krtenova,1410.78,20,2022-03-14
WTA,Florence Fohnen,1409.37,20,2024-09-02
WTA,Danielle Dai Chapman,1406.9,20,2026-05-18
ATP,Benjamin Gusic Wan,1404.36,20,2026-03-30
ATP,Austin Ansari,1400.61,20,2022-07-11
ATP,Dillon Beckles,1397.47,20,2026-06-01
ATP,Alen Rogic Hadzalic,1395.14,20,2022-03-21
ATP,Ajay Malik,1392.05,20,2025-12-01
WTA,Elysia Wan,1391.35,20,2023-02-27
ATP,Dorian Tremblay,1390.37,20,2026-03-09
WTA,Ginevra Peiretti,1388.43,20,2021-03-29
WTA,Fayrouz Ben Hassine,1388.42,20,2024-06-24
WTA,Kamea Medora,1384.99,20,2023-09-11
ATP,William Jucha,1380.5,20,2024-01-22
WTA,Olivia Carneiro,1379.55,20,2025-07-14
WTA,Miroslava Medvedeva,1376.73,20,2026-05-25
ATP,Darius Florin Pop,1376.17,20,2025-09-16
ATP,Bingyu Yu,1373.93,20,2025-04-28
WTA,Isabelle Kouzmanov,1373.11,20,2023-03-27
ATP,Cristobal Castro,1371.62,20,2023-01-23
WTA,Paula Mihaela Onita,1367.42,20,2024-09-02
ATP,Aryan Lakshmanan,1366.65,20,2026-05-18
ATP,Mateo Luis Alvarez Sarmiento,1365.41,20,2026-04-27
WTA,Liv Sumak,1363.9,20,2024-10-21
ATP,Kyle Overmyer,1362.26,20,2026-02-02
WTA,Aiken Tejada,1360.6,20,2025-11-03
WTA,Anamari Znuderl,1350.65,20,2024-05-20
ATP,Evangelos Kypriotis,1346.06,20,2025-03-03
WTA,Rina Hosni,1343.34,20,2022-05-16
WTA,Liz Badde,1335.22,20,2024-01-08
ATP,Marc Saura Moragrega,1327.52,20,2026-03-09
WTA,Anna Peres,1321.15,20,2023-05-01
WTA,Sofia Arellano,1316.1,20,2022-11-14
WTA,Feyza Ebrar Aydin,1298.23,20,2023-05-08
WTA,Alexandra Gombitova,1298.22,20,2024-11-04
WTA,Elena Ecker,1274.31,20,2025-09-01
WTA,Roua Limem,1273.05,20,2024-03-18
WTA,Daria Kasatkina,1780.16,19,2026-05-17
ATP,Kevin Anderson,1611.48,19,2023-08-28
WTA,Daniela Piani,1607.82,19,2025-06-09
WTA,Maria Shusharina,1587.88,19,2021-07-05
WTA,Charlotte Keitel,1580.41,19,2026-06-01
ATP,Manuel Pena Lopez,1572.59,19,2020-01-27
WTA,Jade Suvrijn,1569.05,19,2021-06-14
ATP,Julian Alonso,1563.3,19,2026-05-18
WTA,Quetzali Dafne Vazquez Montesinos,1546.92,19,2023-01-30
WTA,Jana Hossam Salah,1546.6,19,2025-12-22
WTA,Tea Kovacevic,1531.58,19,2026-05-25
WTA,Oona Orpana,1521.3,19,2021-10-25
WTA,Sara Alejandra Seivane Torres,1515.39,19,2023-02-20
WTA,Louise Wikander,1514.1,19,2024-08-19
WTA,Nikola Tomanova,1511.25,19,2021-07-26
WTA,Celia Belle Mohr,1508.52,19,2021-04-12
WTA,Maria Daciana Ciubotaru,1505.34,19,2023-11-13
WTA,Jaedan Brown,1503.92,19,2026-06-01
WTA,Kamonwan Buayam,1501.64,19,2022-06-13
ATP,Bjorn Swenson,1495.99,19,2025-09-22
ATP,Ilyas Milad Fahim,1494.09,19,2026-05-11
WTA,Katarina Kujovic,1489.72,19,2026-06-01
ATP,Runyu Zhao,1487.64,19,2024-09-16
WTA,Jada Hart,1480.38,19,2023-06-12
ATP,Jeremy Zhang,1476.0,19,2025-11-10
WTA,Darina Kamenoff,1475.59,19,2023-10-09
WTA,Korina Roso,1474.81,19,2026-06-01
WTA,Julie Armingol,1474.07,19,2025-03-03
ATP,Amr Asrawy,1473.64,19,2021-08-30
WTA,Maxine Murphy,1472.48,19,2025-08-11
WTA,Claudia Martinez De Velasco,1470.89,19,2022-07-11
ATP,Arjun Rathi,1470.63,19,2026-05-18
WTA,Laura Garcia Astudillo,1467.49,19,2023-11-13
ATP,Lisandru Rodriguez,1466.99,19,2022-07-04
ATP,Noah Lopez Cherubino,1465.69,19,2025-02-03
WTA,Hams Metwali,1464.04,19,2024-12-09
WTA,Anne Sophie Morandais,1463.93,19,2022-09-19
ATP,Bekkhan Atlangeriev,1462.97,19,2026-04-27
WTA,Ryeong Gyeong Park,1462.7,19,2026-05-11
WTA,Agustina Grassi,1461.86,19,2025-10-27
WTA,Pietra Rivoli,1461.42,19,2025-09-08
WTA,Ines Leon,1460.09,19,2025-11-24
ATP,Kosuke Shibano,1454.07,19,2026-04-20
WTA,Caterina Novello,1452.69,19,2025-09-15
ATP,Adriano Dzhenev,1450.74,19,2024-03-04
WTA,Anastasia Pribylova,1450.45,19,2025-08-25
WTA,Minami Akiyama,1450.28,19,2021-11-29
ATP,Paras Dahiya,1450.17,19,2022-07-25
ATP,Inaki Cabrera Bello,1449.7,19,2022-11-28
WTA,Andreea Diana Soare,1447.04,19,2026-06-01
ATP,Brandon Murphy,1444.71,19,2023-05-01
ATP,Karol Malirz,1442.38,19,2026-05-25
ATP,Jordan Smith,1441.96,19,2022-10-31
WTA,Amelie Brooks,1441.9,19,2026-04-27
WTA,Darya Kharlanova,1441.12,19,2026-05-25
WTA,Massiva Boukirat,1441.03,19,2026-03-16
ATP,Egor Noskin,1440.44,19,2022-07-18
ATP,Mikolaj Lorens,1439.38,19,2025-08-11
WTA,Greta Schieroni,1437.88,19,2023-01-16
WTA,Kristina Belkova,1437.5,19,2026-05-25
ATP,Iker Sevilla,1435.38,19,2024-11-18
ATP,Ronald Slobodchikov,1435.02,19,2021-06-28
ATP,Henry Lieberman,1428.16,19,2024-09-23
WTA,Maftunabonu Kahramonova,1427.26,19,2025-10-27
WTA,Luisa Schruff,1426.51,19,2026-06-01
ATP,Rowland Phillips,1426.34,19,2025-01-13
WTA,Tayla Wilmot,1426.23,19,2025-06-30
ATP,Alexander Hoogmartens,1426.19,19,2022-08-29
WTA,Sonashe Bhatnagar,1425.79,19,2022-02-28
ATP,Siim Troost,1421.34,19,2023-07-17
ATP,Nicolo Pozzani,1420.77,19,2023-08-21
WTA,Ornella De Fazio,1419.82,19,2024-09-09
ATP,Piotr Matuszewski,1419.58,19,2026-05-25
ATP,Ryusuke Horiuchi,1418.02,19,2026-06-01
WTA,Cristina Rodriguez Duenas,1414.71,19,2023-04-03
WTA,Sia Cariov,1412.37,19,2024-05-13
ATP,Arthur Laborde,1411.86,19,2026-03-23
WTA,Sara Erenda,1410.22,19,2024-06-03
ATP,Kai I Wang,1409.2,19,2025-11-03
ATP,Ignacio Novo,1407.69,19,2023-10-16
ATP,Marc Antoine Gaillard,1405.5,19,2026-05-18
WTA,Bryn Johnson,1404.74,19,2022-07-11
ATP,Marcos Lee Chan Baratau,1404.49,19,2024-10-28
WTA,Nia Gelashvili,1403.67,19,2024-02-19
ATP,Zekai Li,1402.51,19,2024-08-19
ATP,Daniel Lara Salmeron,1402.39,19,2026-04-06
WTA,Chao Yi Wang,1401.14,19,2023-06-19
ATP,Kristof Minarik,1398.36,19,2023-06-05
ATP,Tommaso Carnevale Miino,1396.65,19,2023-08-21
ATP,Enzo Frances Tessari,1389.51,19,2023-03-06
WTA,Tuana Tinaztepe,1385.39,19,2021-06-28
ATP,Dmitry Kopilevich,1385.14,19,2026-06-01
ATP,Miguel Fernando Pereira,1384.18,19,2023-03-12
WTA,Diva Bhatia,1382.3,19,2025-09-15
WTA,Alessandra Xibilia,1382.02,19,2025-06-02
WTA,Allegra Hodson,1380.59,19,2024-12-09
WTA,Reza Timmerman,1376.29,19,2023-08-28
ATP,Yash Chaurasia,1376.15,19,2026-05-18
ATP,Christian Lakoseljac,1374.18,19,2022-08-22
WTA,Ju Yun Jeng,1373.7,19,2024-06-17
ATP,Bart Stevens,1373.44,19,2023-05-15
WTA,Katie Dyson,1366.8,19,2024-03-25
ATP,Weitao Xu,1365.54,19,2025-07-07
ATP,Noah Regas Luis,1363.85,19,2025-03-24
ATP,Nicolas Esteban Rico Arias,1361.8,19,2026-03-23
ATP,Gino Romano,1361.16,19,2025-05-19
ATP,Laelson Rodrigues,1358.31,19,2025-11-24
WTA,Lisa Gruber,1351.7,19,2025-10-27
WTA,Ketevan Jeladze,1351.0,19,2024-05-13
WTA,Diana Mascenikova,1350.71,19,2024-10-28
ATP,Bader Alabdullah,1350.15,19,2026-02-02
WTA,Wilva Chan,1348.76,19,2026-05-18
WTA,Sofiya Volkova,1346.98,19,2024-05-13
WTA,Carolina Mesquita,1344.6,19,2024-04-22
WTA,Yashika Venu,1342.7,19,2023-06-12
WTA,Pimmada Lim,1334.93,19,2024-09-02
WTA,Lucy Dawson,1327.1,19,2024-06-03
ATP,Breno Braga,1326.91,19,2026-05-04
WTA,Maria Beatriz Teixeira,1323.61,19,2025-11-03
WTA,Emily Tinker,1322.85,19,2024-10-07
WTA,Lucia Gonzales,1320.2,19,2022-11-14
WTA,Daria Tudor,1319.0,19,2024-09-02
WTA,Beloslava Veleva,1315.6,19,2022-09-12
WTA,Helena Muzinic,1306.89,19,2024-03-18
WTA,Martina Alejandra Piotti,1303.48,19,2025-03-24
WTA,Ella Simmons,1303.11,19,2024-05-27
WTA,Georgiana Francesca Prodan,1294.85,19,2025-09-22
WTA,Caroline Fawzy,1294.15,19,2022-08-15
WTA,Mey Ayari,1290.56,19,2023-09-04
WTA,Amelie Gindl,1250.8,19,2024-07-22
ATP,Reilly Opelka,1697.0,18,2025-04-29
WTA,Amanda Anisimova,1690.45,18,2025-05-12
WTA,Suha Lee,1665.04,18,2026-05-04
WTA,Emma Charney,1618.73,18,2025-11-10
WTA,Taylor Johnson,1614.67,18,2023-06-19
WTA,Vittoria Segattini,1608.3,18,2024-10-14
WTA,Cindy Burger,1601.72,18,2021-06-28
WTA,Alina Tsyurpalevych,1593.25,18,2023-06-12
WTA,Anhelina Kalita,1585.0,18,2021-05-31
ATP,Luis Felipe Miguel,1583.13,18,2026-05-04
WTA,Polina Skliar,1579.53,18,2026-04-27
WTA,Varunya Wongteanchai,1572.73,18,2022-06-13
ATP,Facundo Arguello,1552.57,18,2020-11-23
WTA,Sophie Llewellyn,1545.2,18,2025-05-19
WTA,Maria Agustina Farina,1540.22,18,2023-01-16
WTA,Noa Krznaric Uygungul,1537.82,18,2024-07-29
ATP,Fabien Reboul,1523.16,18,2022-02-28
WTA,Sofia Meabe,1521.97,18,2026-01-19
WTA,Arunkumar Lakshmi Prabha,1518.02,18,2026-03-02
WTA,Yana Sizikova,1513.19,18,2022-06-06
ATP,Lamine Ouahab,1511.62,18,2022-04-04
ATP,Enrique Carrascosa Diaz,1509.82,18,2025-09-29
WTA,Yilin Yan,1509.6,18,2024-03-18
ATP,Mac Visser,1499.57,18,2026-05-25
WTA,Sabrina Rittberger,1496.99,18,2021-05-24
ATP,Joao Dinis Silva,1494.83,18,2026-05-25
WTA,Nathaly Kurata,1491.06,18,2021-11-08
WTA,Alice Nicoleta Petrache,1488.7,18,2024-06-03
ATP,Theo Herrmann,1487.66,18,2026-05-18
WTA,Aditi Rawat,1484.95,18,2026-04-27
ATP,Tudor Batin,1481.0,18,2026-04-20
ATP,Andrew Delgado,1479.5,18,2025-11-03
WTA,Denisa Pospisilova,1479.42,18,2023-05-01
WTA,Madison Appel,1478.64,18,2021-03-15
WTA,Zara Larke,1477.59,18,2023-01-09
WTA,Vichitraporn Vimuktananda,1477.14,18,2025-07-28
ATP,Jonah Braswell,1474.85,18,2024-07-01
ATP,Evan Song,1472.25,18,2021-09-13
ATP,Evan Hoyt,1470.18,18,2021-09-13
WTA,Heejin Han,1469.87,18,2024-09-30
WTA,Yasmeen Ghaoui,1469.81,18,2024-07-29
WTA,Madison Schwarz,1469.31,18,2024-07-01
ATP,Diego Jarry Fillol,1468.75,18,2025-11-24
WTA,Valentyna Ivakhnenko,1465.41,18,2021-01-10
WTA,Tamar Yaffe,1465.12,18,2022-09-12
ATP,Marko Andrejic,1464.96,18,2022-09-05
ATP,Nathan Trouve,1457.79,18,2025-11-17
ATP,Patrik Munkhammar,1455.1,18,2026-01-05
ATP,Alexis Gurmendi,1453.03,18,2026-01-12
WTA,Yelena Lebeau,1452.58,18,2026-04-06
ATP,Arthur Bellegy,1446.89,18,2026-06-01
WTA,Tilde Jagare,1441.55,18,2024-08-19
WTA,Lucia Santos Sanchez,1440.32,18,2026-03-16
ATP,Noah Karma,1439.0,18,2024-11-11
WTA,Yassamine Boudjadi,1437.17,18,2022-02-07
WTA,Paulina Montiel,1435.91,18,2026-03-02
WTA,Hind Abdelouahid,1431.23,18,2023-06-26
WTA,Lunda Kumhom,1424.81,18,2026-05-04
WTA,Ewa Czapulak,1424.23,18,2024-08-12
WTA,Elia Rozanes,1423.59,18,2023-09-11
WTA,Thamyrys Nicolle Costa Araujo,1423.14,18,2024-10-21
WTA,Silvia Alejo,1421.22,18,2024-06-03
ATP,Twan Van Zijl,1419.98,18,2025-08-18
ATP,Alexandr Igoshin,1419.69,18,2021-07-19
WTA,Maia Stallworthy,1417.33,18,2023-06-26
ATP,Kian Vakili,1416.55,18,2026-04-27
ATP,Xirui Han,1409.67,18,2026-06-01
ATP,Sean Van Rensburg,1404.15,18,2023-10-30
WTA,Natali Jaiani,1403.79,18,2024-04-29
ATP,Ivar Jose Aramburu Contreras,1403.72,18,2023-03-06
ATP,Enzo Camargo Lima,1403.36,18,2026-04-13
WTA,Rachel Zipfel,1400.55,18,2022-03-28
WTA,Lola Collin,1397.35,18,2025-09-08
WTA,Kristina Mrazikova,1396.63,18,2023-11-27
ATP,Piotr Grynkowski,1395.3,18,2024-03-25
WTA,Ioana Miruna Cristea,1394.63,18,2023-12-18
ATP,Kirill Mishkin,1392.96,18,2026-05-25
ATP,Gianluca Ballotta,1392.22,18,2023-08-21
WTA,Stina Larsson,1387.97,18,2024-06-17
WTA,Ekaterina Kldiashvili,1386.88,18,2025-09-01
ATP,Syl Gaxherri,1382.76,18,2025-09-15
WTA,Kirra Bond Scott,1382.04,18,2024-12-16
ATP,Oskari Eerola,1379.0,18,2025-11-03
ATP,Manish Ganesh,1375.46,18,2024-02-26
ATP,Alexander Brown,1371.39,18,2021-11-08
ATP,Nil Regas Luis,1369.65,18,2024-03-25
WTA,Christine Junge Ilges,1368.96,18,2024-03-25
ATP,Alvaro Bueno Gil,1368.73,18,2025-09-15
ATP,Henri Haupt,1367.41,18,2025-11-24
WTA,Mariam Hatem Ibrahim,1364.36,18,2022-05-09
WTA,Eliana Nair Zanuttini,1359.14,18,2024-06-03
WTA,Tiara Belen Alvarez,1355.91,18,2025-08-04
WTA,Regina Ristic North,1354.98,18,2024-05-20
ATP,Breno Rossetto Urvaneja,1354.67,18,2025-12-01
ATP,Maksim Tikhomirov,1344.71,18,2026-02-23
WTA,Defne Ursan,1340.95,18,2024-05-13
WTA,Sude Ince,1338.1,18,2023-05-08
ATP,Adam Nagoudi,1333.74,18,2025-05-12
WTA,Saniya Singh,1333.7,18,2023-06-19
ATP,Tsz Fu Wong,1333.42,18,2026-03-23
ATP,Rashed Nawaf,1332.35,18,2024-02-19
ATP,Stephanos Schinas,1329.44,18,2026-04-20
WTA,Natasa Kosanin,1328.34,18,2024-06-03
WTA,Renad Ayman Maamoun,1326.45,18,2022-01-10
ATP,Tobias Sonne,1323.2,18,2025-11-17
WTA,Anastasia Komkina,1322.24,18,2024-02-12
WTA,Sylvia Schenck,1319.39,18,2023-06-12
WTA,Paris Renaudet Sorbet,1318.59,18,2025-05-26
WTA,Urszula Nebelska,1313.91,18,2022-04-11
WTA,Sofia Dement,1308.87,18,2025-08-25
WTA,Kristen Seabury,1306.12,18,2024-02-19
WTA,Ananya Yadav,1302.56,18,2024-02-26
WTA,Mariya Pyrozhenko,1281.36,18,2024-09-23
WTA,Ophelie Boullay,1643.1,17,2025-10-27
ATP,Lucas Andrade Da Silva,1618.49,17,2025-09-29
ATP,Yuki Bhambri,1595.86,17,2023-01-02
ATP,Noritaka Koizumi,1585.21,17,2026-05-25
ATP,Liam Caruana,1576.0,17,2020-02-24
WTA,Xinyu Cai,1569.74,17,2024-01-01
ATP,Stian Klaassen,1569.36,17,2025-07-07
WTA,Victoria Mulville,1566.13,17,2026-04-20
WTA,Olga Doroshina,1562.88,17,2021-02-22
ATP,Casey Hoole,1561.27,17,2024-12-30
WTA,Amber Marshall,1543.5,17,2020-01-13
WTA,Maja Pawelska,1535.72,17,2026-02-09
ATP,Joaquin Guilleme,1534.82,17,2026-01-12
ATP,Vasco Leote Prata,1533.82,17,2025-07-28
WTA,Marie Mattel,1532.63,17,2026-04-06
WTA,Audrey Aulia,1529.74,17,2025-12-15
WTA,Ange Oby Kajuru,1518.33,17,2023-07-31
ATP,Ilgiz Valiev,1517.77,17,2024-06-03
ATP,Peter Torebko,1517.51,17,2020-02-17
WTA,Charlotte Kempenaers Pocz,1516.49,17,2024-11-11
WTA,Kayla Chung,1516.08,17,2025-06-23
WTA,Kristyna Lavickova,1511.44,17,2022-02-21
WTA,Azuna Ichioka,1509.86,17,2026-04-13
ATP,Jaesung Choe,1505.91,17,2026-05-25
ATP,Martin Redlicki,1502.57,17,2021-03-15
ATP,Jordan Correia Passos Do Carmo,1500.91,17,2025-03-17
WTA,Meritxell Boix Molla,1499.99,17,2022-12-05
WTA,Xinyi Nong,1499.56,17,2025-07-07
ATP,Christian Lerby,1499.37,17,2024-08-12
ATP,Pranav Karthik,1498.91,17,2026-05-18
ATP,Hugo Coquelin,1497.57,17,2026-05-25
WTA,Mijeong Park,1495.49,17,2023-05-29
WTA,Aurora Nosei,1495.4,17,2026-06-01
WTA,Xue Cao,1495.37,17,2024-07-15
WTA,Amandine Cazeaux,1493.96,17,2022-11-14
WTA,Antonia Lottner,1485.54,17,2022-07-25
ATP,Gabriele Crivellaro,1477.31,17,2026-02-02
WTA,Yuyun Chen,1476.54,17,2024-06-17
WTA,Ekaterina Nikiforova,1474.92,17,2023-03-06
ATP,Richard Antoni,1469.96,17,2026-06-01
WTA,Tanysha Dissanayake,1469.7,17,2021-05-31
WTA,Chisato Kanemaki,1468.78,17,2025-06-02
WTA,Anastasia Grechkina,1467.9,17,2023-05-08
WTA,Thanh Lan Truong,1466.9,17,2024-07-08
ATP,Yeonsu Jeong,1466.51,17,2026-05-25
WTA,Denise Torrealba,1464.41,17,2024-11-04
WTA,Natsuko Saegusa,1463.09,17,2025-10-27
WTA,Elizabete Brutane,1463.01,17,2023-05-29
ATP,Mak Mikovic,1461.83,17,2026-06-01
WTA,Beyda Baykal,1461.63,17,2021-01-11
WTA,Lea Aschenberger,1460.69,17,2024-05-13
ATP,Youssef Kadiri Hassani,1454.87,17,2026-06-01
WTA,Gabriela Kawano Cho,1453.89,17,2025-10-06
WTA,Candela Aparisi Gonzalez Vallarino,1452.16,17,2024-08-12
WTA,Leonie Rabl,1451.57,17,2026-05-18
WTA,Jagmeet Kaur,1450.42,17,2023-02-13
WTA,Agnes Mitteregger,1449.17,17,2023-03-13
ATP,Cesar Ramirez,1448.78,17,2024-11-25
WTA,Emma Valletta,1448.2,17,2024-07-22
WTA,Kayla Brianne Moore,1447.93,17,2025-07-28
ATP,Ranjeet Virali Murugesan,1445.86,17,2024-01-08
WTA,Liuyan An,1445.16,17,2026-05-18
WTA,Jillian Louise Roa,1444.91,17,2021-09-27
ATP,Francisco Tomas Geschwind,1444.83,17,2026-05-11
ATP,Melvin Kumar,1444.16,17,2026-05-18
WTA,Doroteja Joksovic,1442.26,17,2021-09-06
WTA,Hajar Crinebouch,1441.07,17,2026-05-04
ATP,Roman Postolka,1440.54,17,2026-04-27
ATP,Stefan Menichella,1440.0,17,2025-11-17
WTA,Dimitra Tsatsa,1439.22,17,2021-06-14
WTA,Lavinia Sophia Cacace Gismondi,1432.82,17,2025-11-03
WTA,Olympe Lancelot,1432.52,17,2026-05-18
ATP,Hamid Reza Nadaf,1432.09,17,2024-03-04
WTA,Stasa Bulatovic,1431.29,17,2025-05-05
ATP,Jake Dembo,1428.78,17,2026-02-02
ATP,David Saye,1427.5,17,2024-09-16
WTA,Chelsea Stergiopoulos,1427.12,17,2026-04-27
WTA,Ye Eun Kim,1423.59,17,2026-05-04
WTA,Fitriana Sabrina,1421.53,17,2024-11-25
ATP,Marc Othman Ktiri,1419.48,17,2022-06-20
ATP,Changli Zhang,1419.17,17,2024-09-02
WTA,Emiliia Margolina,1417.86,17,2023-03-20
ATP,Alexander Orlov,1416.08,17,2026-02-16
ATP,Christian Oliveira,1415.31,17,2024-11-04
ATP,Stefan Storch,1410.18,17,2026-06-01
ATP,Maurus Malgiaritta,1409.98,17,2024-07-29
ATP,Arslanbek Temirhanov,1404.45,17,2023-04-17
WTA,Adriana Cortes,1403.04,17,2023-06-19
WTA,Annick Melgers,1401.35,17,2021-06-28
WTA,Anja Casari,1400.72,17,2026-05-18
ATP,Aryan Goveas,1399.48,17,2021-11-22
ATP,Alex Kobelt,1396.49,17,2026-04-06
WTA,Temenujka Radovska,1396.14,17,2024-09-02
ATP,Alex Degabriele,1394.61,17,2025-06-30
WTA,Sandra Mahbouli,1393.26,17,2024-08-12
ATP,Cyril Respaut,1389.88,17,2024-06-10
ATP,Bautista De La Pena,1387.75,17,2026-05-11
WTA,Tabeth Tadoum,1386.05,17,2023-11-13
WTA,Yana Tsion,1385.17,17,2024-06-24
ATP,Karim Mabrouk,1384.4,17,2026-05-18
WTA,Beatriz Verdial,1384.37,17,2022-08-01
WTA,Adel Ismagylova,1381.28,17,2022-04-25
WTA,Madison Rose,1381.25,17,2026-01-05
ATP,Leonardo Taddia,1378.97,17,2024-07-01
WTA,Sofia Pinto,1378.82,17,2024-07-15
ATP,Zhengyu Sun,1378.74,17,2026-04-27
WTA,Carolina Alvarez,1377.62,17,2023-04-24
WTA,Ellie Blackford,1377.19,17,2025-07-14
WTA,Kaja Najzer,1373.62,17,2026-06-01
WTA,Vicky Veloso,1372.35,17,2022-04-04
ATP,Shinnosuke Hiramatsu,1371.39,17,2023-01-16
ATP,Daniil Savelev,1369.51,17,2024-01-29
ATP,Anirudh Chandrasekar,1368.41,17,2024-09-23
WTA,Roxana Valdez,1365.75,17,2024-03-11
WTA,Delfina Yanez,1364.23,17,2024-11-04
WTA,Claudia Bernaschi,1363.01,17,2023-11-27
WTA,Gabriela Yamate Almeida,1354.77,17,2022-05-16
ATP,Taki Adachi,1347.65,17,2025-09-01
WTA,Ella Kordik,1345.67,17,2024-08-26
ATP,Kuan Yu Chen,1344.22,17,2022-10-03
WTA,Mariana Gomes Sorrilha,1343.63,17,2024-03-11
WTA,Dila Beril Guclu,1341.79,17,2024-10-21
WTA,Eda Numanoglu,1337.53,17,2025-06-09
WTA,Miriam Katharina Opris,1337.45,17,2024-08-26
WTA,Yusra Hegy,1335.8,17,2022-05-16
WTA,Akiho Maruyama,1331.55,17,2024-12-16
WTA,Sarah Prescott,1305.61,17,2024-03-18
WTA,Helena Sarkis,1297.5,17,2024-05-13
WTA,Paulina Martynova,1266.35,17,2024-12-09
WTA,Anastasia Pavlyuchenkova,1686.11,16,2026-05-05
WTA,Sloane Stephens,1678.39,16,2026-04-21
ATP,Alejandro Davidovich Fokina,1632.32,16,2024-10-28
WTA,Ashley Kratzer,1632.02,16,2024-10-21
ATP,Clement Geens,1614.28,16,2020-01-06
WTA,Paula Badosa,1611.78,16,2026-03-09
WTA,Emma Jackson,1587.74,16,2026-04-27
WTA,Camila Giorgi,1585.33,16,2024-01-08
ATP,Rohan  Murali,1565.6,16,2025-02-24
WTA,Eleanor Dean,1544.84,16,2024-08-26
WTA,Ariana Anazagasty Pursoo,1540.04,16,2024-11-11
WTA,Emily Arbuthnott,1539.3,16,2021-08-16
ATP,Ivo Karlovic,1535.55,16,2021-08-30
ATP,Majed Kilani,1533.65,16,2020-03-09
WTA,Molly Helgesson,1532.39,16,2023-11-27
WTA,Sophia Webster,1532.09,16,2024-06-17
WTA,Irina Falconi,1529.54,16,2023-07-03
WTA,Julia Zhu,1526.09,16,2024-07-08
WTA,Karina Hofbauer,1520.63,16,2025-11-10
WTA,Natalia Trigosso,1519.59,16,2025-07-07
WTA,Oana Smaranda Corneanu,1519.02,16,2021-04-12
WTA,Sarah Mildren,1514.13,16,2026-01-12
WTA,Jana Cepelova,1513.71,16,2023-08-28
WTA,Viktorie Zidelova,1511.28,16,2024-11-11
ATP,Jerry Roddick,1511.09,16,2026-06-01
ATP,Noah Johnston,1507.49,16,2026-05-25
ATP,Sem Verbeek,1504.33,16,2023-01-23
WTA,Cristina Ramos Sierra,1503.18,16,2025-07-07
WTA,Zuzanna Kubacha,1501.03,16,2025-06-09
ATP,Asahi Harazaki,1498.74,16,2022-11-21
WTA,Junlu Sun,1494.2,16,2026-05-04
WTA,Bianca Molnar,1494.07,16,2024-06-24
WTA,Eduarda Piai,1493.25,16,2022-02-28
WTA,Neila Trklja,1493.18,16,2025-06-02
WTA,Ma Ruoxi,1492.06,16,2026-04-27
ATP,Mischa Lanz,1490.19,16,2024-08-12
WTA,Elizaveta Castillo,1489.55,16,2025-05-19
WTA,Viola Bedini,1489.44,16,2026-05-25
ATP,Will Mayew,1487.73,16,2025-06-30
WTA,Liam Oved,1485.72,16,2025-06-02
WTA,Vitalia Stamat,1484.03,16,2021-02-08
ATP,Flynn Thomas,1483.71,16,2026-02-23
ATP,Lambert Ruland,1479.85,16,2022-06-27
ATP,Glib Sekachov,1478.92,16,2025-09-15
WTA,Ekaterina Khodzhaeva,1477.88,16,2026-05-11
ATP,Mathys Picard,1477.25,16,2026-05-25
WTA,Andjelija Markovic,1476.95,16,2024-09-16
WTA,Jeanne Meme,1476.47,16,2024-02-26
WTA,Alexia Jacobs,1475.64,16,2024-07-15
WTA,Marketa Panackova,1475.03,16,2022-03-28
WTA,Gabia Paskauskas,1474.11,16,2025-12-01
WTA,Violeta Martinez,1471.86,16,2025-08-04
WTA,Sarah Hamner,1469.82,16,2024-06-03
ATP,Anton Chekhov,1469.82,16,2026-04-27
WTA,Agostina Landa,1469.22,16,2022-02-07
ATP,Jonathan Gray,1465.2,16,2022-06-13
WTA,Gabriela Pimentel,1464.47,16,2024-08-05
WTA,Julia Wachaczyk,1463.41,16,2022-10-03
ATP,Paul Werren,1458.56,16,2023-09-04
ATP,Dimitriy Voronin,1457.01,16,2021-03-22
WTA,Zofia Podbiol,1456.07,16,2021-11-29
WTA,Sophia Bursulaya,1455.33,16,2024-06-17
ATP,Vaughn Hunter,1455.0,16,2021-02-14
WTA,Mireia Pons Lopez,1454.63,16,2024-11-18
ATP,Ainius Sabaliauskas,1452.63,16,2022-10-17
WTA,Jade Psonka,1451.34,16,2024-03-25
WTA,Eleni Tsetsou,1450.64,16,2026-03-09
ATP,Alejandro Lopez Escribano,1450.13,16,2025-07-14
ATP,Eyal Shyovitz,1450.04,16,2024-03-25
WTA,Terezia Baraniakova,1448.88,16,2022-05-09
WTA,Sai Dedeepya Yeddula,1448.28,16,2022-02-28
WTA,Polina Ramenskaja,1442.89,16,2023-05-08
ATP,Jerko Brkic,1441.94,16,2024-04-08
ATP,Mason Naumovski,1440.47,16,2024-02-05
ATP,Aleksandar Tomas,1436.58,16,2022-01-17
ATP,Elias Julian Werner,1435.38,16,2026-03-30
ATP,Guillermo Garcia Lopez,1433.62,16,2021-03-01
WTA,Ksenia Kolesnikova,1431.4,16,2021-11-22
WTA,Martina Zara,1429.55,16,2023-06-05
WTA,Maria Ivankovic,1427.84,16,2024-10-21
ATP,Tilen Kovac,1426.9,16,2026-05-18
WTA,Lucia De Santa Ana,1426.58,16,2024-04-01
WTA,Elif Tuana Gunal,1426.27,16,2023-03-27
ATP,Shay Bar Menahem,1423.06,16,2022-10-24
WTA,Dainhee Kim,1421.77,16,2023-08-28
WTA,Roxana Elena Muzuru,1421.6,16,2024-11-18
ATP,Tom Sickenberger,1420.49,16,2026-06-01
WTA,Katina Estefania Zepeda Barrios,1420.16,16,2022-09-19
WTA,Jorana Victoria Salcedo Franklin,1419.12,16,2024-08-19
WTA,Valentina Bertonazzi,1418.99,16,2024-11-18
WTA,Justyna Jodlowska,1417.52,16,2023-03-27
WTA,Anna Wise,1415.22,16,2023-11-13
ATP,Alexey Nesterov,1415.04,16,2024-06-24
WTA,Andjela Raznatovic,1413.92,16,2024-07-01
ATP,Jack Gibbens,1412.99,16,2022-10-03
ATP,Matt Kleiman,1410.92,16,2026-05-04
WTA,Alena Fomina,1409.09,16,2023-06-12
WTA,Annette Robertson,1407.95,16,2024-06-03
ATP,Hamza El Amine,1405.18,16,2025-12-22
WTA,Valeria Porras Buezo,1404.43,16,2023-05-15
ATP,Benjamin Denis Alarcon,1402.56,16,2023-07-03
ATP,Albert Roglan,1402.54,16,2021-08-30
WTA,Camilla Iervolino,1402.26,16,2024-07-22
ATP,Rahul Dhokia,1400.58,16,2026-03-02
WTA,Darya Lebesheva,1397.18,16,2023-03-06
ATP,Runhao Hua,1393.68,16,2022-06-27
WTA,Sofia Vaynberg,1393.35,16,2022-01-17
ATP,Sid Donarski,1392.48,16,2025-07-07
WTA,Kahyeon Han,1392.47,16,2024-09-02
ATP,Andrei Kunitsyn,1392.43,16,2026-05-04
ATP,Razvan Baiant,1392.1,16,2020-02-17
ATP,Thomas Nicholas Gadecki,1391.74,16,2024-01-01
WTA,Jessica Matthews,1387.86,16,2023-05-01
ATP,Fumin Jiang,1384.13,16,2025-09-17
WTA,Sasha Nelson,1382.73,16,2023-10-09
ATP,Alexander Merino,1381.01,16,2025-11-10
WTA,Summer Hupfeld,1379.61,16,2025-10-06
ATP,Gregorio Biondolillo,1376.85,16,2026-06-01
ATP,Makar Krivoshchekov,1376.25,16,2026-05-25
ATP,Maxime Dubouch,1375.69,16,2023-02-20
WTA,Nefeli Zafeiri,1374.6,16,2022-06-27
WTA,Evelina Takhmazyan,1372.11,16,2024-04-08
WTA,Manuela De Lorenzo,1371.89,16,2025-01-27
WTA,Siri Patil,1367.87,16,2024-07-15
WTA,Daiana Postay,1367.03,16,2022-05-23
ATP,Carl Holder,1367.01,16,2026-02-09
WTA,Carlota Mulet Bouza,1365.89,16,2025-11-17
WTA,Claudia Sanchez Quesada,1365.03,16,2022-05-30
WTA,Giada Ciampa,1358.95,16,2024-04-22
WTA,Taleia Tuatao,1358.81,16,2026-03-09
WTA,Selin Vakalapudi,1358.16,16,2026-01-19
WTA,Naomi Jackson,1357.17,16,2024-07-22
WTA,Maja Radisic,1352.41,16,2023-12-04
ATP,Ivan Perez Martin,1349.8,16,2025-07-21
ATP,Sherif Makhlouf,1342.13,16,2022-05-16
ATP,Daniil Golubev,1338.0,16,2026-02-02
WTA,Sanya Yadav,1335.56,16,2024-02-26
WTA,Deniz Paykoc,1335.02,16,2021-02-15
WTA,Graziella Barrett,1333.65,16,2022-01-24
WTA,Sarah Ben Aba,1324.75,16,2024-07-29
WTA,Vivien Noemi Faludi,1312.96,16,2024-11-04
WTA,Sarra Cheikh Fredj,1301.46,16,2026-01-05
WTA,Amina Bolat,1296.29,16,2023-03-06
WTA,Tsvetana Pironkova,1606.34,15,2021-06-28
WTA,Anna Pushkareva,1591.97,15,2026-05-11
WTA,Selma Stefania Cadar,1588.84,15,2024-06-03
WTA,Chukwumelije Clarke,1575.26,15,2026-04-13
WTA,Blanca Pico Navarro,1573.24,15,2023-05-15
WTA,Nao Nishino,1569.96,15,2026-05-25
ATP,Luis Carlos Alvarez,1569.52,15,2025-08-12
WTA,Selin Ovunc,1568.54,15,2023-10-16
WTA,Eleni Karantali,1556.71,15,2025-05-26
ATP,Daniil Kakhniuk,1548.49,15,2026-03-23
WTA,Marine Le Bozec,1544.83,15,2024-11-18
WTA,Minori Ishida,1543.67,15,2024-11-04
WTA,Tania Isabel Andrade Sabando,1531.58,15,2023-09-25
ATP,Romain Gales,1522.76,15,2021-08-30
WTA,Katyarina Paulenka,1522.35,15,2021-03-29
WTA,Simona Wirglerova,1521.6,15,2025-10-13
WTA,Anna Maria Tottrup,1519.23,15,2024-05-06
ATP,Sho Katayama,1516.37,15,2025-11-03
ATP,Siphosothando Montsi,1512.9,15,2024-10-21
WTA,Tegan Bush,1512.84,15,2026-04-27
ATP,Justin Butsch,1511.38,15,2021-11-15
ATP,Lingxi Zhao,1509.1,15,2026-05-11
WTA,Alise Cernecka,1506.89,15,2022-04-25
WTA,Ingrid Carolina Millan,1503.81,15,2026-03-02
ATP,Alejandro Hayen,1503.75,15,2026-04-06
WTA,Patricija Spaka,1502.95,15,2023-07-03
WTA,Suzanie Pretorius,1499.41,15,2023-05-29
WTA,Maria Sanchez,1498.68,15,2021-06-21
WTA,Gabriela Felix Da Silva,1495.95,15,2024-06-03
ATP,Bill Chan,1495.63,15,2026-04-20
WTA,Ha Yeong Ryu,1494.3,15,2024-06-03
WTA,Gemma Lairon Navarro,1492.8,15,2022-11-28
WTA,Toffee Ghorab,1487.11,15,2022-04-11
ATP,Matias Ponce De Leon Gomila,1486.5,15,2026-06-01
WTA,Yubrani Banerjee,1484.13,15,2024-02-26
ATP,Vincent Stouff,1484.01,15,2022-06-13
WTA,Chiara Davi,1482.24,15,2024-04-29
ATP,Evan Burnett,1477.18,15,2023-10-09
ATP,Hong Chung,1474.03,15,2022-10-10
WTA,Marissa Minetti,1473.79,15,2024-11-04
ATP,Nikolas Stoot,1473.43,15,2026-02-09
WTA,Scarlet Kavanagh,1470.24,15,2024-11-11
ATP,Julien Penzlin,1468.93,15,2026-06-01
WTA,Nuria Sarganella Verdu,1467.56,15,2026-06-01
WTA,Daniela Borruel,1467.1,15,2024-07-01
ATP,Robert Galloway,1466.55,15,2023-10-02
WTA,Loudmilla Bencheikh,1466.06,15,2021-06-21
WTA,Ava Beck,1464.83,15,2026-01-12
WTA,Elizabeth Ivanov,1464.7,15,2026-05-18
WTA,Brina Sulin,1464.37,15,2022-11-07
WTA,Malak Ahmed Adel,1461.29,15,2022-05-09
WTA,Marcella Cruz,1461.26,15,2025-05-12
WTA,Jialan Cai,1460.93,15,2026-05-04
ATP,Radomir Tomic,1460.83,15,2023-08-07
ATP,Ronetto Van Tilburg,1460.47,15,2024-09-02
WTA,Sejal Gopal Bhutada,1459.59,15,2024-12-16
ATP,Matthew Rankin,1458.26,15,2025-07-28
ATP,Adam Majchrzak,1458.17,15,2025-08-04
ATP,Patrik Homola,1457.44,15,2026-03-16
WTA,Ena Baltic,1456.16,15,2023-05-08
WTA,Kaitlyn Leigh Ramduth,1455.71,15,2025-07-14
WTA,Monique Woog,1455.53,15,2024-10-21
ATP,Shu Muto,1455.5,15,2026-05-25
ATP,Dmitrii Shirokii,1455.34,15,2026-05-25
ATP,William Griffith,1454.6,15,2020-01-27
ATP,Timur Khabibulin,1446.93,15,2021-07-19
ATP,Oskar Jansson,1446.79,15,2026-06-01
ATP,Renlong Pang,1445.21,15,2024-08-19
ATP,Pavel Shumeiko,1444.54,15,2022-06-27
ATP,Emirhan Bulut,1444.53,15,2026-06-01
WTA,Nora Svensson,1441.94,15,2023-10-30
WTA,Clelia Drudi Lombardi,1441.57,15,2024-07-15
ATP,Yann Marti,1439.88,15,2023-10-30
WTA,Celeste Faustini,1437.19,15,2025-12-15
WTA,Yana Tsion Leonova,1436.25,15,2024-07-15
ATP,Dakotah Bobo,1435.93,15,2026-05-25
ATP,Pedro Iamachkine,1434.4,15,2023-05-22
WTA,Lena Deleval,1432.86,15,2025-11-17
ATP,Daniel Jovanovski,1431.24,15,2026-02-09
WTA,Yolande Leacock,1430.79,15,2025-06-09
ATP,Gustaf Strom,1430.63,15,2025-08-04
WTA,Elena Covi,1429.87,15,2024-05-06
ATP,Sergio Galdos,1429.16,15,2022-03-14
WTA,Alisa Danilova,1429.01,15,2026-05-25
WTA,Indira Marie Schmerling,1427.05,15,2023-04-10
ATP,Manfred Fellin,1426.53,15,2022-08-15
WTA,Andrea Nova,1424.49,15,2022-02-21
ATP,Leanid Boika,1422.96,15,2023-01-30
WTA,Susanna Maltby,1422.01,15,2024-07-15
ATP,Mark Havlicek,1421.78,15,2022-08-22
WTA,Rada Manataweewat,1421.39,15,2022-10-10
WTA,Aleksandra Kuznetsova,1421.33,15,2022-06-27
WTA,Beatrice Zucca,1418.43,15,2024-09-30
ATP,Nicolo Turchetti,1416.85,15,2021-03-29
ATP,Stefan Micov,1416.07,15,2025-05-19
WTA,Sujin Lee,1414.85,15,2024-09-16
ATP,Marko Nikolic,1412.96,15,2024-02-12
WTA,Paula Moreno Hurtado,1412.0,15,2024-06-03
WTA,Olivia Nicholls,1411.94,15,2022-01-24
WTA,Anastasia Necula,1411.46,15,2025-07-14
ATP,Thomas Pavlekovich Smith,1408.36,15,2022-01-03
ATP,Qiulin Wang,1407.64,15,2024-10-14
WTA,Login Khairy,1406.9,15,2022-01-17
WTA,Nika Novikova,1403.76,15,2023-06-12
WTA,Joana Baptista,1402.84,15,2023-07-10
WTA,Riko Hiroshima,1401.43,15,2024-03-18
ATP,Leo Matthysen,1400.64,15,2025-11-10
WTA,Maraia Paula Manrique,1399.28,15,2024-08-19
WTA,Ema Lina Picorusevic,1398.97,15,2023-06-19
WTA,Chengwei Han,1398.68,15,2026-04-06
WTA,Maria Ines Fonte,1396.56,15,2023-06-05
ATP,Maxim Krapivin,1396.34,15,2024-09-23
ATP,Ryan Haviland,1394.24,15,2026-05-04
WTA,Yara Alhogbani,1392.24,15,2024-02-05
WTA,Cleanne Pickel,1391.79,15,2024-05-27
ATP,Jose Dominguez Alonso,1390.12,15,2025-07-14
WTA,Dana Mousa,1386.78,15,2022-09-05
WTA,Alejandra Ramirez Botella,1386.63,15,2024-06-03
ATP,Jim Hendrikx,1386.04,15,2026-03-09
ATP,David Quayle,1385.82,15,2024-03-18
WTA,Martina Lo Pumo,1384.86,15,2025-08-11
WTA,Leire San Jose,1384.79,15,2025-08-18
ATP,Zachary Adam Gedge,1384.06,15,2026-04-13
ATP,Natthayut Nithithananont,1384.06,15,2025-01-06
ATP,Aayush P Bhat,1382.31,15,2025-08-04
WTA,Lucia Gale,1382.24,15,2026-05-11
WTA,Nikita Uberoi,1381.86,15,2023-03-27
WTA,Victoria Kapcia,1381.57,15,2026-05-18
WTA,Ingrid Neel,1380.95,15,2023-05-15
WTA,Matilde Morais,1379.55,15,2023-06-12
WTA,Maja Bajorek,1379.1,15,2023-03-27
WTA,Mihrisah Yapici,1379.07,15,2022-11-07
ATP,Allan Gatoto,1378.13,15,2026-03-09
ATP,Julian Desousa,1374.49,15,2025-08-04
WTA,Ema Bolebruchova,1374.47,15,2023-09-04
ATP,Victorio Marquiselli,1373.91,15,2023-01-16
ATP,Kiyan Santino Kasemi,1370.57,15,2026-02-02
WTA,Andjela Reljic,1370.42,15,2023-02-20
WTA,Liana Dvalishvili,1370.15,15,2024-04-01
ATP,Ruben Hartig,1369.96,15,2026-05-18
WTA,Nina Skoric,1367.54,15,2024-08-12
ATP,Omar Knani,1366.44,15,2025-10-27
ATP,Valentino Grippo,1365.56,15,2026-05-11
ATP,Jiayang Dong,1363.45,15,2023-08-21
ATP,Cristian Campese,1360.69,15,2023-01-16
WTA,Keren Mor,1359.93,15,2023-03-06
ATP,Jagmeet Singh,1358.43,15,2026-03-09
WTA,Rasha Khourssany,1355.46,15,2023-09-25
WTA,Iva Divac,1353.91,15,2022-06-27
ATP,Guelfo Borghini Baldovinetti,1353.5,15,2025-02-17
WTA,Eun Se Jang,1348.31,15,2024-09-30
ATP,Youssef Labbene,1347.38,15,2023-05-15
WTA,Farida Sabra,1344.44,15,2021-09-27
ATP,Rares Andrei Golescu,1336.59,15,2024-09-16
WTA,Daria Diatlova,1333.21,15,2024-11-25
WTA,Iris Julia Antje Verweij,1324.94,15,2024-06-24
WTA,Elle Goranskaya,1323.7,15,2022-06-27
WTA,Marketa Vondrousova,1728.08,14,2023-04-24
WTA,Alina Tikhonova,1674.45,14,2026-05-11
WTA,Janae Preston,1601.01,14,2026-04-27
WTA,Krisha Mahendran,1592.92,14,2025-10-06
WTA,Valerie Glozman,1582.29,14,2025-03-05
WTA,Lucia Marzal Martinez,1578.73,14,2022-12-05
ATP,William Blumberg,1565.51,14,2023-01-30
WTA,Michaella Krajicek,1561.7,14,2024-06-10
WTA,Yu Jun Lin,1560.81,14,2026-05-04
WTA,Zhang Qian Wei,1555.56,14,2026-04-27
ATP,Sasha Rozin,1553.73,14,2025-07-14
WTA,Paulina Milosavljevic,1550.2,14,2022-05-23
WTA,Da Hye Kim,1539.8,14,2024-05-20
ATP,Jan Zielinski,1535.7,14,2021-08-23
WTA,Delfina Glorioso,1534.34,14,2022-02-07
ATP,Mathis Bondaz,1528.63,14,2026-03-10
WTA,Anastasia Efremova,1527.32,14,2026-04-13
WTA,Giuliana Olmos,1526.05,14,2023-09-25
WTA,Sofia Luini,1523.99,14,2022-02-07
WTA,Maria Sol Alvarez Brandon,1523.59,14,2024-11-18
ATP,N Sriram Balaji,1518.52,14,2022-03-07
WTA,Marina Gatell,1507.93,14,2025-03-24
WTA,Maya Pitts,1506.63,14,2021-09-20
WTA,Josephine Boualem,1505.77,14,2021-07-12
WTA,Myrtille Georges,1504.1,14,2026-05-04
WTA,Nelise Verster,1501.63,14,2025-09-15
WTA,Maya Dutta,1500.68,14,2024-06-17
ATP,Rayan Ghedjemis,1500.68,14,2022-08-29
ATP,Hugo Voljacques,1497.85,14,2025-10-06
ATP,Achilles Belkovics,1496.35,14,2026-06-01
WTA,Sveva Mazzari,1495.44,14,2021-04-12
ATP,Matthew Forbes,1490.43,14,2026-02-09
WTA,Kiara Zabkova,1489.69,14,2025-09-08
ATP,Angel Diaz Jalil,1488.3,14,2023-10-30
WTA,Sara Yoshida,1488.22,14,2026-05-18
WTA,Anina Lanz,1483.97,14,2026-05-04
WTA,Maria Daniela Frascini,1483.54,14,2022-11-28
WTA,Alexandra Anttila,1483.17,14,2023-06-05
WTA,Gabrielle Villegas,1481.14,14,2024-09-23
WTA,Layla Shoukry,1480.33,14,2022-02-28
WTA,Andrea Maria Artimedi,1479.88,14,2024-07-29
WTA,Masa Viriant,1477.18,14,2026-05-18
ATP,Linh Giang Trinh,1475.91,14,2023-09-04
WTA,Youna Kim,1475.1,14,2026-05-04
ATP,Tom Schonenberg,1473.83,14,2020-11-02
ATP,Vivien Versier,1471.39,14,2022-02-14
ATP,Rafael Alfonso De Alba Valdes,1469.76,14,2025-02-24
WTA,Viktoria Varga,1469.74,14,2025-11-03
WTA,Zali Morris,1469.39,14,2023-07-31
WTA,Valentina Abril Bruno,1469.27,14,2026-05-11
WTA,Ines Oliveira,1468.98,14,2024-07-08
ATP,Allan Deschamps,1468.9,14,2023-06-19
WTA,Oumaima Aziz,1468.6,14,2023-07-24
WTA,Thamara Frasser Kawaratani,1467.92,14,2023-06-19
WTA,Mariya Dobreva,1466.68,14,2026-06-01
ATP,Volodymyr Gurenko,1466.59,14,2026-04-27
ATP,Hugo Ouzilou,1464.87,14,2025-11-24
ATP,Lev Seidman,1464.66,14,2026-05-18
WTA,Piper Freeman,1464.46,14,2023-07-31
WTA,Lucia Ireni,1463.69,14,2024-03-11
WTA,Rebecca Leahy,1463.26,14,2024-02-26
WTA,Seha Yu,1462.45,14,2024-06-24
WTA,Eva Shaw,1461.51,14,2025-07-14
WTA,Elizabeth Kapari Bagerbaseh,1459.24,14,2024-06-24
WTA,Verena Gantschnig,1458.72,14,2024-08-19
WTA,Lola Giza,1458.59,14,2025-10-13
ATP,Raphael Baltensperger,1458.07,14,2024-06-24
ATP,Luka Petrovic,1457.24,14,2024-06-24
ATP,Jordi Arconada,1454.3,14,2021-03-15
ATP,Oscar Lacides,1453.9,14,2025-07-07
ATP,Vojtech Petr,1452.03,14,2022-04-18
WTA,Lena Greiner,1450.28,14,2024-08-19
ATP,Noah Brownrigg,1449.91,14,2025-11-17
WTA,Nikol Mircheva,1449.6,14,2026-06-01
WTA,Nevena Sokovic,1448.67,14,2021-04-19
WTA,Caitlyn Portela,1446.5,14,2021-05-24
WTA,Morgan Jordaan,1445.26,14,2026-05-04
ATP,Gregor Hausberger,1444.18,14,2026-04-27
ATP,Raphael Vaksmann,1444.18,14,2025-07-14
ATP,Stefano Baldoni,1443.42,14,2024-02-05
WTA,Polina Skopintseva,1442.75,14,2026-06-01
WTA,Alina Yuneva,1442.65,14,2026-05-04
WTA,Greta Rizzetto,1441.6,14,2026-05-18
WTA,Irina Khayndrava,1440.97,14,2026-05-25
WTA,Sara Alba Verastegui,1438.59,14,2024-11-04
ATP,Aleksandar Mihailovic,1438.49,14,2026-05-11
WTA,Yihan Qu,1438.27,14,2025-10-13
ATP,Alon Elia,1437.95,14,2023-07-31
ATP,Yong Joon Park,1437.68,14,2025-11-24
WTA,Franca Cecilia Di Pietro,1436.82,14,2025-03-17
WTA,Aleksandra Iankovskaia,1435.76,14,2026-05-18
WTA,Dakshata Girishkumar Patel,1435.51,14,2022-02-28
ATP,Jakub Katuch,1435.22,14,2024-07-15
WTA,Crissy Alexia Tudora,1434.74,14,2024-05-20
WTA,Tapanee Boonyawat,1433.25,14,2023-10-16
WTA,Gabriela Dabrowski,1432.69,14,2022-01-10
ATP,Milos Mikovic,1429.89,14,2026-05-18
ATP,Alex Santino Nunez Vera,1429.28,14,2026-03-16
ATP,Alvaro Jimenez,1428.73,14,2026-04-27
ATP,Benito Massacri,1428.15,14,2024-04-01
ATP,Segundo Goity Zapico,1426.67,14,2026-05-11
WTA,Laura Marti,1426.43,14,2023-06-05
WTA,Miriana Galietta,1424.9,14,2025-11-03
ATP,Matheus Amorim De Lima,1424.07,14,2022-01-10
WTA,Ana Maria Gavrilovici,1422.19,14,2023-08-28
WTA,Amelie Christin Janssen,1420.9,14,2022-02-21
ATP,Moritz Hoffmann,1420.44,14,2026-01-12
WTA,Helena Ramos Rocha E Silva,1418.61,14,2022-06-06
ATP,Andrea Motta,1416.55,14,2026-05-04
WTA,Ai Qi Chen,1416.16,14,2024-09-16
WTA,Zeina Shaaban,1415.79,14,2021-08-30
WTA,Nadine Hamrouni,1415.49,14,2026-05-25
WTA,Deniz Cakil,1415.05,14,2026-02-24
WTA,Petra Mihokova,1414.83,14,2024-08-19
WTA,Tara Gancev,1414.8,14,2021-04-12
ATP,Ivan Biletic,1414.14,14,2026-05-25
ATP,Saba George Nanobashvili,1414.02,14,2025-11-24
ATP,Aleksandre Shvangiradze,1413.74,14,2025-05-19
WTA,Carlotta Mosso,1412.68,14,2022-12-05
ATP,Hillel Rousseau,1410.76,14,2024-10-28
ATP,Miles Clark,1408.55,14,2025-11-17
WTA,Athina Pitta,1404.72,14,2023-06-19
WTA,Laura Fuchs,1403.8,14,2023-04-03
ATP,Marco Alvarez,1403.73,14,2026-04-20
ATP,Geni Inoue,1402.75,14,2024-01-01
ATP,Hugo Schott,1402.56,14,2024-10-21
WTA,Allie Bittner,1402.47,14,2025-06-09
ATP,Kohei Hayashi,1402.3,14,2024-11-18
ATP,Nishant Dabas,1401.48,14,2022-06-06
ATP,Bruno Kokot,1400.1,14,2026-04-27
WTA,Jimena Gomez,1399.09,14,2024-07-22
WTA,Maria Sheba Mukama,1398.5,14,2024-02-26
WTA,Iroda Makhamatjonova,1397.36,14,2021-06-28
ATP,Filip Gabriel Bara,1396.69,14,2024-07-08
ATP,Karim El Feky,1396.31,14,2026-05-18
ATP,Joan Nadal Vives,1395.96,14,2026-03-30
WTA,Sophia Desiree Piech,1395.69,14,2022-03-21
ATP,Ruslan Kastsiukevich,1395.56,14,2026-05-18
ATP,Luca Sanchez,1393.23,14,2026-02-16
ATP,Jeffrey Fradkin,1392.42,14,2026-06-01
WTA,Daniela Martinez Guerrero,1391.93,14,2025-10-20
WTA,Weronika Jasmina Forys,1390.5,14,2022-05-23
ATP,Sergey Betov,1389.57,14,2026-05-11
ATP,Liova Ayite Ajavon,1389.22,14,2024-07-15
ATP,Suk Ann,1389.06,14,2026-04-13
ATP,Gabrielius Guzauskas,1388.44,14,2024-11-11
WTA,Gabriela De Araujo Sandrini,1384.73,14,2024-09-09
WTA,Martina Gaemperle,1382.1,14,2024-03-18
ATP,Alexey Dubinin,1381.18,14,2026-06-01
WTA,Greta Murzsa,1380.48,14,2022-06-27
ATP,Manuel Lazic,1380.18,14,2025-04-28
ATP,Jonathan Sorbo,1379.91,14,2023-11-06
ATP,Felix Mischker,1379.43,14,2025-09-08
ATP,Luis Francisco,1378.91,14,2023-09-18
WTA,Pelin Colak,1377.53,14,2021-06-28
ATP,Samuel Martinez Arjona,1375.23,14,2025-03-10
WTA,Maria Del Mar Gabriela Sanchez Ramirez,1373.96,14,2021-08-02
WTA,Tatyana Chsherbakova,1373.66,14,2024-08-05
WTA,Farah Heddar,1373.45,14,2026-04-13
ATP,Gonzalo Zeitune,1371.76,14,2026-05-11
ATP,Peter Sallay,1369.98,14,2026-04-06
WTA,Natcharee Teerachodjiranon,1367.35,14,2023-10-09
WTA,Alexandra Guzieva,1367.13,14,2024-07-29
WTA,Kriti Tomar,1366.4,14,2022-12-19
ATP,Stepan Mruzek,1365.19,14,2025-07-14
ATP,Borys Zgola,1358.37,14,2023-06-19
WTA,Kateryna Bennasar Motilla,1356.14,14,2024-04-08
WTA,Miah Webb,1354.28,14,2023-11-06
ATP,Patric Prinoth,1353.4,14,2023-10-23
WTA,Freya Peet,1349.4,14,2026-05-18
WTA,Delia Stanciu,1348.7,14,2024-09-02
WTA,Beatriz Neves,1348.19,14,2022-09-26
WTA,Cristina Rovira,1347.89,14,2024-07-15
WTA,Andreea Stefania Dinca,1344.0,14,2024-06-17
WTA,Lara Onal,1338.23,14,2021-06-14
ATP,Andrej Krajcik,1338.18,14,2022-06-06
ATP,Sergo Sikharulidze,1332.94,14,2024-01-08
ATP,Albert Saar,1315.82,14,2024-03-25
WTA,Matira Ferrarini,1313.93,14,2024-05-13
ATP,Matteo Berrettini,1698.69,13,2026-05-12
WTA,Jiaqi Huang,1633.05,13,2023-06-12
WTA,Catherine Cartan Bellis,1631.64,13,2020-08-24
WTA,Jessica Pegula,1605.02,13,2021-03-01
WTA,Julyette Maria Josephine Steur,1595.86,13,2021-05-10
WTA,Rea Nakashima,1585.13,13,2024-11-04
WTA,Vivian Ovrootsky,1582.47,13,2024-11-11
WTA,Abigail Tere Apisah,1574.42,13,2020-01-27
WTA,Mai Napatt Nirundorn,1564.44,13,2022-06-13
WTA,Federica Trevisan,1555.59,13,2026-05-18
WTA,Maria Jose Zehnder,1543.55,13,2021-08-30
WTA,Jo Yee Chan,1542.96,13,2026-06-01
ATP,Gavin Goode,1542.85,13,2025-09-08
WTA,Alina Mukhortova,1542.23,13,2022-11-07
ATP,Niels Ratiu,1540.73,13,2025-09-29
WTA,Marketa Petruzelova,1539.17,13,2023-05-01
WTA,Marta Mariia Makarova,1538.32,13,2025-04-21
WTA,Luciana Perry,1536.48,13,2025-06-02
WTA,Emma Staker,1530.19,13,2024-10-28
ATP,Remy Dugardin,1524.11,13,2026-04-13
ATP,Amirkhamza Nasridinov,1523.14,13,2025-08-11
WTA,Hikaru Yoshikawa,1521.07,13,2024-11-04
WTA,Nehir Dogan,1516.79,13,2024-03-04
WTA,Karin Kennel,1515.44,13,2020-02-24
ATP,Adam Lynch,1512.82,13,2026-06-01
WTA,Theadora Rabman,1508.43,13,2025-06-16
WTA,Rhea Makesar,1506.99,13,2023-09-18
WTA,Ana Petkovic,1502.41,13,2026-03-23
WTA,Beatriz Guerra,1501.4,13,2026-06-01
WTA,Ahmani Guichard,1499.22,13,2023-05-08
WTA,Jeongha Oh,1498.21,13,2026-05-04
WTA,Ashlee Narker,1496.69,13,2023-11-27
WTA,Mari Osaka,1495.93,13,2021-01-25
WTA,Sabrina Lin,1490.17,13,2023-06-26
WTA,Kristyna Damaskova,1489.73,13,2024-12-09
WTA,Clarine Lerby,1488.66,13,2022-07-11
ATP,Karlo Kajin,1486.51,13,2026-03-16
ATP,Yanais Laurent,1483.9,13,2021-03-15
WTA,Jelena Stojanovic,1483.57,13,2020-12-07
ATP,Mateusz Terczynski,1482.51,13,2022-06-06
WTA,Victoria Matasova,1481.97,13,2022-09-19
ATP,Sergey Petrov,1481.12,13,2026-04-20
WTA,Valeriia Shvetsova,1479.59,13,2025-12-22
WTA,Grace Piper,1479.05,13,2024-07-29
WTA,Adva Dabah,1477.68,13,2022-06-20
WTA,Taylor Goetz,1476.46,13,2024-09-23
WTA,Aleksandra Zlatarova,1473.69,13,2022-06-13
ATP,Connor Henry Van Schalkwyk,1470.31,13,2026-06-01
ATP,Benjamin Chelia,1469.43,13,2026-05-11
WTA,Nika Hurkacz,1469.22,13,2026-02-16
WTA,Nahjime Dho,1469.19,13,2026-05-25
WTA,Ava Catanzarite,1467.97,13,2026-05-25
WTA,Julieta Honrubia Andrino,1467.9,13,2022-07-25
ATP,Mustafa Ege Sik,1467.06,13,2026-03-23
ATP,Nicolas Alberto Arreche,1464.57,13,2021-04-05
WTA,Louise Lampla,1463.17,13,2020-08-17
ATP,Mauricio Echazu,1462.62,13,2020-02-17
WTA,Indira Lepage,1462.39,13,2024-04-22
ATP,Weiyi Kong,1460.5,13,2026-05-25
ATP,Gabriel Ciro Da Silva,1460.36,13,2023-04-24
ATP,Max  Sheldon,1460.06,13,2024-07-01
WTA,Ha Yoon Son,1459.67,13,2026-05-04
ATP,Thanaphat Boosarawongse,1458.1,13,2026-01-05
WTA,Agam Gamliel,1456.99,13,2022-10-31
WTA,Salma Loudili,1454.82,13,2025-05-19
WTA,Alexia Patru,1453.96,13,2024-09-09
WTA,Nadine Castro,1453.88,13,2024-11-18
ATP,Elijah Poritzky,1450.25,13,2024-05-13
WTA,Anais Gabriel,1449.39,13,2026-05-18
WTA,Stefani Sandoiu Shtein,1449.09,13,2022-10-31
ATP,Toshiki Karigyo,1448.94,13,2026-05-25
WTA,Josefine Falster,1446.02,13,2024-04-08
ATP,Minjong Park,1444.76,13,2026-02-02
WTA,Billur Gonlusen,1443.45,13,2022-05-23
WTA,Ye Jin Kim,1442.77,13,2024-09-30
ATP,Artem Bogomolov,1441.67,13,2026-04-27
ATP,Bohua Dong,1441.42,13,2023-09-20
WTA,Jane Haeusler,1439.76,13,2024-12-09
ATP,Lodewijk Weststrate,1439.49,13,2024-06-24
ATP,Artem Podorozhnyi,1439.01,13,2022-05-16
WTA,Barbora Palcatova,1438.82,13,2024-09-30
WTA,Karolina Lincer,1438.66,13,2025-01-13
ATP,Jaume Pla Malfeito,1438.24,13,2021-10-04
ATP,Roni Mikael Hietaranta,1437.92,13,2023-06-05
WTA,Summer Curtis,1437.45,13,2024-06-10
ATP,Max Stenzer,1437.17,13,2024-07-29
ATP,Egor Novikov,1436.8,13,2022-10-17
WTA,Valeria Braslavskaya,1436.79,13,2024-04-08
WTA,Corinna Dentoni,1435.26,13,2024-10-14
ATP,Clement Deleersnyder,1435.1,13,2026-03-16
ATP,Manuel Sanchez,1435.01,13,2026-03-23
ATP,Cagan Efe Tufecki,1428.04,13,2026-06-01
WTA,Ana Dzabasan,1427.93,13,2024-07-29
ATP,Marcell Bartakovics,1427.6,13,2025-08-18
ATP,Stephane Pierre Jo Kamendje,1425.68,13,2025-09-08
WTA,Anjali Kotecha,1424.04,13,2024-12-09
WTA,Agnieszka Olszewska,1423.6,13,2023-05-01
ATP,Cian Maguire,1419.82,13,2025-11-24
WTA,Tea Zivic,1419.49,13,2024-10-14
ATP,Nicolas Colne,1418.02,13,2024-09-30
WTA,Pauline Wuarin,1417.94,13,2022-08-22
ATP,Lilian Breut,1417.66,13,2022-03-28
WTA,Lia Kaishiki Mosimann,1415.74,13,2025-08-18
WTA,Matea Roki,1414.41,13,2023-05-15
WTA,Dominika Pirohova,1411.97,13,2026-06-01
WTA,Martina Acebedo Bonocore,1411.78,13,2024-09-23
ATP,Louis Bowden,1411.08,13,2025-07-28
ATP,Ewan Moore,1410.39,13,2024-01-15
WTA,Anna Jelinkova,1410.32,13,2026-06-01
WTA,Nicole Roberta Serraglio,1410.02,13,2024-03-18
ATP,Carlos Boluda Purkiss,1408.81,13,2020-01-20
WTA,Ichino Horikawa,1408.37,13,2025-06-23
ATP,Samyar Elyasi,1407.81,13,2025-05-12
ATP,Dragos Constantin Ignat,1407.45,13,2023-09-18
WTA,Kyna Decruy,1406.64,13,2023-12-11
WTA,Iva Ivanovic,1405.02,13,2026-06-01
WTA,Kalli Minor,1404.85,13,2024-10-21
WTA,Jana Abdelaziz,1404.65,13,2021-12-27
WTA,Valentina Vargas,1403.21,13,2025-11-17
WTA,Margarita Okhendovskaya,1402.65,13,2024-08-19
WTA,Amelia Ciesielczyk,1401.91,13,2025-02-03
WTA,Milana Tsulygina,1401.79,13,2024-11-25
WTA,Emily Castillo,1401.23,13,2023-05-29
ATP,Julius Tverijonas,1397.46,13,2023-02-06
WTA,Anastasia Burobina,1396.75,13,2024-04-01
WTA,Melissa Lino Airoldi,1395.14,13,2024-11-04
ATP,David Prasievi,1394.76,13,2026-05-25
ATP,Patrik Meszaros,1394.39,13,2024-03-11
ATP,Felix  Einig,1392.37,13,2026-02-02
WTA,Daria Artemyeva,1390.8,13,2022-12-05
WTA,Martina Augello,1390.74,13,2024-07-29
WTA,Sienna Jensen,1390.2,13,2024-07-15
ATP,Alexander Zhurbin,1390.18,13,2021-06-28
ATP,Ki Lung Ng,1389.6,13,2024-12-30
ATP,Caheer Warik,1387.95,13,2026-02-23
ATP,Marius Ruzgas,1387.27,13,2022-01-17
WTA,Lauren Bishop,1386.12,13,2022-10-31
ATP,Nikolay Sysoev,1384.88,13,2025-10-13
ATP,Alen Bill,1384.01,13,2024-04-22
WTA,Liang Sun,1383.81,13,2025-06-23
WTA,Mariana Soares,1383.36,13,2026-06-01
WTA,Kwan Yau Ng,1381.67,13,2022-04-11
ATP,Max Cunat,1380.08,13,2024-07-15
WTA,Cherysh Endurance Henry,1379.11,13,2024-04-01
WTA,Inga Strelchuk,1378.32,13,2024-08-12
ATP,Alexandre Ruscica,1378.29,13,2024-06-10
ATP,Jakub Jedrzejczak,1376.49,13,2025-08-18
WTA,Kenzy Ramy,1374.37,13,2023-12-04
ATP,Eugenio Gonzalez Fitzmaurice,1373.22,13,2025-07-07
WTA,Andra Maria Simion,1373.03,13,2024-04-01
ATP,Yerassyl Yerdilda,1372.34,13,2024-07-15
WTA,Nalu Himeno,1370.73,13,2026-03-09
WTA,Tia Kaukenas,1368.44,13,2022-05-02
WTA,Elena Margaria,1367.74,13,2025-05-12
ATP,Sami Ben Abdennibi,1366.29,13,2025-06-23
ATP,Max Batyutenko,1364.81,13,2022-07-18
WTA,Vidhi Jani,1361.74,13,2025-12-29
WTA,Simona Maksimovic,1361.6,13,2024-04-29
WTA,Vanessa Hull,1360.52,13,2023-09-18
ATP,Nikola Lulic,1359.18,13,2026-05-18
WTA,Nora Mitrea Gerocz,1357.58,13,2024-05-27
ATP,Miguel Avendano Cadena,1354.09,13,2025-08-25
ATP,Marc Ros Mesas,1351.99,13,2026-03-02
WTA,Kasandra Leoni Djekic,1350.61,13,2024-12-02
WTA,Leandra Nizetic,1350.02,13,2024-09-02
ATP,Alfredo Casso,1349.8,13,2025-05-05
WTA,Aditi Sinha,1345.9,13,2022-01-17
ATP,Filip Kosinski,1344.46,13,2026-03-23
WTA,Sholape Ayanbadejo,1343.95,13,2023-11-13
WTA,Zeynep Sila Ege,1343.04,13,2023-02-06
WTA,Jennifer Sabrina Moreno Rodriguez,1337.64,13,2024-11-04
WTA,Komal Nagare,1336.46,13,2026-01-05
WTA,Pooja Kudesia,1327.18,13,2024-07-22
WTA,Mariia Antoniuk,1326.9,13,2022-06-20
WTA,Klaudia Fedosenkova,1303.66,13,2024-06-24
WTA,Khadija Ben Salem,1300.86,13,2024-08-26
WTA,Belinda Bencic,1718.1,12,2025-01-06
ATP,Robert Cash,1595.32,12,2023-09-18
WTA,Barbara Kostecka,1581.16,12,2026-02-23
ATP,Muhammad Shoaib,1571.1,12,2025-11-24
ATP,Hugo Car,1568.48,12,2025-09-01
WTA,Mai Minokoshi,1559.48,12,2020-02-03
WTA,Nadiya Kichenok,1554.6,12,2024-03-11
WTA,Fernanda Brito,1553.01,12,2021-09-27
WTA,Andreea Velcea,1546.15,12,2021-06-21
WTA,Charlize Celebrini,1543.61,12,2024-11-25
WTA,Elise Wagle,1540.16,12,2024-07-01
WTA,Clarissa Gai,1538.74,12,2026-06-01
WTA,Yugyeong Oh,1534.53,12,2023-05-15
WTA,Anastasiya Shoshyna,1534.07,12,2020-10-26
WTA,Elizabeth Tkachenko,1533.61,12,2023-04-17
WTA,Ali Collins,1530.93,12,2024-04-01
ATP,Jurabek Karimov,1527.56,12,2021-04-12
ATP,Antonio Campo,1526.67,12,2021-03-01
ATP,Mauro De Maio,1524.01,12,2022-02-21
WTA,Nithesa Selvaraj,1522.55,12,2023-11-27
WTA,Kanon Yamaguchi,1521.53,12,2025-06-23
WTA,Marelie Raath,1516.72,12,2025-02-24
WTA,Elizaveta Dementyeva,1513.53,12,2021-10-11
ATP,Jagger Leach,1513.1,12,2026-03-04
WTA,Jo Leen Saw,1510.45,12,2024-09-09
WTA,Jana Rovira Alier,1507.56,12,2023-06-26
WTA,Elena Bocchi,1503.98,12,2024-12-02
WTA,Tereza Krejcova,1503.43,12,2025-05-05
WTA,Kacie Harvey,1502.37,12,2023-06-19
WTA,Maria Dzemeshkevich,1501.96,12,2021-02-08
WTA,Uri Goshima,1500.08,12,2024-11-04
ATP,Stefan Ilie Bogdan Petre,1499.74,12,2026-06-01
ATP,Ronan Jachuck,1496.45,12,2023-11-13
WTA,Aline Midori Da Silva,1496.08,12,2022-05-09
ATP,Matteo Sciahbasi,1495.39,12,2026-06-01
ATP,Diogo Morais,1494.53,12,2022-09-26
ATP,Filip Gustafsson,1493.98,12,2025-08-18
WTA,Valentina Khrebtova,1490.21,12,2026-05-04
ATP,Mathys Domenc,1488.72,12,2026-05-25
WTA,Camila Markus,1486.89,12,2026-06-01
WTA,Shiran Arol Wiegand,1486.21,12,2021-10-18
WTA,Donna Le Roux,1479.9,12,2025-06-30
ATP,Mateo Bejenaru,1478.41,12,2022-11-28
WTA,Heike Janse Van Vuuren,1478.35,12,2025-07-14
WTA,Andrea Agostina Farulla Di Palma,1476.64,12,2024-11-04
WTA,Krystal Blanch,1476.47,12,2024-07-01
WTA,Yelizaveta Trush,1475.73,12,2025-09-29
WTA,Anastasia Bursa,1475.39,12,2021-11-22
WTA,Luca Sophie Bohlen,1474.33,12,2022-04-25
WTA,Emmy Yaron,1473.61,12,2021-09-27
ATP,Max Andrews,1473.08,12,2021-03-08
ATP,Martim Leote Prata,1471.34,12,2022-11-07
ATP,Elijah Sanogo,1469.57,12,2026-05-04
WTA,Anastasia Berezov,1468.33,12,2024-09-30
WTA,Milla Kotamaeki,1468.15,12,2025-08-04
WTA,Ioana Daria Macos,1466.54,12,2022-08-08
WTA,Min Chae Kim,1465.87,12,2024-06-24
WTA,Ariana Cristiana Corbeanu,1465.65,12,2023-09-04
ATP,Zachary Viiala,1465.16,12,2025-06-23
ATP,Jules Leroux,1463.11,12,2026-05-25
WTA,Michaela Haet,1462.51,12,2022-01-10
ATP,Antonio Prat,1461.85,12,2025-05-26
WTA,Sara Milagros Floris,1461.37,12,2024-02-26
WTA,Laura Schaeder,1461.29,12,2022-11-14
ATP,Mikal Oliver Statham,1460.92,12,2026-03-09
ATP,Filippo Francesco Garbero,1458.54,12,2026-05-18
ATP,Yoshka Sborowsky,1457.55,12,2025-06-09
WTA,Marta Garcia Reboredo Montesdeoca,1457.22,12,2024-07-29
WTA,Fernanda Naves Anzaldo,1457.02,12,2024-01-15
ATP,Hiroyasu Ehara,1455.86,12,2023-02-27
ATP,Mao Takada,1455.13,12,2023-05-29
ATP,Tobias Smoliner,1454.81,12,2024-03-04
ATP,Sergio Luis Hernandez Ramirez,1454.54,12,2026-03-23
WTA,Hyeongju Han,1453.65,12,2025-05-19
ATP,Harri Heliovaara,1453.49,12,2022-01-10
WTA,Laxmisiri Dandu,1452.02,12,2026-05-04
WTA,Melissa Zeh,1451.33,12,2022-06-20
ATP,Niels Peter Van Noord,1449.94,12,2022-08-22
WTA,Aurora Deidda,1449.79,12,2026-04-27
ATP,Islam Orynbasar,1448.91,12,2025-07-28
ATP,Pablo Aunion,1448.6,12,2026-05-25
ATP,Gustavo Albieri,1447.92,12,2026-05-04
WTA,Maria Castano,1447.64,12,2024-06-10
ATP,Luka Miklavcic,1447.09,12,2024-08-26
WTA,Daria Remetean,1446.77,12,2024-02-12
ATP,Leonardo Lopez Linquet,1446.23,12,2022-04-25
WTA,Ivana Kopsova,1445.1,12,2021-11-08
WTA,Hebe Toyos,1443.75,12,2022-09-12
ATP,Yankel Zemel,1443.29,12,2022-08-08
ATP,Benjamin Vitter,1442.98,12,2026-03-02
WTA,Akua Akoma Ej Hansen,1442.68,12,2023-12-18
WTA,Carolina Coletti,1441.29,12,2021-07-12
ATP,Ivan Kremenchutskyi,1441.13,12,2024-06-24
WTA,Lilitha Sithenkosi Ndungane,1439.53,12,2025-06-30
WTA,Carlota Garcia Alonso,1438.93,12,2024-11-11
ATP,Nikita Filin,1438.36,12,2025-09-15
WTA,Lina Sarhan,1438.32,12,2023-12-04
WTA,Defne Aydemir,1438.1,12,2025-12-01
WTA,Megan Heuser,1438.05,12,2025-12-01
ATP,Dudi Sela,1437.64,12,2022-01-17
WTA,Nala Kovacic,1437.45,12,2026-06-01
WTA,Mariam Eltaweel,1436.49,12,2022-05-09
WTA,Pauline Gloeckner,1435.01,12,2026-06-01
WTA,Alessia Tagliente,1433.91,12,2021-05-03
ATP,Valentin Guadagno,1433.32,12,2026-01-12
WTA,Alissia Chiara Gleixner,1433.14,12,2024-05-27
ATP,Dmitry Dolzhenkov,1432.89,12,2025-12-22
ATP,Juan Ignacio Gallego,1431.72,12,2026-05-11
ATP,William Hsieh,1431.68,12,2025-06-09
WTA,Elyana Moonen,1431.41,12,2023-12-25
ATP,Tegar Abdi Satrio Wibowo,1431.0,12,2025-09-08
ATP,Ludovico Vaccari,1430.1,12,2024-07-01
ATP,Mohammad Alkotop,1429.94,12,2025-11-17
WTA,Magdalena Nunez Pureco,1429.86,12,2022-05-23
WTA,Shay Fadlon,1429.31,12,2022-10-31
ATP,Igor Dudun,1428.98,12,2023-09-11
WTA,Mirudhula Palanivel,1428.78,12,2025-09-15
WTA,Karola Suviste,1428.39,12,2023-10-02
ATP,Majun Li,1428.31,12,2023-06-05
WTA,Teresia Londol,1428.21,12,2021-01-18
WTA,Carlotta Bassotti,1426.9,12,2024-07-08
WTA,Annika Maria Glaser,1426.8,12,2024-11-04
WTA,Anastasia Veselova,1426.69,12,2021-11-01
ATP,Abdulhamid Mubarak,1426.06,12,2026-02-02
ATP,Romeo Arcuschin,1425.61,12,2026-02-16
ATP,Luigi Castelletti,1425.31,12,2023-10-16
WTA,Diane Flament,1425.27,12,2022-06-20
ATP,Lachlan Vickery,1424.64,12,2026-06-01
ATP,Joe Misrahi,1424.36,12,2025-10-13
WTA,Astrid Schmits,1423.9,12,2022-02-21
ATP,Huzaifa Abdul Rehman,1423.72,12,2025-04-21
ATP,Shalva Dzhanashia,1423.4,12,2024-03-04
WTA,Karin Handiakova,1423.11,12,2022-03-21
ATP,Zachary Eisinga,1421.94,12,2022-08-22
WTA,Isabella De Micco Padula,1421.71,12,2026-06-01
ATP,Stepan Pecak,1419.63,12,2023-08-28
ATP,Danylo Veremeichuk,1417.78,12,2022-07-25
WTA,Cristine Tchanichev,1417.02,12,2022-04-11
WTA,Coumba Ben Mamadou Niangadou,1416.44,12,2024-01-01
ATP,Daniil Bogatov,1416.19,12,2025-10-20
ATP,William Nolan,1415.14,12,2026-05-04
WTA,Athina Schlepphorst,1414.87,12,2026-05-18
WTA,Erkezhan Arystanbekova,1414.86,12,2025-06-09
ATP,Elbert Barr,1412.56,12,2023-02-20
ATP,Nico Mostardi,1411.8,12,2023-01-30
WTA,Magdalena Hedrzak,1411.09,12,2026-05-18
ATP,Xavi Palomar,1410.62,12,2026-04-20
WTA,Nadine Arbaizar Martinez,1409.67,12,2024-06-17
ATP,Andres Delgadillo,1408.69,12,2025-04-14
ATP,Chun Chien Hou,1408.15,12,2025-11-03
WTA,Iva Daneva,1407.59,12,2024-07-15
WTA,Polina Kratyuk,1407.38,12,2024-11-25
WTA,Mafalda Guedes,1406.16,12,2023-02-06
ATP,Rushil Khosla,1405.38,12,2024-05-27
WTA,Anastasia Pliushcheva,1405.32,12,2026-05-18
WTA,Saily Prashantkumar Thakkar,1403.75,12,2026-04-27
WTA,Zoi Spyrou,1401.9,12,2022-02-28
WTA,Giovanna Gomes Ferreira,1400.36,12,2023-05-22
WTA,Danielle Badman,1400.29,12,2023-07-17
ATP,Victor Bini,1396.99,12,2026-05-18
ATP,Berk Bugarikj,1394.35,12,2025-05-19
WTA,Katalina Petrova,1393.85,12,2024-01-08
ATP,Lance Amaury Lage Castelan,1392.35,12,2024-11-18
WTA,Mubaraka Al Naimi,1391.08,12,2026-02-08
ATP,Zhou Mingzhou,1390.2,12,2026-04-13
ATP,Rayen Hermassi,1389.75,12,2026-05-11
ATP,Mykhailo Mossur,1389.37,12,2023-07-24
WTA,Andjela Petrovic,1385.34,12,2025-05-12
ATP,Lennon Roark Jones,1385.11,12,2026-03-23
WTA,Lena Karlovcan,1384.27,12,2023-06-26
WTA,Anjani Maheshkumar,1383.4,12,2023-02-27
WTA,Moni Potrc,1383.13,12,2024-03-25
ATP,Nicholas Jovanovski,1377.24,12,2022-10-24
ATP,Cade Birrell,1376.05,12,2024-12-30
WTA,Jooyeon Jeong,1375.8,12,2024-11-25
WTA,Irene Fuster Hidalgo,1375.42,12,2024-02-26
WTA,Sofia Sergieva,1373.13,12,2024-08-26
WTA,Isabella Cetinay,1368.02,12,2025-08-25
WTA,Adriana Pellizzari,1367.32,12,2024-08-19
WTA,Miyabi Deremer,1366.62,12,2024-06-10
WTA,Veda Varshita Ranabothu,1366.45,12,2022-11-07
ATP,Jan Dimitrijevic,1364.44,12,2024-07-01
ATP,Christian Teszari,1363.37,12,2024-09-09
WTA,Maide Damla Oezay,1360.92,12,2024-05-13
ATP,Josh Roe Flannelly,1357.75,12,2026-03-02
ATP,Alexandru Cristian Dumitru,1357.43,12,2025-09-08
WTA,Naila Krifa,1353.96,12,2024-11-04
WTA,Surabhi Srinivas,1351.55,12,2024-05-27
WTA,Zoe Crimmel,1348.19,12,2023-09-18
WTA,Joya Nicolas,1347.03,12,2024-08-05
ATP,Mateo Berta,1344.56,12,2025-11-17
WTA,Waraporn Muangpho,1340.78,12,2023-10-16
WTA,Maria Vittoria Caligiore,1339.11,12,2024-11-11
WTA,Ran Yang,1336.72,12,2024-09-16
WTA,Ines Esteves,1329.64,12,2025-09-01
WTA,Avrora Volkova,1328.13,12,2023-03-20
WTA,Harsshali Mandavkar,1326.72,12,2024-04-15
WTA,Nitzan Bruner,1321.53,12,2024-08-12
WTA,Diana Noelia Salas,1320.46,12,2022-08-15
WTA,Jennifer Brady,1605.52,11,2026-02-23
WTA,Kristyna Pliskova,1600.85,11,2021-08-30
WTA,Vanessa Wong,1585.97,11,2022-07-18
WTA,Georgia Drummy,1585.05,11,2022-06-06
ATP,Brydan Klein,1580.24,11,2020-01-13
WTA,Jizelle Sibai,1575.08,11,2026-01-12
ATP,Andrej Loncarevic,1571.24,11,2026-02-09
WTA,Iva Lakic,1554.35,11,2024-08-05
WTA,Han Hyeongju,1552.21,11,2022-06-06
WTA,Merlina Sarno,1546.65,11,2022-01-31
WTA,Michelle Khomich,1543.18,11,2026-02-23
ATP,Tito Chavez,1540.3,11,2026-05-25
ATP,Henry Von Der Schulenburg,1538.64,11,2022-07-25
WTA,Deria Nur Haliza,1529.01,11,2023-02-27
WTA,Maiko Uchijima,1528.39,11,2026-05-25
WTA,Laia Conde Monfort,1527.64,11,2022-06-27
WTA,Gabriella Taylor,1523.73,11,2020-02-17
WTA,Martina Biagianti,1521.82,11,2020-02-03
WTA,Sydni Ratliff,1520.83,11,2024-10-21
ATP,Alexander Chang,1515.52,11,2025-09-01
WTA,Liliana Gajdosova,1513.68,11,2024-12-02
WTA,Daniella Dimitrova,1513.38,11,2024-06-17
WTA,Valeryia Darashuk,1510.83,11,2024-08-19
WTA,Nika Kukharchuk,1510.74,11,2020-02-03
WTA,Tina Manescu,1510.53,11,2026-04-27
ATP,Ymerali Ibraimi,1510.14,11,2026-01-05
WTA,Claudia De Las Heras Armenteras,1510.0,11,2022-05-30
WTA,Ana Paula Martinez Mora,1508.89,11,2022-03-07
ATP,Jack Satterfield,1507.32,11,2025-04-07
ATP,Moritz Kudernatsch,1506.92,11,2025-09-15
WTA,Ran Wakana,1506.56,11,2025-12-22
WTA,Yasmin Fatima Costa,1503.39,11,2024-11-04
WTA,Antonina Sushkova,1502.59,11,2026-02-16
ATP,Kalman L Boyd,1501.83,11,2022-06-06
ATP,Davide Tortora,1499.28,11,2026-05-11
ATP,Kenny Bun,1498.18,11,2023-04-03
WTA,Yu Chen Lin,1496.63,11,2025-11-17
WTA,Laura Koralnik,1495.19,11,2022-08-15
WTA,Renee Zhang,1493.54,11,2024-12-16
WTA,Petra Sedlackova,1492.73,11,2026-05-11
WTA,Destinee Martins,1492.25,11,2023-07-17
WTA,Momoko Nishio,1490.42,11,2024-03-18
WTA,Lenka Munzarova,1489.1,11,2026-04-27
WTA,Sophie Drakeford Lewis,1489.04,11,2024-07-29
WTA,Anna Shkutova,1487.65,11,2026-05-04
WTA,Mylene Halemai,1484.44,11,2020-02-24
WTA,Emma Dvorackova,1483.53,11,2024-03-25
WTA,Valerie Quiceno Ibarguen,1483.24,11,2021-07-26
WTA,Francesca Maguina Bunikowska,1481.81,11,2025-12-15
WTA,Oleksandra Korashvili,1481.34,11,2023-05-01
ATP,Oswaldo Alejandro Reyes Tirado,1480.8,11,2026-03-30
ATP,Nikola Kolyachev,1478.95,11,2024-07-08
WTA,Ariana Gogulina,1478.62,11,2024-07-22
WTA,Lou Adler,1478.22,11,2021-01-18
WTA,Karyna Kachur,1476.87,11,2021-07-19
WTA,Sara Ziodato,1476.76,11,2024-07-15
WTA,Habiba El_Anany,1476.51,11,2022-01-03
WTA,Raphaelle Leroux,1476.21,11,2025-07-28
WTA,Maria Georgiadou,1474.84,11,2022-05-16
WTA,Mary Closs,1474.43,11,2020-03-02
WTA,Safiya Carrington,1474.43,11,2023-11-06
WTA,Chiho Mushika,1473.95,11,2023-08-28
WTA,Silvia Martinez Jimenez,1473.77,11,2022-06-06
WTA,Franziska Kremerskothen,1472.81,11,2024-01-01
WTA,Maria Josefina Andrade Benedetti,1472.44,11,2023-10-02
ATP,Tiran Sanghera,1472.15,11,2024-09-16
ATP,Botond Kisantal,1470.64,11,2024-03-11
WTA,Kurea Hayasaka,1469.84,11,2026-05-25
ATP,John Bothma,1469.52,11,2026-04-20
WTA,Senka Deletic,1469.11,11,2023-04-17
WTA,Zofia Cubonova,1468.41,11,2023-04-24
WTA,Leticia Tarocco,1468.36,11,2024-04-22
WTA,Julie Bedard,1467.67,11,2026-03-02
ATP,Zane Stevens,1466.76,11,2025-11-10
WTA,Sachi Sharma,1466.63,11,2024-02-26
WTA,Nour Hassan Moustafa,1466.26,11,2021-09-27
WTA,Ioana Dumitrescu,1465.89,11,2023-06-12
WTA,Sofia Antolini,1465.81,11,2023-05-15
ATP,Azuma Visaya,1465.26,11,2025-11-24
WTA,Cecilia Manitto,1465.23,11,2026-05-04
WTA,Valeska Alexandra San Martin Ramirez,1464.52,11,2023-10-02
WTA,Sofiya Lebedeva,1464.09,11,2023-11-27
WTA,Candela Yecora,1463.52,11,2025-11-10
ATP,Yu Tanaka,1462.41,11,2026-05-25
ATP,Cihan Akay,1462.17,11,2023-06-26
WTA,Alena Kasatkina,1461.23,11,2024-08-12
WTA,Judith Van Kessel,1460.65,11,2024-05-20
WTA,Anna Davydova,1460.09,11,2020-02-03
ATP,Nathaniel Lammons,1458.94,11,2026-05-25
ATP,Constantin  Frantzen,1458.37,11,2022-04-04
WTA,Miranda Poile,1457.02,11,2023-10-09
WTA,Giselle Isabella Guillen,1455.58,11,2026-01-05
WTA,Manon Favier,1455.45,11,2026-05-25
WTA,Ademi Amankeldi,1454.55,11,2024-04-22
WTA,Coline Briand,1454.2,11,2026-01-19
ATP,Linus Lagerbohm,1453.87,11,2025-11-03
WTA,Andra Cristina Captan,1453.84,11,2021-06-21
ATP,Piotr Pawlak,1453.07,11,2026-06-01
WTA,Renne Singla,1452.56,11,2021-08-16
WTA,Leena Bennetto,1449.85,11,2025-06-09
WTA,Tamara Bizhukova,1449.17,11,2020-03-09
ATP,Stefan Peter Hampe,1448.98,11,2024-04-22
WTA,Polina Sleptsova,1448.25,11,2025-08-04
WTA,Eline Moors,1446.79,11,2023-04-17
ATP,Laurence Teunissen,1446.6,11,2026-06-01
ATP,Ruan Roelofse,1445.99,11,2021-08-30
WTA,Albina Kakenova,1445.96,11,2026-05-25
WTA,Jane Ling Chun Wong,1445.93,11,2025-07-28
WTA,Naema Labib,1445.42,11,2025-09-15
ATP,Aman Sharma,1445.26,11,2024-01-15
ATP,Zangar Nurlanuly,1445.01,11,2026-04-27
WTA,Margarita Lazareva,1444.75,11,2021-03-01
WTA,Mariana Campino,1444.05,11,2022-07-11
WTA,Giuseppina Miccio,1443.79,11,2021-03-08
WTA,Kaho Oyama,1443.53,11,2023-05-15
ATP,Marino Jakic,1443.32,11,2024-03-18
ATP,Charlie Pade,1443.18,11,2026-05-11
WTA,Ana Maria Chirita,1442.87,11,2024-08-12
ATP,Esteban Talavera Cortes,1442.55,11,2026-05-11
ATP,Baran Soyler,1441.55,11,2025-12-22
ATP,Vitek Horak,1441.21,11,2023-10-23
ATP,Youcef Rihane,1440.17,11,2023-10-23
WTA,Lucia Hanesova,1439.08,11,2023-02-20
ATP,Matei Todoran,1437.6,11,2025-05-12
ATP,Alan Kohen,1437.01,11,2021-10-11
WTA,Coral Valle,1436.32,11,2024-06-03
ATP,Hugo Cardinaud,1435.72,11,2025-09-01
WTA,Alexandra Diana Braga,1435.39,11,2023-04-10
WTA,Sophie Suh,1434.53,11,2026-06-01
WTA,Yuna Sugiyama,1434.33,11,2026-05-18
WTA,Stacy Chepkemei Yego,1434.07,11,2026-04-13
ATP,Ilija Palavestra,1433.29,11,2025-09-15
WTA,Ester Fesiuk,1433.19,11,2022-10-31
WTA,Audrey Moutama,1432.8,11,2026-01-19
ATP,Shanker Heisnam,1432.52,11,2026-05-18
ATP,Luis David Martinez,1432.51,11,2026-04-13
WTA,Katya Townsend,1432.06,11,2025-03-10
WTA,Victoria Kalaitzis,1431.66,11,2021-07-26
ATP,Joshua Dous Karpenschif,1430.49,11,2024-06-10
ATP,Rhys Searant,1429.97,11,2023-01-30
ATP,Nicola Ion,1429.94,11,2026-05-25
WTA,Manuella Persson,1429.79,11,2024-08-19
WTA,Isabella Collazos,1429.37,11,2025-10-20
WTA,Elena Molla Pons,1428.06,11,2026-05-25
ATP,Jan Wygona,1427.75,11,2026-06-01
WTA,Jessica Board,1426.88,11,2024-04-15
WTA,Kim Michaela Zahraj,1426.83,11,2021-06-14
WTA,Adelisa Kahriman,1425.74,11,2022-05-09
WTA,Kelly Marie Richter,1424.59,11,2024-01-08
ATP,Alex Lawson,1424.1,11,2024-05-27
WTA,Alessia Manca,1423.4,11,2024-04-15
ATP,David Petrovic,1421.97,11,2025-09-08
ATP,Mihail Ivanov,1420.52,11,2025-09-15
ATP,Gal Emersic Potocnik,1420.08,11,2021-10-18
ATP,Jeffrey Hsu,1418.74,11,2025-11-24
ATP,Dheeraj Kodancha Srinivasan,1416.66,11,2025-11-24
WTA,Shannon Spencer,1416.41,11,2023-12-18
ATP,Rafael Segado Esteve,1416.18,11,2024-07-15
ATP,Laurin Aerne,1415.18,11,2026-06-01
WTA,Lina Hachem,1414.27,11,2021-06-28
ATP,Lautaro Agustin Corthey,1414.06,11,2024-06-03
WTA,Yosita Sriporn,1413.37,11,2024-07-15
ATP,Maj Premzl,1412.94,11,2025-08-04
ATP,Samuel Sanchez,1412.11,11,2024-09-16
WTA,Nika Zupancic,1411.54,11,2021-06-21
WTA,Yuliya Klimova,1410.77,11,2022-04-25
ATP,Niels Villard,1408.0,11,2024-01-22
WTA,Kei Yau Cheung,1407.9,11,2026-03-09
ATP,Freddie Ridout,1407.88,11,2026-05-04
WTA,Anastasia Ponomariova,1407.66,11,2024-03-04
ATP,Chen Yu Lu,1406.49,11,2025-08-25
ATP,Vasilios Caripi,1405.88,11,2020-03-09
ATP,David Agung Susanto,1405.64,11,2023-08-07
WTA,Eunseo Kim,1405.31,11,2023-09-04
ATP,Alexander Bravo,1403.89,11,2025-10-27
WTA,Kenzy Sherif Elhamrawy,1403.52,11,2022-01-10
WTA,Tomoko Kato,1403.41,11,2023-10-09
WTA,Elizaveta Masnaia,1402.63,11,2023-03-27
WTA,Gloria Alogo Piqueras,1401.74,11,2022-01-31
WTA,Helena Spiridis,1401.05,11,2023-05-15
WTA,Kenzy Abdelaal,1400.88,11,2022-03-07
ATP,Luis Diego Chavez Villalpando,1400.6,11,2022-03-21
ATP,Harry Thursfield,1398.76,11,2025-09-08
WTA,Amel Sammari,1396.64,11,2021-07-19
WTA,Kenzy Moustafa,1396.54,11,2022-09-05
WTA,Peiyao Zhang,1396.49,11,2024-08-12
ATP,Benjamin Zuniga Garcia,1395.83,11,2024-09-23
WTA,Zoe Kaegi,1395.68,11,2025-11-10
ATP,Gonzalo Ariel Karakachian,1395.27,11,2025-01-13
WTA,Sofia Kandela,1393.56,11,2024-06-17
WTA,Anastasia Ogno,1392.43,11,2024-05-13
WTA,Kaia Kruus,1390.85,11,2023-02-27
ATP,Egor Tsarapkin,1390.13,11,2022-07-11
ATP,Andriy Poritskyy,1388.99,11,2026-04-20
WTA,Zala Bizjak,1388.17,11,2026-05-04
WTA,Agata Prepslova,1386.07,11,2026-05-18
ATP,Lucca Guercio,1384.68,11,2024-09-30
ATP,Umberto Giovannini,1383.45,11,2025-05-12
ATP,Dhruva Mulye,1382.92,11,2025-02-03
WTA,Mio Kijima,1382.75,11,2024-09-30
WTA,Ketevan Shavishvili,1380.76,11,2024-08-05
WTA,Elizaveta Rozhkova,1380.65,11,2026-05-25
ATP,Jibril Nettles,1380.56,11,2023-09-11
WTA,Gabriela Nanova,1379.99,11,2024-09-30
WTA,Shakhzoda Asimova,1379.05,11,2025-03-24
WTA,Cynthia Wanjala,1377.97,11,2024-12-30
ATP,Sergej Zivkovic,1377.14,11,2025-07-28
ATP,Patrick Foley,1377.01,11,2025-06-09
ATP,Joshua Luck,1376.95,11,2023-06-26
ATP,Nacho Serra Sanchez,1376.63,11,2024-07-15
WTA,Saska Savic,1374.07,11,2024-08-26
ATP,Patrick Fitzgerald,1371.92,11,2022-10-24
WTA,Gail Falkenberg,1371.17,11,2023-06-12
WTA,Zeynep Bademci,1371.09,11,2021-03-22
ATP,Zakhar Trapeznikov,1370.26,11,2023-08-28
ATP,Mohamed Amin Oueslati,1364.8,11,2026-01-05
WTA,Maria Santos,1360.88,11,2022-09-26
ATP,Yassin Ahmed Wageh,1358.54,11,2026-05-18
WTA,Celine Eiselmeier,1351.17,11,2024-11-04
ATP,Nikita Kashirin,1350.56,11,2021-12-13
WTA,Melissa Holmberg,1347.61,11,2024-10-14
WTA,Daria Maria Anghel,1338.52,11,2024-08-26
WTA,Jasna Kaltak,1321.99,11,2024-09-16
WTA,Caroline Garcia,1610.49,10,2022-08-15
WTA,Jia Qi Kang,1587.63,10,2020-02-03
WTA,Nadia Kulbiej,1578.64,10,2025-06-16
WTA,Kennedy Gibbs,1569.7,10,2024-07-22
ATP,Alexander Vasilenko,1565.86,10,2022-01-17
WTA,Jasmin Starr,1560.93,10,2024-02-19
WTA,Kseniia Ruchkina,1558.81,10,2025-12-01
ATP,Loren Thomas Byers,1555.28,10,2025-11-10
WTA,Piper Charney,1553.47,10,2025-08-11
WTA,Csilla Fodor,1548.01,10,2024-07-15
WTA,Nagisa Suzuki,1545.6,10,2026-04-20
ATP,Gianluca Acquaroli,1537.04,10,2022-02-14
WTA,Emily Fanning,1536.01,10,2020-01-06
ATP,Sebastian Rodriguez,1534.06,10,2023-08-21
WTA,Varvara Altukhova,1533.99,10,2023-05-15
WTA,Lucia Aranda Arcas,1532.71,10,2023-06-05
WTA,Yuxuan Zhang,1529.83,10,2020-02-10
WTA,Eugenia Zozaya Menendez,1528.78,10,2026-06-01
WTA,Emily Matias Da Silva Chang,1527.96,10,2022-01-24
ATP,William Mirarchi,1526.97,10,2026-06-01
WTA,Emiliia Kats,1526.22,10,2025-04-28
ATP,Mattia Frinzi,1526.18,10,2021-05-10
WTA,Sue Yan Tan,1525.02,10,2023-07-17
ATP,Lorenzo Berto,1521.41,10,2024-08-05
WTA,Amelie Drukerova,1520.97,10,2024-09-30
WTA,Divna Ratkovic,1518.05,10,2023-01-23
WTA,Daria Kuznetsova,1517.13,10,2026-05-25
WTA,Leonie Schuknecht,1515.46,10,2026-02-02
WTA,Oziera Ahmad,1513.51,10,2024-06-03
ATP,George Stoupe,1511.69,10,2023-10-23
WTA,Juline Fayard,1509.84,10,2021-03-01
WTA,Pauline Dore,1508.36,10,2023-06-12
WTA,Yelizaveta Karlova,1508.19,10,2021-02-08
ATP,Yair Sarouk,1506.96,10,2023-06-19
WTA,Yuliya Perapekhina,1505.73,10,2025-05-19
WTA,Sofia Pizzoni,1505.19,10,2023-06-05
WTA,Aleksandra Wierzbowska,1503.1,10,2021-11-22
WTA,Ioana Stefania Boian,1502.18,10,2025-06-23
WTA,Diana Krasnova,1501.6,10,2020-01-20
WTA,Ema Baraniakova,1500.34,10,2022-05-09
WTA,Lucie Hradecka,1499.48,10,2021-04-05
WTA,Hollie Smart,1499.45,10,2025-08-11
WTA,Nour El Ouazzani,1497.5,10,2026-06-01
WTA,Alina Trynkina,1496.23,10,2022-01-17
WTA,Adreanna Christopoulou,1496.23,10,2021-11-08
WTA,Chiara Bordo,1495.03,10,2021-07-26
WTA,Brooklyn Olson,1494.93,10,2023-02-27
WTA,Sirena Waas,1494.88,10,2025-06-30
WTA,Georgiana Ruhrig,1493.96,10,2026-03-16
WTA,Jevrosima Mitic,1493.75,10,2024-08-26
WTA,Vanessa Ong,1493.32,10,2022-07-11
WTA,Eva Lopez,1490.84,10,2026-06-01
WTA,Claire An,1489.73,10,2025-06-30
WTA,Kassandra Davesne,1487.6,10,2022-11-28
ATP,Meecah Bigun,1486.98,10,2024-05-13
WTA,Utaka Kishigami,1486.8,10,2020-02-03
WTA,Elda Lara Cruz,1486.75,10,2025-07-28
WTA,Yeva Galiievska,1486.72,10,2025-12-22
ATP,Yannick Wunderlich,1486.58,10,2023-01-02
WTA,Lana Petkovic,1484.84,10,2024-07-01
WTA,Katie Oliver,1484.48,10,2025-02-10
ATP,Nicholas Heng,1484.36,10,2025-08-11
WTA,Naomi Broady,1484.0,10,2021-06-14
WTA,Su Jin Kim,1483.04,10,2026-05-11
WTA,Anna Raphaelle Serghi,1481.38,10,2024-07-15
WTA,Sesil Karatantcheva,1480.88,10,2023-08-28
ATP,Hugo Nys,1480.47,10,2026-04-05
WTA,Liya Chu,1479.89,10,2024-10-28
WTA,Jwany Sherif,1479.11,10,2024-07-08
WTA,Klio Maria Ioannou,1478.85,10,2024-05-06
ATP,Bryan Hernandez Cortes,1478.72,10,2025-06-09
WTA,Natalia Alves De Lima,1478.64,10,2022-09-19
ATP,Valentin Gonzalez Galino,1478.36,10,2026-05-25
WTA,Mayra Jovic,1476.74,10,2024-03-11
WTA,Brienne Minor,1476.61,10,2022-07-04
ATP,Artem Alekseychuk,1476.48,10,2026-05-25
ATP,Jaka Protic Zakelj,1476.33,10,2023-10-23
ATP,Oleg Khotkov,1476.08,10,2021-04-12
ATP,Trent Bryde,1474.83,10,2021-07-19
ATP,Connor Bruce,1474.73,10,2024-10-14
WTA,Heidi Bulger,1474.6,10,2025-12-01
WTA,Amelie Claire Montalvo Lundy,1474.17,10,2021-10-11
ATP,Norbert Marosik,1473.46,10,2025-12-22
WTA,Claudia Giovine,1473.21,10,2020-09-14
WTA,Milena Maria Ciocan,1472.45,10,2026-05-11
ATP,Luca Prevosto,1472.42,10,2020-02-17
ATP,Ye Chen,1471.04,10,2025-09-17
WTA,Constance Branstine,1470.54,10,2022-07-11
WTA,Nisa Bulut,1468.7,10,2024-05-13
WTA,Taly Licht,1468.48,10,2024-04-29
WTA,Eun Bi Lee,1468.46,10,2026-04-27
WTA,Farida Elhalaby,1467.88,10,2022-05-09
WTA,Sofiya Afandieva,1467.84,10,2023-05-01
WTA,Gloria Pop,1467.11,10,2026-06-01
ATP,Andrea M'Chich,1466.59,10,2026-03-02
WTA,Helena Guan,1466.45,10,2025-08-11
ATP,Spencer Gray,1466.36,10,2025-02-24
WTA,Tia Messerli,1466.02,10,2026-06-01
WTA,Lama Nabil,1464.89,10,2021-01-25
ATP,Jip Van Assendelft,1464.56,10,2025-08-04
ATP,Carl Roothman,1463.87,10,2026-05-25
WTA,Laura Pasterk,1462.54,10,2024-05-27
WTA,Deanne Choo,1462.5,10,2025-08-04
ATP,Kunanan Pantaratorn,1462.01,10,2026-01-05
WTA,Sofia Alekseeva,1461.87,10,2026-05-11
ATP,Jarrod Joyce,1461.78,10,2025-05-19
WTA,Rita Colyer,1461.6,10,2026-03-09
WTA,Simay Keles,1461.13,10,2024-11-04
WTA,Zuzana Kudlackova,1461.0,10,2025-11-03
ATP,Gasper Matijasic,1459.13,10,2026-03-23
WTA,Nell Miller,1458.53,10,2024-01-08
WTA,Jemima Williams Phillips,1457.47,10,2024-10-07
WTA,Ayushi Singh,1457.07,10,2022-12-26
WTA,Daniela Valentina Tijaro,1456.63,10,2024-05-06
WTA,Gyung Eun Song,1456.37,10,2023-09-04
ATP,Matteo Mura,1455.68,10,2025-10-13
ATP,Pedro Andre De Almeida Santos,1455.51,10,2026-03-23
WTA,Kimiko Cooper,1455.13,10,2025-10-27
ATP,Ching Mou Yu,1455.0,10,2023-08-21
WTA,Lidia Gonzalez,1454.69,10,2023-06-05
ATP,Piotr Siekanowicz,1454.66,10,2025-07-28
WTA,Harshini N Nagaraj,1454.2,10,2026-05-04
ATP,Kaua Lorenzo Santos Gava,1454.03,10,2023-10-23
WTA,Renee Alame,1453.93,10,2026-01-19
ATP,Takashi Saito,1453.89,10,2021-09-27
WTA,Sophie Bekker,1453.03,10,2025-08-11
ATP,Aaron James Williams,1452.68,10,2023-08-07
ATP,Muzammil Murtaza,1452.46,10,2025-11-24
ATP,Max Westphal,1452.44,10,2025-06-16
WTA,Noemie Dadoun,1452.39,10,2024-04-29
WTA,Patricie Kubikova,1451.37,10,2021-07-12
WTA,Victoire Lansaman,1450.3,10,2026-03-16
ATP,Ku Keon Kang,1450.12,10,2026-04-20
ATP,Gregoire Jacq,1449.32,10,2025-09-01
WTA,Klara Kajabova,1449.12,10,2026-06-01
ATP,Tae Woo Lee,1447.44,10,2023-06-19
ATP,Ruslan Serazhetdinov,1446.73,10,2026-03-23
WTA,Anusha Kondaveeti,1446.49,10,2022-12-26
WTA,Anastasia Ganja,1446.37,10,2026-04-06
WTA,Polina Krumkachev,1444.98,10,2025-03-31
WTA,Samantha Horwood,1444.06,10,2023-06-26
ATP,Savva Rybkin,1443.88,10,2026-03-02
WTA,Rined Saafi,1443.68,10,2024-09-02
WTA,Rira Kosaka,1442.57,10,2026-05-11
WTA,Basak Akbas,1441.81,10,2023-11-20
ATP,Diego Ortiz Gamonal,1441.68,10,2024-09-23
ATP,Guillermo Tunas,1440.54,10,2026-03-30
ATP,Massimo Pizzigoni,1440.24,10,2024-10-14
WTA,Isabel Arabarco,1440.23,10,2026-01-19
WTA,Giuditta Beltrami,1440.04,10,2023-06-05
WTA,Iliia Dashkevich,1439.67,10,2024-04-29
WTA,Fatma Al Nabhani,1439.37,10,2021-01-18
ATP,Jun Hao Luo,1438.06,10,2026-05-25
ATP,Pasquale De Giorgio,1436.9,10,2024-09-09
WTA,Kotistha Modak,1434.85,10,2024-04-15
ATP,Yuhei Kono,1434.71,10,2024-11-04
WTA,Lizi Dolidze,1434.63,10,2023-05-15
WTA,Jian Kang,1434.25,10,2024-02-26
ATP,Lazar Milicevic,1433.82,10,2023-01-30
WTA,Stela Dzimovic,1432.87,10,2026-06-01
WTA,Robu Kajitani,1432.19,10,2022-01-24
ATP,Chuhan Wang,1431.78,10,2022-05-23
ATP,Nicola Senn,1430.86,10,2026-06-01
WTA,Lamiss Houas,1430.04,10,2026-06-01
WTA,Amy Bloch,1429.29,10,2022-03-28
WTA,Francisca Laundes,1428.97,10,2025-03-03
ATP,Alessio Zanotti,1428.87,10,2023-03-06
WTA,Martina Medina Hernandez,1428.62,10,2024-11-11
ATP,Ivan Dreycopp,1425.5,10,2026-02-23
ATP,Luis Jose Nakamine,1425.48,10,2025-06-23
ATP,Wally Thayne,1424.73,10,2026-02-02
ATP,Fabio Nestola,1424.34,10,2024-05-20
ATP,Christos Antonopoulos,1423.87,10,2025-08-11
WTA,Laura Isabel Putz,1420.92,10,2022-08-15
ATP,Victor Ernaelsteen,1419.79,10,2023-01-23
WTA,Charlotte Wijkamp,1419.48,10,2021-11-15
WTA,Maria Carolina Depablos Ochoa,1419.34,10,2024-09-09
WTA,Mariam Tetradze,1419.18,10,2024-03-11
WTA,Jessica Fowler,1419.01,10,2022-03-21
WTA,Yilin Zheng,1418.08,10,2025-07-21
ATP,Joao Portugal,1416.31,10,2024-08-26
WTA,Olga Bienzobas Fernandez,1415.34,10,2025-09-08
WTA,Pola Batkiewicz,1415.3,10,2025-09-15
ATP,Thomas Drayton,1415.14,10,2026-05-18
WTA,Lidziya Marozava,1414.99,10,2023-09-25
WTA,Eleni Chatziavraam,1414.52,10,2026-03-09
WTA,Ximena Negrete Hernandez,1414.39,10,2024-02-05
ATP,Plamen Milushev,1413.97,10,2025-08-04
ATP,Emir Sutekin,1413.85,10,2023-04-03
ATP,Vladimir Holban,1413.51,10,2025-08-18
ATP,Benjamin Kittay,1413.46,10,2026-05-04
WTA,Christina Bednarczyk,1413.27,10,2026-02-16
WTA,Beatrice Nicole Stoica,1413.18,10,2023-07-31
WTA,Andrea Quiroz,1412.97,10,2024-07-01
ATP,Igor Shrolik,1412.87,10,2024-09-09
WTA,Rania Music,1412.45,10,2024-02-26
ATP,Victor Nunez,1412.44,10,2023-05-01
WTA,Amodini Naik,1412.4,10,2026-05-04
ATP,Besir Durguti,1411.35,10,2023-05-22
WTA,Han Gyeol Jeong,1410.26,10,2024-09-30
ATP,Kanan Gasimov,1409.87,10,2025-04-21
ATP,Boris Kozlov,1409.09,10,2026-04-20
ATP,Mateo Carballo,1408.23,10,2026-03-09
WTA,Lou Borez,1408.2,10,2024-11-04
WTA,Shana Martin Mao,1408.15,10,2025-01-06
WTA,Relebogile Sereo,1407.97,10,2024-02-26
WTA,Liron Loiter,1406.59,10,2026-05-04
ATP,Agustin Libre,1406.44,10,2026-05-11
WTA,Engy Abouelseoud,1405.86,10,2021-01-25
WTA,Imperia Martinez Mora,1405.83,10,2023-11-20
ATP,Luka Bojicic Ono,1405.63,10,2026-03-23
WTA,Agustina Daniela Duarte,1404.4,10,2026-03-23
WTA,Yara Abed,1404.0,10,2022-05-16
WTA,Daniella Nylander,1403.51,10,2024-10-28
WTA,Francesca Franchi,1403.24,10,2024-06-03
WTA,Maria Gell,1403.14,10,2024-06-03
WTA,Debora Madile,1401.42,10,2021-07-12
ATP,Gonzalo Achondo,1400.74,10,2022-01-17
WTA,Pauline Greta Bruns,1399.88,10,2024-11-04
WTA,Cristina Pescucci,1399.82,10,2026-04-13
WTA,Yarina Andreea Capraru,1396.83,10,2024-08-26
ATP,Luka Todorovic,1396.09,10,2025-06-09
ATP,David Cristian Carteputreda,1395.58,10,2025-08-18
ATP,Ibrahim Snoussi,1394.26,10,2025-10-27
WTA,Pragathi Narayan Prasad,1393.99,10,2023-03-06
ATP,Igor Trunov,1393.17,10,2024-11-04
WTA,Alaa Essid,1392.91,10,2024-10-07
WTA,Zoe Du Pasquier Jensen,1392.77,10,2024-04-08
WTA,Mariella Gelbke,1392.77,10,2024-11-04
ATP,Alejandro Jose Gandini,1391.79,10,2024-08-12
WTA,Alexa Pitt,1391.32,10,2022-08-22
WTA,Sofia Matiushova,1390.64,10,2021-11-22
WTA,Yana Klimchuk,1389.37,10,2024-11-11
ATP,Vito Antonio Darderi,1387.72,10,2026-05-18
ATP,Jason Janis,1386.51,10,2023-05-01
ATP,Nikolas Moceanu,1386.32,10,2023-04-03
WTA,Mahrukh Kokni,1383.62,10,2024-09-30
ATP,William Kleege,1383.02,10,2025-06-30
WTA,Sehrazat Dagci,1382.0,10,2026-02-23
WTA,Barbara Balancho,1381.42,10,2021-07-12
WTA,Leslie Cavanaugh Rose,1381.04,10,2026-01-05
WTA,Karine Kulidjian,1380.16,10,2024-06-17
WTA,Catarina Moreira,1379.04,10,2024-11-18
WTA,Mariam Mahmoud,1377.86,10,2022-05-02
WTA,Eva Mihaela Croitoru,1377.37,10,2024-07-29
ATP,Mircea Mortasifu,1376.03,10,2026-05-18
WTA,Theresa Papikian,1374.79,10,2024-09-30
WTA,Yana Kim,1373.73,10,2026-05-25
WTA,Bruna Liotto De Carvalho,1372.74,10,2026-06-01
WTA,Benedetta Baratto,1371.88,10,2024-06-24
ATP,Constantinos Koshis,1370.6,10,2023-11-27
WTA,Alisa Zolotukhina,1364.2,10,2022-02-28
WTA,Razan Mohamed Teleb,1363.52,10,2022-05-09
WTA,Raquel Ducet Teixeira,1362.34,10,2024-05-06
ATP,Michael Alejandro Beltran Rubio,1359.84,10,2025-08-11
WTA,Fatma Mornagui,1359.65,10,2023-05-29
WTA,Jana Mrdovic,1357.17,10,2024-07-29
WTA,Sophia Rajput,1350.39,10,2024-09-16
WTA,Sandy Sharaf,1350.28,10,2022-09-05
WTA,Tomoe Yazawa,1349.58,10,2023-09-18
WTA,Mina Randjelovic,1349.11,10,2024-06-24
WTA,Noelia Belen Acosta,1347.62,10,2024-07-29
WTA,Mara Ploumis,1337.39,10,2023-10-30
ATP,Denis Shapovalov,1659.43,9,2024-09-23
WTA,Welles Newman,1602.37,9,2026-04-27
ATP,Mattias Siimar,1578.25,9,2021-08-02
WTA,Polina Berezina,1549.56,9,2026-02-23
ATP,Joaquin Aguilar Cardozo,1548.73,9,2023-09-18
WTA,Sonya Macavei,1545.58,9,2022-05-02
WTA,Lani Chang,1538.21,9,2026-04-13
WTA,Viktoriya Kanapatskaya,1536.28,9,2021-09-27
WTA,Theo Gravouil,1529.98,9,2025-06-09
WTA,Andrea Lola Popovic,1529.76,9,2026-04-27
WTA,Mai Kandori,1519.96,9,2023-06-12
WTA,Jessie Culley,1518.39,9,2023-09-18
WTA,Nicole Gibbs,1516.66,9,2020-02-24
WTA,Nelly Knezkova,1515.51,9,2021-01-11
WTA,Duru Kuscu,1515.1,9,2023-11-27
WTA,Isabela Alvarez Mercante,1514.52,9,2022-05-02
WTA,Cheri Darley,1514.16,9,2021-10-04
ATP,Maxime Tchoutakian,1513.1,9,2020-02-17
WTA,Lana Virc,1512.82,9,2026-03-09
WTA,Nadezda Khalturina,1512.25,9,2023-08-21
WTA,Anna Martemyanova,1508.18,9,2020-02-17
ATP,Saki Tange,1507.57,9,2025-11-03
WTA,Yilin Chen,1507.51,9,2025-06-09
ATP,Aadarsh Tripathi,1507.46,9,2025-08-18
ATP,Oscar Mesquida Berg,1503.91,9,2022-01-24
WTA,Melodie Collard,1503.8,9,2021-08-09
ATP,Santiago Giamichelle,1503.5,9,2026-05-18
WTA,Kitti Molnar,1499.57,9,2026-05-25
WTA,Jade Groen,1498.44,9,2025-11-10
ATP,Maverick Banes,1498.22,9,2020-01-13
ATP,Maxime Pauwels,1498.19,9,2022-08-22
WTA,Tzeng Mu Jie,1497.87,9,2025-07-21
ATP,James Hopper,1497.35,9,2026-02-02
WTA,Dolores Molina Portela,1497.16,9,2022-02-07
ATP,Michal Konecny,1496.96,9,2021-04-26
WTA,Natsumi Shioya,1495.3,9,2024-09-16
ATP,Matisse Farzam,1495.28,9,2025-11-10
WTA,Adeline Flach,1493.98,9,2023-10-16
ATP,Felipe Dreer,1492.07,9,2025-11-17
WTA,Berrak Kocak,1490.24,9,2026-03-03
WTA,Mariia Drobysheva,1489.59,9,2026-06-01
ATP,Tadas Babelis,1488.93,9,2023-02-06
ATP,Jacob Grills,1488.08,9,2020-02-24
WTA,Hana Mortagy,1487.88,9,2021-01-11
WTA,Charlotte Roesch,1487.34,9,2024-08-05
WTA,Ivana Gresova,1487.21,9,2023-04-10
ATP,Hugo Hashimoto,1485.98,9,2026-05-25
WTA,Grace Schumacher,1485.3,9,2024-11-11
WTA,Michaela Kadleckova,1485.18,9,2021-07-05
WTA,Chahd Tourkhani,1485.08,9,2024-09-09
ATP,Yusaku Sugaya,1484.51,9,2025-06-02
WTA,Marina Yudanov,1484.5,9,2020-02-17
WTA,Nehira Sanon,1484.5,9,2026-05-04
WTA,Margaret Hui,1483.22,9,2023-06-26
ATP,Dusan Milanovic,1482.93,9,2026-05-18
ATP,Kase Schinnerer,1482.72,9,2025-05-19
WTA,Mirela Shkumbova,1481.27,9,2024-05-06
WTA,Lakshanya Vishwanath,1480.12,9,2023-05-29
WTA,Georgia Campbell,1480.04,9,2025-10-27
WTA,Seren Agar,1478.68,9,2023-06-12
ATP,Jerrid Gaines,1478.66,9,2026-04-13
WTA,Indiya Mcleod,1478.29,9,2023-03-20
WTA,Maria Aytoyan,1477.22,9,2026-06-01
WTA,Alisa Bianca Apostol,1477.01,9,2024-11-04
WTA,Katerina Filip,1477.0,9,2023-05-22
WTA,Isabella Crossman,1476.15,9,2024-03-18
ATP,Arthur Neuhaus,1475.5,9,2023-07-03
WTA,Vladislava Petrovskaia,1474.88,9,2021-02-08
WTA,Maria Fernanda Navarro Oliva,1474.43,9,2025-09-08
WTA,Mi Jeong Kwon,1472.75,9,2026-05-18
WTA,Rin Nakagawara,1472.2,9,2025-03-17
WTA,Terezia Perhacova,1472.18,9,2024-08-19
WTA,Jolien Geels,1470.59,9,2024-08-19
ATP,Sasha Trkulja,1470.29,9,2024-07-15
ATP,Guillaume Dermiens,1467.91,9,2021-11-15
ATP,Iacopo Sada,1467.72,9,2023-07-31
WTA,Anushka Ashar,1466.66,9,2023-01-16
WTA,Riley Crowder,1466.53,9,2025-05-05
ATP,Kweisi Kenyatte,1466.21,9,2022-11-14
ATP,Mahmoud Chetouane,1466.15,9,2026-05-11
WTA,Maria Alexandra Medeea Popescu,1464.59,9,2021-11-29
WTA,Susana L Alcaraz,1464.21,9,2024-02-05
ATP,Anis Ghorbel,1464.02,9,2021-03-22
WTA,Evgeniya Levashova,1463.89,9,2021-11-15
ATP,Rethin Pranav Senthil Kumar,1463.68,9,2026-05-18
ATP,Lautaro Correa Beguerie,1462.19,9,2025-11-24
WTA,Yulia Kulikova,1462.06,9,2021-08-23
WTA,Jennifer Elie,1461.77,9,2020-01-13
ATP,Leonardo Angeloni,1461.73,9,2025-11-03
ATP,Ramazan Kaan Oktay,1461.11,9,2026-06-01
ATP,Mikhail Dubrouski,1460.25,9,2025-09-01
WTA,Jessica Schilz,1459.33,9,2026-05-04
WTA,Angelina Zhuravleva,1458.65,9,2022-01-17
WTA,Ana Cruz,1458.6,9,2025-09-08
WTA,Marie Cerezo,1458.19,9,2023-02-20
WTA,Veronika Pepelyaeva,1458.17,9,2021-02-22
WTA,Oksana Kalashnikova,1457.85,9,2025-03-24
WTA,Margaret Sohns,1457.6,9,2026-04-06
WTA,Nikol Ruseva,1457.53,9,2021-02-15
WTA,Lea Erenda,1457.2,9,2023-02-06
ATP,Fardeen Quamar,1456.33,9,2023-04-03
WTA,Jerricka Boone,1455.68,9,2024-11-04
ATP,Austin Rapp,1455.39,9,2020-02-24
WTA,Emma Vanderheyden,1455.23,9,2022-06-20
WTA,Breanna Cerasa,1455.09,9,2023-02-20
WTA,Megan Mae Root,1454.81,9,2026-04-20
WTA,Pia Petelinsek,1454.37,9,2024-08-05
ATP,Juliusz Bienkiewicz,1453.09,9,2025-08-18
WTA,Fernanda Escudero Villanueva,1452.57,9,2023-11-20
ATP,Arnav Paparkar,1451.85,9,2026-03-23
WTA,Eva Harris,1451.82,9,2023-07-31
ATP,Edoardo De Filippo,1451.79,9,2025-10-13
ATP,Mattia Nannelli,1451.78,9,2026-02-23
WTA,Floor Van Nunen,1451.7,9,2024-04-01
ATP,Patricio Betancourt,1451.49,9,2026-04-20
WTA,Marianna Shikhanova,1451.21,9,2026-05-18
ATP,Lucas Gomez,1450.58,9,2023-02-20
WTA,Yasmin Bohnenberger De Aguirres,1450.19,9,2024-12-02
WTA,Sophie Martin,1450.15,9,2026-05-11
ATP,Jordi Mas De Ugarte,1449.94,9,2025-11-24
WTA,Stanislava Bobrovnikova,1449.18,9,2021-01-04
WTA,Sophie Hernandez,1449.12,9,2024-09-30
WTA,Daniela Macarena Lopez,1448.51,9,2021-07-26
WTA,Maryia Savitskaya,1448.47,9,2022-06-20
WTA,Kristanna Gjomakaj,1448.01,9,2024-03-18
ATP,Carlos Divar,1447.96,9,2024-12-09
WTA,Tasnime Ahamout,1447.36,9,2026-06-01
WTA,Anna Lytneva,1447.13,9,2023-08-28
ATP,William Mroz,1446.57,9,2024-11-11
ATP,Gonzalo Escobar,1446.08,9,2022-03-14
WTA,Rawan Abdelaziz,1445.51,9,2021-09-20
WTA,Jessica Dea Calugar,1445.36,9,2024-08-19
WTA,Divya Harindra Bhardwaj,1445.28,9,2024-02-26
ATP,Martim Simoes,1445.04,9,2024-01-08
ATP,Jack Mcgary,1444.58,9,2026-05-25
WTA,Maria Paula Vargas Triana,1444.07,9,2024-11-04
WTA,Kiara Nina Kucikova,1442.98,9,2026-04-13
WTA,Naomi Hagi,1442.98,9,2024-08-19
WTA,Louanne Djafari,1442.29,9,2026-06-01
WTA,Jigyasa Narsinghani,1441.4,9,2024-02-26
ATP,Alen Moritz Hodzic,1441.08,9,2023-09-04
WTA,Kristina Kuksina,1440.6,9,2022-09-12
ATP,Bradley Paliska,1440.3,9,2024-01-15
WTA,Daniel Hefner,1439.85,9,2025-11-24
WTA,Habiba Elgerby,1439.62,9,2022-05-02
ATP,Yash Yadav,1439.58,9,2025-03-24
ATP,Daniel Vishnick,1439.18,9,2024-01-08
ATP,Toru Horie,1438.99,9,2025-10-27
ATP,Jing Long Weng,1438.56,9,2022-08-22
WTA,Emelie Gabran,1437.8,9,2024-02-26
WTA,Ching Laam Lai,1437.8,9,2025-06-30
ATP,Janos Fekete,1437.61,9,2024-09-30
ATP,Seiya Nakanishi,1437.37,9,2022-10-31
ATP,Hiroki Sakagawa,1436.86,9,2025-11-17
ATP,Martin Antonio Vergara Del Puerto,1436.75,9,2025-03-17
WTA,Ambra Tommasi,1435.88,9,2024-11-04
ATP,Giovanni Ciocca,1435.6,9,2026-03-23
WTA,Maria Jazmin Amicuzi,1434.84,9,2024-06-03
ATP,Tomas Jordi Leston,1434.3,9,2026-06-01
ATP,Xin Gao,1433.78,9,2023-08-14
ATP,Federico Bove,1433.49,9,2025-10-20
WTA,Mariam Ibrahim,1433.44,9,2022-12-05
WTA,Xintong Zhou,1432.89,9,2023-03-27
WTA,Xiao Tang,1432.85,9,2026-05-18
ATP,Maximilian Oezcelik,1431.87,9,2026-05-25
ATP,Mubarak Shannan Zayid,1431.73,9,2025-02-17
WTA,Salma Abdel Rahim,1431.15,9,2020-12-07
ATP,Martin Benes,1430.4,9,2024-07-22
ATP,Matteo Mesaglio,1429.61,9,2026-05-11
ATP,Maties Torres Ramis,1429.52,9,2026-06-01
ATP,Venedikt Tsirikidze,1429.36,9,2025-06-16
ATP,Benjamin Martin,1429.19,9,2023-10-02
ATP,Thomas Patton,1428.89,9,2026-03-16
WTA,Samantha Alicea,1427.39,9,2025-12-01
WTA,Carle Botha,1427.18,9,2024-02-26
ATP,Kaeri Hernandez Mariona,1427.03,9,2025-07-21
WTA,Angelina Mihajlovic,1427.01,9,2023-09-04
WTA,Sude Ulueren,1426.81,9,2026-05-04
WTA,Srinidhi Sridhar,1425.64,9,2023-02-20
ATP,George Goldhoff,1425.49,9,2025-01-27
WTA,Marie Svozilova,1424.95,9,2022-09-05
WTA,Annali Olivelle,1424.12,9,2022-07-04
WTA,Victoria Emma,1423.74,9,2022-05-16
WTA,Lina Boylan,1423.42,9,2021-05-03
ATP,Alejandro Arcila,1422.98,9,2025-08-11
WTA,Shira Buhadana,1422.91,9,2024-11-18
WTA,Sophia Natalya Baranov,1422.66,9,2022-04-25
ATP,Luca Matteo Sobbe,1422.35,9,2025-06-23
WTA,Rosalie Van Der Hoek,1421.95,9,2023-01-16
WTA,Nikola Novotna,1421.8,9,2021-03-29
WTA,Aida Omercajic,1421.04,9,2024-12-09
WTA,Taira Abildayeva,1420.9,9,2023-03-06
WTA,Lara Eroglu,1420.32,9,2021-11-08
ATP,Dmitrii Vasilev,1420.28,9,2025-11-03
ATP,Seonyong Han,1420.2,9,2024-10-28
ATP,Augusto Virgili,1419.96,9,2025-09-01
ATP,Petar Teodorovic,1419.84,9,2024-01-15
ATP,Andreas Messis,1419.74,9,2026-05-18
WTA,Adriana Monlleo Ramos,1418.09,9,2026-05-25
ATP,Esteban Davila Gasser,1417.32,9,2024-06-17
WTA,Elva Andrea Brindis Sanchez,1417.2,9,2024-11-04
WTA,Ons Boubaker,1417.14,9,2022-12-19
ATP,Luis Felipe Ferraz Sandoval Carvalho,1417.09,9,2024-05-06
WTA,Elif Albayrak,1417.03,9,2022-02-28
ATP,Matthew Foster Estwick,1415.38,9,2023-04-17
ATP,Cezar Stefan Bentzel,1414.76,9,2025-09-16
ATP,Lucas Horve,1414.69,9,2024-11-11
WTA,Erin Pearce,1414.3,9,2025-07-28
WTA,Taylah Lawless,1413.83,9,2022-07-25
ATP,Tomas Vaise,1413.31,9,2023-02-06
ATP,Scott Duncan,1413.01,9,2022-07-11
ATP,Fabrizio Karol Pio Osti,1412.36,9,2026-03-23
ATP,Enrico Baldisserri,1411.96,9,2026-01-27
ATP,Lucky Candra Kurniawan,1411.58,9,2026-04-20
ATP,Michael Dylan Jimenez,1411.54,9,2026-04-20
ATP,Ivan Sodan,1410.89,9,2023-01-09
WTA,Janika Kusy Alzugaray,1410.77,9,2021-03-22
ATP,Vitaliy Zatsepin,1409.83,9,2024-07-15
WTA,Sofia Carpi,1409.77,9,2024-05-06
ATP,Adrien Berrut,1409.12,9,2025-06-16
WTA,Chara Meidani,1408.86,9,2021-11-08
ATP,Tarik Bajrovic,1408.59,9,2024-06-03
WTA,Jordina Font,1408.45,9,2026-06-01
WTA,Valeriia Fomenko,1408.31,9,2024-06-10
ATP,Vojtech Vlkovsky,1407.23,9,2023-08-21
ATP,Glauco Pinheiro Da Cruz Junior,1406.53,9,2026-03-23
WTA,Cheyenne Joyce Borg,1405.96,9,2025-10-27
WTA,Marie Charlot Lonnemann,1405.0,9,2021-07-12
ATP,Esteban Bruna,1404.56,9,2023-01-23
WTA,Ludovica Mazzucchelli,1403.99,9,2026-04-27
WTA,Milana Dejanovic,1403.05,9,2024-09-02
ATP,Evan Jarzaguet,1402.83,9,2025-09-22
WTA,Eylul Asya Yilmaz,1400.43,9,2026-02-09
ATP,Mubarak Shannan Zayid Alharrasi,1400.11,9,2024-05-06
ATP,Tennyson Whiting,1400.04,9,2025-03-17
ATP,Jacques Kai Inoue,1399.22,9,2024-11-11
WTA,Jana Denisenko,1399.11,9,2025-09-22
ATP,Fredrik Krogh Solheim,1398.77,9,2026-01-05
ATP,Tarun Karra,1398.44,9,2026-06-01
WTA,Raiyah Omar,1397.13,9,2024-06-17
WTA,Jasmin Sabrina Opris,1395.79,9,2024-04-29
ATP,Sarthak Suden,1395.6,9,2026-03-23
ATP,Finley Hall,1395.54,9,2025-02-10
ATP,Juan Pablo Canas Garcia,1395.51,9,2022-01-24
WTA,Swasthika Arunkumar,1395.11,9,2026-05-18
WTA,Qianqian Li,1394.61,9,2024-07-15
WTA,Elizaveta Krokhina,1394.47,9,2024-03-25
WTA,Zoe Theodorakopoulos,1394.38,9,2025-09-22
ATP,Adam Taylor,1394.01,9,2024-12-30
WTA,Carla Nokes,1393.17,9,2022-08-15
WTA,Shanetta Wilkins,1390.67,9,2024-11-11
WTA,Chiara Kamenska,1388.87,9,2022-05-23
ATP,Christoffer Solberg,1388.7,9,2022-05-09
ATP,Samuel De Felipe Garcia,1387.82,9,2026-05-11
ATP,Tzu Li Chang,1387.58,9,2025-08-25
WTA,Elizaveta Khruleva,1387.35,9,2024-11-11
ATP,Nazar Oliynykov,1387.23,9,2026-03-16
ATP,Victor Alvares De Castro Rocha,1386.92,9,2025-10-20
WTA,Sofia Germani,1386.24,9,2024-01-08
WTA,Preksha Ramesh,1385.48,9,2024-08-05
ATP,Dylan Waldorf Martin,1383.25,9,2025-10-20
ATP,Andrei Cuceu,1380.34,9,2025-08-18
WTA,Lourdes Gonzalez Garcia,1380.3,9,2024-08-26
WTA,Anna Kashyrina,1380.24,9,2023-05-01
WTA,Hannah Mikha,1379.11,9,2024-05-06
ATP,Claude Ishimwe,1378.21,9,2026-03-09
ATP,Arjun Mahadevan,1377.6,9,2023-05-29
WTA,Salma Raslan,1375.58,9,2021-07-26
WTA,Viola Santapaola,1373.74,9,2024-11-11
ATP,Antonio Matteo Iaquinto,1370.27,9,2024-11-25
WTA,Jowana Kolowrotkiewicz,1365.61,9,2024-08-19
WTA,Yasmina El Sayed,1365.27,9,2023-04-10
WTA,Nutsa Tsintsadze,1365.16,9,2023-03-20
WTA,Marta Kurmaz,1358.37,9,2024-04-29
WTA,Karolina Pliskova,1628.01,8,2025-09-29
ATP,Javier Marti,1620.62,8,2023-04-10
WTA,Anastasiya Komar,1572.75,8,2021-08-23
WTA,Brandelyn Fulgenzi,1560.58,8,2025-11-17
WTA,Maria Juliana Parra Romero,1558.36,8,2021-03-15
ATP,Sam Querrey,1557.21,8,2022-05-30
WTA,Kai Chen Chang,1553.92,8,2020-02-03
WTA,Xinle Geng,1552.36,8,2025-10-20
WTA,Emery Combs,1550.84,8,2026-04-20
WTA,Elena Bogdan,1539.48,8,2021-09-13
ATP,Daniel Phillips,1535.81,8,2026-06-01
WTA,Yixuan Li,1530.98,8,2020-01-27
WTA,Alexandra Pisareva,1528.85,8,2022-06-27
WTA,Sophia Graver,1526.02,8,2022-07-11
WTA,Lara Panfilov,1521.4,8,2020-03-09
WTA,Maria Eduarda Carbone Dos Santos,1519.46,8,2026-06-01
WTA,Alessia Cau,1517.43,8,2024-05-27
WTA,Yu Ning Tsai,1516.75,8,2026-04-06
ATP,Tristan Berard,1516.75,8,2026-05-25
WTA,Madison Hill,1516.35,8,2024-10-21
ATP,Aleksa Mardjonovic,1515.49,8,2024-07-22
WTA,Aoi Ide,1514.23,8,2025-05-12
WTA,Vanesa Suarez,1513.21,8,2022-09-26
ATP,Ivan Sergeyev,1512.78,8,2023-01-23
WTA,Anna Maria Fedotova,1512.73,8,2025-05-26
WTA,Laura Galdano,1507.98,8,2024-03-11
ATP,Cesar Cruz,1507.7,8,2026-04-27
WTA,Daria Smetannikov,1505.93,8,2025-06-16
WTA,Sri Vaishnavi Peddi Reddy,1505.84,8,2020-02-03
WTA,Eva Martinez Regalado,1505.01,8,2021-02-08
WTA,Parthasarthi Arun Munde,1504.78,8,2026-02-02
WTA,Sofia Kryvoruchko,1504.43,8,2025-09-15
WTA,Karolayne Alexandre Da Rosa,1504.19,8,2020-03-09
WTA,Sabrina Kalandarov,1503.79,8,2021-10-18
WTA,Paige Cline,1502.46,8,2020-01-13
WTA,Michele Adamczewska,1501.33,8,2024-03-11
ATP,Rihards Neimanis,1501.21,8,2026-02-23
ATP,Rhys Lawlor,1501.16,8,2026-05-04
WTA,Anna Kislyak,1500.63,8,2024-08-26
WTA,Avery Nguyen,1500.33,8,2026-05-25
ATP,Yu Zhang,1500.16,8,2024-07-08
ATP,Alfred Almasi,1499.72,8,2025-06-09
ATP,Oscar Brown,1499.7,8,2026-04-27
WTA,Koronayashe Rugara,1498.96,8,2025-06-30
ATP,Teodor Davidov,1496.16,8,2026-04-06
WTA,Ana Paula Naranjo Martinez Kobashi,1495.64,8,2022-07-11
WTA,Gresi Bajri,1495.31,8,2024-12-02
WTA,Eva Korysheva,1495.13,8,2026-05-18
WTA,Cyan Sun,1494.47,8,2020-02-10
WTA,Charlotte Owensby,1494.42,8,2022-05-16
WTA,Rianna Alame,1493.66,8,2026-03-16
WTA,Arina Gamretkaia,1493.16,8,2024-06-10
WTA,Kaila Barksdale,1491.74,8,2025-06-09
WTA,Megan Davies,1490.84,8,2025-10-13
WTA,Lucia Pinkova,1490.78,8,2022-03-21
WTA,Ines Bekrar,1490.77,8,2022-05-23
ATP,Isac Stroemberg,1490.25,8,2025-08-18
WTA,Elisa Bourdeilletas,1490.04,8,2024-06-10
WTA,Liangling Yan,1490.01,8,2024-08-12
ATP,Olexiy Kolisnyk,1489.98,8,2021-06-28
WTA,Maddison Ricardo,1489.68,8,2023-07-31
ATP,Clement Lemire,1489.06,8,2026-06-01
WTA,Caterina Assi,1487.91,8,2024-07-29
ATP,Kevin Humpfner,1487.17,8,2024-02-05
WTA,Hla Saber,1486.3,8,2022-01-17
WTA,Mariam Gabr,1486.24,8,2022-05-02
WTA,Zuzana Odlevakova,1485.46,8,2024-03-25
ATP,Imran Daniel Abdul Hazli,1484.8,8,2026-06-01
WTA,Elena Milutinovic,1481.9,8,2026-06-01
WTA,Jasmine Adams,1479.97,8,2026-03-16
WTA,Renata Voracova,1479.94,8,2024-06-10
WTA,Barbare Eristavi,1479.72,8,2022-06-06
WTA,Yu Chin Tsai,1479.63,8,2024-06-17
WTA,Hina Nishi,1479.05,8,2024-11-04
ATP,Ilias Zimmermann,1478.92,8,2026-05-18
ATP,Piotr Galus,1478.53,8,2026-06-01
ATP,Sebastian Sec,1478.46,8,2022-03-07
WTA,Katarzyna Wysoczanska,1478.19,8,2025-09-08
ATP,Nathan Cox,1477.96,8,2026-06-01
ATP,Petru Alexandru Luncanu,1477.51,8,2021-12-27
WTA,Daniela Carrillo,1477.04,8,2022-03-14
ATP,Justas Trainauskas,1476.77,8,2026-05-18
WTA,Milena Gevorgyan,1475.81,8,2022-05-30
ATP,Roberto Miceli,1475.54,8,2022-07-11
WTA,Diana Sofia Lizarazo,1475.33,8,2024-05-06
WTA,Catherine Gagnon,1475.26,8,2025-11-03
WTA,Tereza Polakova,1474.95,8,2024-11-04
WTA,Athanasia Papadimitriou,1472.68,8,2022-04-11
WTA,Luisa Stefani,1472.44,8,2023-02-06
ATP,Justin Lenders,1472.37,8,2026-03-02
WTA,Rio Maeda,1472.01,8,2024-06-10
WTA,Yuka Naito,1471.17,8,2026-01-12
ATP,Espen Lagarde,1470.5,8,2026-05-18
WTA,Zoya Chulak,1470.44,8,2024-10-21
WTA,Jana Elgebily,1469.57,8,2021-08-30
WTA,Sveva Pieroni,1469.54,8,2026-04-06
ATP,Raul Garcia,1469.24,8,2025-06-16
ATP,Minhtuan Pham,1468.68,8,2022-10-03
ATP,Henrique Ortenblad Nogueira,1467.67,8,2026-05-04
ATP,Jacob Bullard,1466.78,8,2024-01-15
WTA,Angeles Moreno Barranquero,1466.66,8,2020-03-02
WTA,Barbora Dopplerova,1464.99,8,2023-09-04
WTA,Nataly Miroslavova Ninova,1464.42,8,2022-03-21
WTA,Zi Yi Gao,1464.21,8,2022-08-29
WTA,Melody Hefti,1463.95,8,2021-02-01
ATP,Leevi Saatela,1463.91,8,2023-11-06
ATP,Milan Markovits,1463.8,8,2024-06-24
ATP,Szymon Walkow,1463.72,8,2023-01-23
ATP,Lenny Couturier,1463.59,8,2026-05-18
WTA,Shuman Wu,1463.26,8,2021-10-25
WTA,Jennifer Jackson,1462.41,8,2025-02-24
ATP,Veljko Krstic,1462.05,8,2025-06-09
WTA,Martina Markov,1460.81,8,2023-06-26
WTA,Constandena Nicolaou,1460.29,8,2024-04-22
ATP,Ramiro Amarilla,1459.79,8,2025-11-24
ATP,Felipe Pagnacco,1459.67,8,2024-04-15
WTA,Melinda Biro,1459.42,8,2026-05-25
ATP,Eric David Verdes,1457.4,8,2024-01-15
WTA,Ana Maria Hosu,1456.94,8,2024-08-19
WTA,Alisa Kuzmina,1456.88,8,2025-10-27
ATP,Eyal Shumilov,1456.86,8,2024-08-26
WTA,Yaren Ozen,1455.44,8,2026-05-18
WTA,Knooz Fouad,1455.32,8,2022-09-05
ATP,Martin Zeljenka,1454.01,8,2023-03-13
ATP,Jakob Aichhorn,1453.97,8,2021-07-05
ATP,Hao Sheng Koay,1453.37,8,2025-11-17
ATP,Piotr Kusiewicz,1452.84,8,2024-01-08
WTA,Anna Barbara Janovic,1452.74,8,2024-03-18
ATP,Wenfu Li,1452.64,8,2024-09-09
ATP,Michael Minasyan,1451.6,8,2025-08-11
ATP,Juan Carlos Fuentes Vasquez,1449.62,8,2026-05-25
WTA,Sachely Carrera,1449.46,8,2023-02-20
WTA,Alina Sogomonyan,1449.46,8,2026-05-04
WTA,Shanice Roignot,1449.28,8,2024-08-05
ATP,Dusan Rajic,1449.0,8,2021-12-27
WTA,Mia Hasegawa,1448.63,8,2026-03-16
ATP,Peter Bothwell,1448.63,8,2020-02-10
WTA,Karina Ioana Filipescu,1447.97,8,2024-07-29
WTA,Julia Yurkova,1447.91,8,2024-08-05
WTA,Zineb El Mouttaki,1447.03,8,2026-06-01
ATP,Tadija Radovanovic,1446.45,8,2026-05-11
ATP,Jose Olivares,1446.41,8,2022-06-13
WTA,Renata Bucco Paolasso,1446.28,8,2022-08-15
ATP,Tommy Czaplinski,1446.27,8,2024-07-22
ATP,Joao Pedro Sorgi,1446.23,8,2020-11-23
WTA,Virginia Crocker,1446.19,8,2026-05-25
WTA,Brenda Yoris,1446.15,8,2023-06-12
WTA,Haoyan Wu,1445.63,8,2024-08-12
WTA,Nita Skhiladze,1445.3,8,2026-05-04
WTA,Margarita Betova,1445.16,8,2023-06-26
ATP,Nav Dayal,1444.83,8,2025-11-24
WTA,Sara Kastakova,1444.19,8,2026-06-01
WTA,Kaniska Shree She Mallela Sreenath,1443.38,8,2022-09-26
ATP,Tiago Pires,1442.91,8,2026-05-25
ATP,Yue Xia,1442.77,8,2026-06-01
ATP,Marco Dessi,1442.01,8,2024-11-04
ATP,Henrique Costanzi De Brito,1441.48,8,2025-07-21
WTA,Sarah Copley,1441.17,8,2023-07-17
WTA,Nadezhda Shamenkova,1440.34,8,2024-09-30
ATP,Alexandru Toubi Hebhang Balan,1439.42,8,2026-06-01
WTA,Sophia Intert,1439.22,8,2021-02-15
WTA,Clemence Thouard,1438.98,8,2022-10-03
ATP,Sergio Martos Gornes,1438.94,8,2026-03-30
WTA,Patricia Hlinkova,1438.88,8,2022-03-28
ATP,Andrei Corneliu Gadoiu,1437.36,8,2026-06-01
WTA,Anna Paradisi,1437.02,8,2022-01-17
WTA,Zeynep Polat,1436.89,8,2026-02-02
WTA,Ella Nurkic,1436.17,8,2024-09-16
ATP,Milosz Sroka,1435.87,8,2025-06-16
ATP,N Vijay Sundar Prashanth,1435.75,8,2025-08-11
ATP,Jack Cheng,1435.75,8,2026-03-09
WTA,Anja Bebic,1435.32,8,2024-10-21
ATP,Zelimir Rudan,1435.22,8,2024-09-23
WTA,Jana Elagamy,1434.68,8,2022-08-29
WTA,Mehar Kohli,1434.23,8,2023-09-11
WTA,Yana Mykytyn,1433.77,8,2024-06-24
WTA,Sofia Montesinos,1433.75,8,2026-05-11
WTA,Katie Kirby,1433.66,8,2023-11-27
ATP,Ondrej Krstev,1433.54,8,2022-07-11
ATP,Rakhimbek Ibrakhimov,1433.32,8,2025-05-26
ATP,Jaden Dewandaka Tan,1433.28,8,2026-04-20
ATP,Sergio Badini,1433.17,8,2023-07-17
WTA,Anastasia Pettersson,1432.97,8,2024-04-29
ATP,Matija Zugic,1431.22,8,2023-05-15
WTA,Sayaki Mcculloch,1430.88,8,2023-02-27
WTA,Nicole Melichar,1430.75,8,2025-09-08
WTA,Marine Boutros,1429.86,8,2022-09-12
ATP,Antoine Monaco,1428.98,8,2023-07-17
WTA,Deniz Turan,1428.39,8,2024-02-26
WTA,Chevika Reddy Sama,1427.94,8,2026-05-04
WTA,Harshini Viswanadh,1425.08,8,2024-02-26
ATP,Victor Tosetto,1425.07,8,2021-12-06
ATP,Christopher Patzanovsky,1424.47,8,2025-08-18
ATP,Francisco Castro,1423.97,8,2025-11-17
WTA,Sofia Del Balzo Ruiti,1423.67,8,2024-10-21
ATP,William Manning,1423.14,8,2026-06-01
ATP,Rein Koenders,1422.47,8,2025-08-25
ATP,Daniil Piatrouski,1421.98,8,2026-03-02
ATP,Franco Marini,1421.53,8,2025-11-17
WTA,Silvana Figueroa Teusa,1421.4,8,2022-02-28
ATP,William Bushamuka,1421.18,8,2026-04-27
WTA,Andanin Vilas,1419.74,8,2024-03-18
ATP,Jasper Lai,1419.5,8,2025-03-10
WTA,Sophie Stanton,1419.35,8,2024-11-25
ATP,Sagadat Ayap,1419.21,8,2021-02-22
WTA,Ioana Negoitescu,1418.72,8,2023-09-04
ATP,Tino Kovacic,1418.56,8,2024-08-26
ATP,Nicholas Campbell,1418.51,8,2025-08-25
WTA,Greta Maric,1418.42,8,2024-07-15
WTA,Laura Visintini,1417.98,8,2024-03-11
WTA,Autumn Clemons,1417.07,8,2024-10-14
WTA,Sophia Cisse Ignatiev,1417.04,8,2024-02-05
ATP,Felipe Hernandez,1417.0,8,2022-01-17
ATP,Thomas George Brun,1416.46,8,2026-05-11
WTA,Samira Maria Rusei,1416.33,8,2024-11-11
ATP,Marcel Politowicz,1416.14,8,2021-07-26
ATP,Ioannis Stamoulos,1415.87,8,2022-05-16
WTA,Livia Keller,1415.61,8,2025-05-26
ATP,Freddy Blaydes,1415.59,8,2025-06-02
ATP,Danil Ozernoy,1415.29,8,2021-07-19
WTA,Eva Maria Ciolan,1415.26,8,2024-03-04
ATP,Patrick Jozwicki,1414.73,8,2026-06-01
ATP,Cyril Pillonel,1414.49,8,2026-01-26
WTA,Ivonne Juric,1414.44,8,2021-10-11
ATP,Hugo Ruiz Rodriguez,1414.44,8,2026-04-27
WTA,Aneta Kulhankova,1414.05,8,2023-09-04
ATP,Yanjie Zheng,1413.58,8,2024-10-21
ATP,Giulio Colacioppo,1413.32,8,2022-05-23
ATP,Tommaso Schold,1411.68,8,2024-09-02
WTA,Melis Sakiroglu,1411.64,8,2024-05-13
ATP,Astro Pilipovic,1411.49,8,2026-05-18
WTA,Maya Battle,1411.48,8,2022-01-17
WTA,Angeles Rodriguez Rizo,1411.08,8,2025-10-27
WTA,Isabella Basson,1410.94,8,2025-07-14
WTA,Chang Ao,1410.48,8,2024-07-22
WTA,Sara Aversa,1409.8,8,2022-05-09
WTA,Daniela Ben Hamo,1408.99,8,2022-06-20
ATP,Shendrit Deari,1408.75,8,2024-05-20
ATP,Afonso Portugal,1408.54,8,2024-08-12
WTA,Forta Morina,1407.13,8,2025-07-14
WTA,Ritu Ohlyan,1405.87,8,2023-02-20
WTA,Anna Barlini Pischedda,1405.83,8,2024-10-21
WTA,Carolina Isabel Chiatti Reynoso,1405.54,8,2024-06-10
ATP,Nikita Sidorov,1405.44,8,2022-07-18
ATP,Amir Hossein Badi,1405.27,8,2024-09-16
ATP,Maksym Khlyvniuk,1405.18,8,2026-04-13
ATP,Mashari Nawaf,1405.12,8,2024-01-08
WTA,Milagros Cristobal,1405.04,8,2026-03-23
WTA,Kamola Amanova,1404.82,8,2024-11-18
WTA,Minel Naz Kaynak,1403.73,8,2026-05-04
WTA,Emma Pedretti,1402.57,8,2022-08-29
WTA,Claudia Soro,1402.4,8,2024-08-12
WTA,Maryia Prudnikava,1400.74,8,2025-09-22
WTA,Giulia Caramelli,1399.74,8,2024-06-24
ATP,Kaipo Marshall,1399.6,8,2025-09-22
WTA,Setareh Rasouli,1399.04,8,2022-04-04
WTA,Mariam Makashvili,1398.87,8,2024-03-04
WTA,Yontha Tadoum,1398.58,8,2023-04-03
WTA,Krista Savicka,1398.19,8,2024-05-13
WTA,Pimlaphat Lim,1397.87,8,2026-05-04
ATP,Ian Vertberger,1397.73,8,2025-11-24
WTA,Darija Ilic,1397.45,8,2024-08-05
ATP,Etienne Niyigena,1397.01,8,2026-03-09
ATP,Michael Shabaz,1395.9,8,2022-09-26
ATP,Min Seong Kim,1395.82,8,2026-04-20
WTA,Anastasiia Kochelaevskaia,1394.33,8,2024-05-13
ATP,Maxwell Benson,1393.93,8,2025-10-20
WTA,Madalena Amil,1391.24,8,2022-06-27
WTA,Juliana Figueroa Teusa,1388.95,8,2024-04-08
ATP,Ivan Zaytsev,1388.52,8,2025-11-17
WTA,Jovana Gvozdenovic,1387.65,8,2021-09-06
ATP,Tushar Madan,1387.63,8,2023-09-11
WTA,Cydnee Wilkinson,1387.58,8,2023-06-12
WTA,Yican Li,1386.87,8,2023-06-12
WTA,Aleyna Ozer,1386.51,8,2022-05-23
WTA,Maia Visan,1384.75,8,2024-08-19
WTA,Alexandra Silva,1384.73,8,2021-07-05
WTA,Pilar Astigarraga Harper,1384.36,8,2023-07-24
WTA,Simona Niemc,1384.21,8,2024-05-06
WTA,Asel Calbay,1383.05,8,2024-05-13
ATP,Chinmaya Dev Chauhan,1382.58,8,2025-12-29
ATP,Gillian Osmont,1382.07,8,2024-12-30
ATP,Ali Alshati,1381.97,8,2026-02-02
WTA,Georgiana Prodan,1381.2,8,2022-12-12
WTA,Irmak Kas,1377.97,8,2022-11-21
WTA,Hritika Sharma,1366.6,8,2023-03-27
WTA,Naomi Osaka,1655.16,7,2025-04-28
WTA,Maria Sakkari,1621.46,7,2025-10-20
WTA,Elina Svitolina,1569.87,7,2023-04-10
ATP,Aljaz Bedene,1569.21,7,2021-05-10
WTA,Karolina Muchova,1566.4,7,2023-03-20
WTA,Paola Pinera Celorio,1555.86,7,2026-02-09
WTA,Alexandra Cheishvili,1550.24,7,2024-10-14
WTA,Susanne Celik,1550.03,7,2020-03-09
WTA,Stella Wiesemann,1546.38,7,2022-08-08
ATP,Yannik Alvarez,1544.37,7,2026-04-13
WTA,Galateia Mesochoritou,1541.67,7,2022-05-23
ATP,Soichiro Moritani,1540.71,7,2020-03-09
ATP,Leo Raquin,1540.47,7,2024-11-04
WTA,Katarina Pavlechova,1536.87,7,2024-03-25
WTA,Crissdaihanna Echavarria Laverde,1535.36,7,2021-09-13
WTA,Kim Chiarello,1533.24,7,2025-10-13
WTA,Carolina Dibenedetto,1531.33,7,2026-06-01
ATP,Pak Long Yeung,1531.24,7,2020-02-24
ATP,Alberto Colas Sanchez,1529.75,7,2024-09-30
ATP,Ljubomir Celebic,1526.6,7,2020-03-02
WTA,Mai Elkamash,1525.68,7,2021-01-18
WTA,Kaya Moe,1524.86,7,2026-05-25
ATP,Jeremy Chardy,1521.0,7,2023-06-19
WTA,Andrea Dikosavljevic,1518.96,7,2020-02-10
WTA,Milica Popovski,1518.12,7,2024-07-29
WTA,Seojin Oh,1517.6,7,2022-09-05
ATP,Matej Sabanov,1517.31,7,2022-05-02
WTA,Kristyna Paul,1516.64,7,2025-11-17
WTA,Sofia Shing,1515.27,7,2023-12-18
WTA,Maja Makoric,1514.48,7,2022-05-23
WTA,Julaluck Sae Eung,1514.28,7,2023-06-12
WTA,Bianca Goncalves Lampert,1510.83,7,2023-05-15
WTA,Emma Sun,1510.83,7,2022-07-11
ATP,Chih Chi Huang,1508.99,7,2022-08-15
WTA,Maia Sung,1506.95,7,2025-12-01
WTA,Ana Ioana Varsa,1505.68,7,2026-06-01
WTA,Malak Arafat,1505.57,7,2021-08-02
WTA,Alla Betina,1504.74,7,2022-04-25
WTA,Ruxandra Schech,1504.41,7,2023-11-06
WTA,Maryia Kolas,1504.15,7,2025-09-01
WTA,Imani Graham,1503.94,7,2024-11-18
ATP,Antonin Witz,1503.3,7,2026-05-18
ATP,Daniel Aleksandar Amarandei,1501.96,7,2026-04-06
ATP,Jacob Bickersteth,1500.88,7,2023-06-19
ATP,Vid Mohar,1500.8,7,2026-06-01
WTA,Anastasia Goncharova,1500.0,7,2024-04-01
WTA,Anna Mihalka,1499.63,7,2026-05-25
WTA,Hinata Chiba,1499.32,7,2026-04-06
WTA,Andrijana Stoilkovic,1498.99,7,2021-06-14
WTA,Emma Dong,1498.2,7,2024-10-28
ATP,Gabriele Thomas Brancatelli,1497.56,7,2026-05-18
WTA,Yael Saffar,1495.43,7,2026-05-25
WTA,Maja Miscevic,1495.15,7,2023-09-04
WTA,Catherine Rennard,1494.98,7,2026-04-20
ATP,Drew Baird,1494.71,7,2021-10-04
WTA,Ui Su Jeong,1493.74,7,2026-04-27
WTA,Aoife Kuo,1492.35,7,2025-12-08
WTA,Maryia Nikitsenka,1492.23,7,2026-01-05
ATP,David Fox,1492.04,7,2021-06-07
WTA,Noelleda Ah San,1491.57,7,2020-03-02
WTA,Miyu Kageyama,1490.42,7,2024-05-27
WTA,Runa Saito,1489.89,7,2024-03-18
WTA,Marta Pico Navarro,1489.74,7,2024-11-11
WTA,Meri Sandenbergh,1489.38,7,2026-05-11
ATP,Dominick Mosejczuk,1489.14,7,2025-09-08
WTA,Nika Shytkouskaya,1489.06,7,2020-02-24
WTA,Emma Cohen,1488.71,7,2022-08-08
ATP,Ricardo Villacorta,1488.68,7,2023-07-17
WTA,Lara Quaglia,1488.25,7,2024-09-16
WTA,Ksenia Krupenina,1488.1,7,2026-06-01
WTA,Grace Thomas,1487.71,7,2023-07-31
WTA,Natalie Mala,1487.7,7,2024-09-02
WTA,May Fadida,1487.24,7,2024-11-11
WTA,Sonya Kovalenko,1486.94,7,2022-02-07
WTA,Armira Kockinis,1486.8,7,2026-05-25
ATP,Noah Gabriel,1486.67,7,2023-06-12
WTA,Joell Nichole,1486.4,7,2024-10-14
ATP,Joshua Ortlip,1486.31,7,2021-06-07
WTA,Emma Ascanio Tarife,1485.91,7,2024-11-11
WTA,Hena Cehajic,1485.9,7,2025-11-10
WTA,Darina Precechtelova,1485.6,7,2022-04-18
ATP,Patorn Hanchaikul,1485.4,7,2024-09-30
WTA,Hao Ching Chan,1485.26,7,2025-06-09
WTA,Morane Meyers,1485.02,7,2023-04-10
WTA,Giorgia Patti,1483.94,7,2023-10-30
WTA,Sara Yigin,1483.94,7,2022-07-11
ATP,James Weber,1483.11,7,2026-05-18
WTA,Scarlett Fagan,1483.02,7,2026-06-01
WTA,Natalie Moskova,1482.1,7,2025-10-27
WTA,Isadora Fares,1482.05,7,2022-11-28
ATP,David Bakonyi,1482.02,7,2026-06-01
ATP,Alejandro Moreno,1481.98,7,2025-11-03
WTA,Libuse Havlova,1481.9,7,2024-08-05
ATP,Anthony Wright,1481.89,7,2025-08-11
WTA,Manuela Gomez Gomez,1481.83,7,2022-10-24
ATP,Nikola Djukic Valera,1481.42,7,2026-02-09
ATP,Matvey Khomentovskiy,1481.08,7,2020-01-20
WTA,Elizaveta Demina,1480.94,7,2021-11-22
ATP,Tanapatt Nirundorn,1480.94,7,2022-06-13
WTA,Greta Arn,1480.9,7,2020-09-28
WTA,Seo Yeon Park,1480.33,7,2023-09-04
WTA,Nudnida Luangnam,1480.21,7,2020-02-10
WTA,Ilayda Baykan,1480.1,7,2021-05-24
WTA,Rana Sherif Ahmed,1480.04,7,2022-05-16
WTA,Ramya Natarajan,1479.89,7,2021-12-20
WTA,Gabriella Mikaul,1479.48,7,2025-08-11
WTA,Sofia Fernandez Figueras,1478.8,7,2026-05-04
WTA,Sarah Ye,1478.27,7,2026-04-27
WTA,Sakura Sudo,1477.93,7,2023-04-24
WTA,Marleen Tilgner,1477.83,7,2024-03-11
WTA,Lea Ribourdouille,1476.94,7,2023-03-06
ATP,Filip Kolasinski,1476.15,7,2022-08-22
WTA,Diyora Alzhanova,1476.07,7,2021-04-12
WTA,Salma Ziouti,1475.79,7,2022-08-01
WTA,Karina Rizvanova,1475.76,7,2021-08-23
ATP,Patrik Jurina,1475.28,7,2023-03-20
WTA,Sharannya Gaware,1474.85,7,2022-02-14
WTA,Diana Smelansky,1474.14,7,2021-10-18
WTA,Andrea Renee Villarreal,1473.35,7,2021-03-01
WTA,Diana Badalyan,1472.59,7,2024-12-16
ATP,Felipe Derdoy,1471.6,7,2023-07-31
ATP,Eli Stephenson,1471.52,7,2025-07-28
ATP,Ottaviano Martini,1470.0,7,2023-01-23
ATP,Hans Christian Bustiman Gonzalez,1469.91,7,2023-06-26
WTA,Karoline Laursen,1469.34,7,2022-09-19
ATP,Sebastian Dominguez,1469.32,7,2026-02-23
WTA,Garbiela Agra Amorim,1469.25,7,2026-04-13
ATP,Roy Horovitz,1468.73,7,2024-04-15
ATP,Stefano Papagno,1468.44,7,2026-05-18
WTA,Madalena Matias,1468.42,7,2026-02-16
ATP,Marvin Spiering,1467.89,7,2026-05-11
ATP,Jakub Novak,1467.45,7,2024-07-01
WTA,Leann Serna,1467.35,7,2022-03-07
ATP,David Volfson,1465.87,7,2020-02-17
WTA,Sarah Lee,1465.39,7,2020-01-13
WTA,Klara Milicevic,1465.32,7,2022-05-09
ATP,Michael Francis Eala,1464.21,7,2022-06-13
WTA,Tori Russell,1463.79,7,2026-01-12
WTA,Maddy Zampardo,1463.76,7,2025-11-17
ATP,Nick Lagaev,1463.73,7,2024-07-15
WTA,Charlotte Ruud,1463.6,7,2024-02-26
ATP,Evan Sharygin,1462.97,7,2024-09-16
WTA,Ling Zhang,1462.8,7,2020-02-24
ATP,Ivan Davydov,1462.75,7,2021-04-05
ATP,Adrian Obert,1462.22,7,2021-07-05
WTA,Michelle Kelly Tikhonko,1462.21,7,2026-05-18
ATP,Joao Silva,1461.85,7,2026-05-11
ATP,Joao Giannella,1461.38,7,2021-12-13
ATP,Emiliano Aguilera Guerrero,1461.33,7,2024-03-18
WTA,Maria Ustic,1461.32,7,2026-01-19
WTA,Jieon Oh,1461.02,7,2024-05-27
WTA,Dolavee Tumthong,1460.91,7,2022-09-26
ATP,Alessandro Petrone,1460.42,7,2020-02-17
ATP,Shunsuke Wakita,1460.26,7,2023-09-04
WTA,Sebin Eom,1460.21,7,2024-11-11
WTA,Ana Sofia Ciobanu,1459.85,7,2024-08-05
ATP,Sandesh Dattatray Kurale,1459.85,7,2025-11-17
WTA,Sophia Fuller,1459.56,7,2024-07-29
ATP,Przemyslaw Michocki,1459.44,7,2025-08-25
WTA,Sara Baras Matei,1458.89,7,2023-01-23
WTA,Ksenija Rage,1458.38,7,2025-07-21
WTA,Sage Loudon,1458.35,7,2024-06-10
ATP,Victor Barrere,1458.06,7,2026-02-23
WTA,Minori Natsuka,1458.05,7,2024-09-16
WTA,Mengke Li,1457.98,7,2024-08-12
ATP,Kentaro Otsuka,1457.88,7,2024-11-04
WTA,Daria Koreshkova,1457.73,7,2026-05-25
ATP,Kenzo Koistila Larsson,1457.72,7,2025-09-22
WTA,Tiara Naura Nur Azizah,1457.1,7,2023-02-20
WTA,Carolina Gasparini,1457.08,7,2025-12-22
WTA,Anna Dvorackova,1456.85,7,2026-04-06
WTA,Belinda Woolcock,1456.83,7,2021-02-22
WTA,Rebecca Jones,1456.66,7,2020-02-24
ATP,Philipp Pavlenko,1456.64,7,2023-01-23
WTA,Valeryia Vasilyeva,1456.11,7,2021-08-23
WTA,Ares Teixido Garcia,1455.33,7,2026-05-25
WTA,Amelia Tarasova,1454.4,7,2021-11-15
WTA,Rubina Marta De Ponti,1453.92,7,2022-06-20
ATP,Aydan Gomez Osorio,1453.92,7,2024-08-19
WTA,Keisha R Clousing,1453.9,7,2020-03-02
ATP,Davud Amirov,1453.83,7,2024-06-03
WTA,Tali Malykhin,1453.56,7,2022-05-23
ATP,Sergey Bolotov,1453.38,7,2022-01-17
WTA,Ekaterina Nekhaeva,1453.35,7,2023-05-29
WTA,Lisa Peer,1453.1,7,2025-11-10
WTA,Avery Alexander,1452.55,7,2026-03-09
ATP,Vlad Stoica,1452.51,7,2022-07-11
ATP,Francesco Liucci,1452.36,7,2023-10-16
ATP,Cyrus Mahjoob,1452.02,7,2025-07-14
ATP,Caio Gruber,1451.87,7,2021-12-13
WTA,Isabell Esther Bilaus,1451.68,7,2024-07-29
WTA,Sydney Nicole Clarke,1451.66,7,2025-12-01
ATP,Yujiro Onuma,1451.58,7,2025-09-22
WTA,Luciana Paez,1451.5,7,2024-06-03
ATP,Federico Garbero,1451.38,7,2025-06-09
ATP,Joseph Phillips,1451.09,7,2024-05-20
ATP,Matei Varbanciu,1450.84,7,2025-09-16
WTA,Anastasia Sereda,1450.76,7,2023-05-15
WTA,Saara Aerila,1450.69,7,2024-04-22
WTA,Marina Markina,1450.52,7,2025-07-21
ATP,Anders Matta,1450.5,7,2026-03-09
WTA,Alba Retortillo Soiras,1450.22,7,2021-06-07
WTA,Verena Hofer,1449.02,7,2022-11-28
ATP,Jared Thompkins,1449.01,7,2024-01-22
ATP,Daniel Marincas,1448.89,7,2024-11-18
WTA,Thamna Jazmin Diaz Alvarenga,1448.85,7,2024-11-04
WTA,Maria Nikitina,1448.39,7,2020-01-13
WTA,Luana Paiva,1448.14,7,2024-12-09
ATP,Alexander Visser,1446.63,7,2025-06-30
WTA,Lorenca Kajtazi,1446.05,7,2024-10-21
WTA,Alba Maria Coromina Boluda,1445.85,7,2026-05-25
ATP,Ludvig Hede,1445.75,7,2026-04-06
ATP,Terence Das,1445.33,7,2023-10-23
ATP,Pavlos Christoforakis,1445.28,7,2026-04-27
ATP,Franco Ariel Vazquez,1444.92,7,2026-05-04
ATP,Leonel Cesar Castro,1444.81,7,2026-05-11
ATP,Jake Bhangdia,1444.51,7,2023-10-02
ATP,Constantin Frantzen,1444.43,7,2026-04-28
WTA,Yuxin Zhang,1444.21,7,2024-07-15
WTA,Xiran Lan,1444.19,7,2026-05-18
ATP,Karl Kiur Saar,1444.19,7,2023-03-20
WTA,Lydia Brennan,1442.86,7,2025-05-19
ATP,Dominique Graf,1442.15,7,2025-05-19
ATP,Maxi Carrascosa Diaz,1441.56,7,2026-02-23
ATP,Mario Arce Fernandez,1441.4,7,2026-04-13
ATP,Min Kyu Song,1441.3,7,2022-07-18
ATP,Thomas Enrique Menzel Piccioli,1441.2,7,2026-01-27
WTA,Susana Marino Hidalgo,1441.02,7,2022-10-31
WTA,Kenza El Akili,1440.87,7,2025-07-14
ATP,Rafael Ymer,1440.49,7,2024-07-22
ATP,Constant De La Bassetiere,1440.17,7,2021-03-01
ATP,Vicente Freda,1440.13,7,2026-03-30
WTA,Noemie Oliveras,1439.75,7,2024-01-29
WTA,Ida Axelsson,1439.6,7,2023-05-01
WTA,Seven Oral,1439.03,7,2024-10-28
WTA,Patrycja Niewiadomska,1438.53,7,2024-07-15
ATP,Jeremy Taylor,1438.18,7,2024-01-22
WTA,Kashmira Manohar,1437.61,7,2022-06-27
ATP,Marco Berti,1437.5,7,2023-08-07
WTA,Victoria Tamarit,1437.27,7,2023-11-06
ATP,Asaf Friedler,1436.59,7,2022-10-24
WTA,Alexia Gonzalez Galino,1436.09,7,2024-06-17
WTA,Maahi Shah,1435.97,7,2026-05-11
ATP,Giorgi Giorgadze,1435.83,7,2024-05-20
ATP,Alejo Vilaro,1435.14,7,2022-02-28
WTA,Ioana Maria Alexandrescu,1435.04,7,2024-08-05
ATP,Richard Biagiotti,1434.98,7,2022-03-07
WTA,Suyeon Lee,1434.9,7,2024-05-20
WTA,Julie Adele Bedard,1434.85,7,2024-05-27
ATP,Otso Martikainen,1434.81,7,2025-11-03
WTA,Madison Harrison,1433.97,7,2023-09-11
WTA,Andreea Elena Iordachi,1433.89,7,2024-07-29
ATP,Jose Freitas,1433.87,7,2025-08-25
WTA,Matilde Do Canto Parreira,1433.21,7,2025-07-07
ATP,Viacheslav Ovchinnikov,1433.12,7,2025-08-25
WTA,Adeola Greatorex,1432.76,7,2022-10-24
WTA,Paulina Aleksandrowicz,1432.2,7,2024-10-14
WTA,Epiphany B Turner,1432.07,7,2023-06-12
WTA,Celine Alexia Mosteanu,1431.79,7,2025-01-06
ATP,Hanival Kahsay,1431.04,7,2023-09-25
WTA,Maialen Idiakez,1430.81,7,2022-08-22
WTA,Annick Verhaar,1429.37,7,2022-08-15
WTA,Tara Gilich,1429.31,7,2023-05-01
WTA,Suhani Gaur,1429.03,7,2026-04-20
ATP,Nicolas Hurtado Novoa,1428.91,7,2025-10-06
ATP,Filippo Callerio,1428.87,7,2026-05-25
WTA,Hagar Ramadan,1428.68,7,2021-09-13
WTA,Nikoline Gullacksen,1427.82,7,2022-05-02
WTA,Anna Takahashi,1427.63,7,2023-10-09
WTA,Alessia Piccoliori,1427.49,7,2022-11-28
WTA,Eugenie Christine Ngo Gwodog,1427.23,7,2023-06-19
WTA,Danica Nedeljkovic,1426.78,7,2023-05-01
WTA,Cali Fuller,1426.74,7,2024-10-07
WTA,Matilde Agra,1426.33,7,2023-11-27
WTA,Hana Evans,1425.87,7,2024-05-13
WTA,Eszter Kis Czako,1425.79,7,2026-05-25
ATP,Dusan Rsovac,1425.45,7,2022-10-24
ATP,Lun Obrul,1425.22,7,2025-08-25
WTA,Maria Gabriel,1425.01,7,2022-11-21
WTA,Theodora Xantava,1424.32,7,2024-06-17
WTA,Laura Beresova,1424.25,7,2021-08-09
ATP,Dominic Ducariu,1424.16,7,2024-08-26
WTA,Olga Sorochkina,1423.9,7,2024-04-22
ATP,Mohamad Gomaa,1423.68,7,2023-03-06
WTA,Chen Ezra,1423.59,7,2022-10-31
ATP,Fedor Sosedkin,1423.41,7,2026-05-18
WTA,Patricija Dubinoviciute,1423.05,7,2021-12-13
WTA,Kristine Nanava,1423.01,7,2022-06-06
WTA,Erna Brdarevic,1422.96,7,2022-08-15
WTA,Feidi Abreu,1422.89,7,2024-05-20
ATP,Stefan Simeunovic,1422.82,7,2022-08-22
ATP,Lenny Petit,1422.18,7,2026-05-04
ATP,James Mackinlay,1421.98,7,2025-07-07
WTA,Sofia Del Mar Blasi,1421.87,7,2024-11-18
WTA,Georgia Elizabeth Okropiridze,1421.37,7,2022-11-07
ATP,Christos Glavas,1420.98,7,2025-03-10
WTA,Elena Zhao,1420.34,7,2024-06-17
ATP,Alexander Ushakov,1420.1,7,2026-05-25
ATP,Francis Casey Alcantara,1419.75,7,2023-08-28
WTA,Martina Tognon,1419.58,7,2024-11-04
WTA,Celine Absawi,1419.41,7,2024-09-02
ATP,Hugh Winter,1419.36,7,2024-10-28
WTA,Verona Freigassner,1418.75,7,2024-10-21
ATP,Vojtech Mares,1418.63,7,2025-11-24
ATP,Daniel Baquero,1418.41,7,2024-08-12
WTA,Halle Pringle,1418.35,7,2024-10-28
WTA,Klara Sameliakova,1418.25,7,2022-10-31
WTA,Aimilia Pandou,1418.24,7,2025-11-17
WTA,Cecilia Franzin,1418.21,7,2024-08-26
ATP,Justin Lyons,1417.91,7,2024-04-15
ATP,Matej Galik,1417.28,7,2021-06-07
ATP,Ivan La Cava,1416.83,7,2025-03-24
WTA,Emma Zheng,1416.19,7,2024-03-11
WTA,Karyna Fiadosik,1415.77,7,2025-03-10
ATP,Zijiang Yang,1415.47,7,2025-04-28
ATP,Pablo Riva,1415.06,7,2025-06-23
WTA,Sophie Mcdonald,1414.8,7,2024-12-16
WTA,Amulika Gottiparthy,1414.78,7,2024-09-09
WTA,Kyriaki Mitsou,1413.85,7,2022-05-16
ATP,Johannes Seeman,1413.43,7,2025-09-15
ATP,Jan Werblinski,1413.27,7,2026-05-04
WTA,Maria Milagros Guerrero,1412.79,7,2023-11-20
WTA,Sofia Selle,1412.75,7,2024-12-02
ATP,Issa Alharrasi,1412.45,7,2022-02-14
ATP,Wai Yu Kai,1412.18,7,2023-08-14
WTA,Constanza Pinochet Tapia,1412.14,7,2022-09-19
WTA,Guadalupe Vazquez,1411.59,7,2024-11-04
WTA,Francesca Milani,1411.28,7,2022-07-18
WTA,Asumi Yasuhiro,1411.14,7,2023-10-09
ATP,Tom Pisane,1411.01,7,2023-08-14
ATP,Niklas Rohrer,1410.72,7,2022-07-04
WTA,Viola Hajna Jeck,1410.28,7,2024-05-06
ATP,Raz Haviv,1409.89,7,2023-08-07
WTA,Ada Gergec,1409.72,7,2026-03-09
ATP,Oliver Jevtovic,1409.53,7,2025-09-15
WTA,Nicol Novak,1409.43,7,2024-04-01
WTA,Maria Juana Larreteguy,1409.29,7,2024-07-08
WTA,Silvia Husarova,1408.89,7,2025-11-24
ATP,Mark Ceban,1408.52,7,2026-02-02
ATP,Vitali Shvets,1408.5,7,2025-09-15
WTA,Rocio Rojo Domingo,1408.09,7,2024-06-10
WTA,Julie Tungamirai,1407.94,7,2024-02-26
WTA,Ji Lee,1407.28,7,2024-06-03
WTA,Sara Festa,1407.06,7,2024-09-16
ATP,Chanon Phunsawat,1406.87,7,2024-01-08
WTA,Elizaveta Gnilozubova,1405.88,7,2022-02-28
WTA,Benedetta Sensi,1404.18,7,2022-11-28
ATP,Tomas Tischner,1403.99,7,2026-05-04
ATP,Wiktor Sasko,1402.85,7,2025-11-17
ATP,Dhruv Sunish,1402.79,7,2021-11-15
WTA,Sena Varol,1402.64,7,2022-05-09
WTA,Marta Peric,1401.33,7,2024-05-27
ATP,Andrej Djokic,1400.95,7,2026-05-25
WTA,Mahin Qureshi,1400.9,7,2026-06-01
WTA,Florencia Araya,1400.47,7,2020-03-09
WTA,Maya Alexandrova,1400.38,7,2024-09-09
WTA,Lais Mika Shibata,1400.23,7,2025-11-17
ATP,Preston Connor,1400.2,7,2022-02-28
WTA,Alexandra Nicoleta Cazan,1399.07,7,2024-10-28
WTA,Xiaochuan Nie,1398.49,7,2025-11-17
ATP,Caspar Schuetze,1398.03,7,2023-07-03
ATP,Freek Van Donselaar,1397.84,7,2025-12-01
WTA,Nour Adel,1397.41,7,2022-01-17
ATP,Alexander Wolfschmidt,1397.01,7,2022-01-10
WTA,Melis Doga Ozcan,1396.73,7,2023-03-27
WTA,Nehir Ergun,1396.58,7,2022-05-23
WTA,Victoria Ula Kur,1396.02,7,2024-10-28
WTA,Ka Wai Pang,1391.98,7,2024-09-30
WTA,Xenia Trifoi,1391.82,7,2022-12-05
WTA,Amira Kaztugan,1389.64,7,2026-05-18
WTA,Baharehsadat Mousavi,1389.11,7,2024-10-14
ATP,Joris Hoogland,1387.17,7,2025-09-08
WTA,Ainhoa Meili Fernandez Del Moral Perier,1385.47,7,2024-07-15
WTA,Habiba Allah El Sheikh,1383.32,7,2022-05-16
ATP,Teerapat Khantiweerawat,1383.11,7,2026-05-11
WTA,Martina Troncoso Morales,1383.04,7,2023-12-18
WTA,Gabriela Fernanda Serrano,1381.68,7,2024-10-21
WTA,Simina Maria Ionel,1378.45,7,2024-04-29
WTA,Charlotte Klein,1359.31,7,2024-11-25
WTA,Danielle Collins,1647.73,6,2024-02-12
ATP,Hubert Hurkacz,1602.61,6,2026-04-28
WTA,Sara Dahlstrom,1589.75,6,2026-05-04
WTA,Elise Mertens,1586.37,6,2023-02-13
WTA,Anna Pircher,1581.56,6,2025-09-01
WTA,Carlota Moreno,1574.89,6,2026-04-06
WTA,Laetitia Sarrazin,1573.84,6,2026-06-01
WTA,Sofiia Bielinska,1562.13,6,2026-04-13
WTA,Sara Tomic,1558.62,6,2020-03-02
WTA,Anna Bazderova,1553.91,6,2026-05-25
WTA,Thara Gowda,1546.13,6,2026-06-01
ATP,Cosme Rolland De Ravel,1542.45,6,2025-06-30
WTA,Shahar Biran,1541.02,6,2022-09-26
ATP,Pablo Perez Ramos,1540.92,6,2026-05-25
WTA,Tea Jandric,1535.68,6,2020-03-09
WTA,Vasilisa Taranova,1535.27,6,2026-05-25
ATP,Justin Eleveld,1535.11,6,2020-01-27
ATP,Sven Lah,1534.53,6,2021-11-15
WTA,Jensi Dipakbhai Kanabar,1534.31,6,2026-04-27
ATP,Vincent Reisach,1534.26,6,2026-02-09
WTA,Xenia Lipiec,1533.76,6,2021-05-17
WTA,Lexi Keberle,1532.47,6,2023-06-12
WTA,Nicole Coopersmith,1531.36,6,2022-06-13
WTA,Gloriana Goreti Nahum,1529.85,6,2022-07-11
WTA,Brooke Kwon,1529.37,6,2025-06-23
ATP,Santiago Giraldo,1528.72,6,2020-01-20
WTA,Harper Stone,1528.59,6,2025-10-27
WTA,Nora Niedmers,1528.04,6,2020-03-09
WTA,Sreenidhi Balaji,1527.29,6,2024-10-14
WTA,Anita Tu,1525.67,6,2025-05-12
WTA,Linge Steenkamp,1522.38,6,2024-06-24
WTA,Emmanuelle Salas,1519.87,6,2024-08-26
WTA,Evgeniya Rodina,1514.74,6,2024-01-08
WTA,Ilary Pistola,1512.25,6,2026-05-04
WTA,Aoi Hirata,1510.76,6,2023-10-02
ATP,Henrik Heise Korsgaard,1510.43,6,2023-06-12
ATP,Leny Mitjana,1510.37,6,2022-09-12
WTA,Isabella Wong,1510.18,6,2025-12-01
WTA,Gianna Oboniye,1508.26,6,2024-06-17
WTA,Anastasiya Fedoryshyn,1508.23,6,2023-11-27
WTA,Karolina Berankova,1507.69,6,2020-02-10
WTA,Juana Larranaga,1507.64,6,2021-04-05
WTA,Aiko Yoshitomi,1507.18,6,2020-01-27
ATP,Christoph Gayk,1505.9,6,2026-04-20
ATP,Robert Watzka,1505.4,6,2026-05-18
WTA,Ohunene Comfort Yakubu,1505.14,6,2024-11-25
WTA,Francesca Mostallino,1504.7,6,2024-04-22
WTA,Charlotte Narti,1504.42,6,2026-04-20
WTA,Carla Touly,1504.24,6,2020-02-03
WTA,Jaleesa Leslie,1503.99,6,2020-02-17
WTA,Leah Heimuli,1503.8,6,2024-07-15
ATP,Alexander Lebedev,1503.31,6,2020-01-20
ATP,Junghee You,1503.06,6,2023-11-13
WTA,Ena Babic,1502.56,6,2021-05-24
WTA,Agnese Gentili,1502.21,6,2026-05-18
WTA,Maryna Chernyshova,1500.88,6,2022-03-07
ATP,Hyu Kawanishi,1500.56,6,2026-03-30
WTA,Mariaryeni Gutierrez,1500.23,6,2021-03-29
WTA,Makayla Mills,1500.02,6,2023-06-26
WTA,Varatchaya Wongteanchai,1498.82,6,2022-04-18
WTA,Louane Lutringer,1498.05,6,2024-04-15
WTA,Vasilisa Belonog,1497.27,6,2021-08-23
ATP,Connor Doig,1497.11,6,2025-07-14
WTA,Ralina Kalimullina,1496.79,6,2022-11-28
ATP,Michal Lusovsky,1496.79,6,2024-01-15
WTA,Polina Bershteyn,1496.58,6,2025-09-29
WTA,Tayla Stenta,1495.78,6,2022-11-21
WTA,Xenia Logvin,1495.72,6,2024-10-07
WTA,Olga Lesnikova,1495.58,6,2022-10-24
WTA,Sydney Stone,1495.05,6,2022-02-21
ATP,Riccardo Maiga,1494.9,6,2020-03-02
ATP,Angel Veliz,1494.23,6,2024-10-28
WTA,Kate Bierhoff,1493.7,6,2025-08-25
WTA,Elena Raffaeta,1493.66,6,2022-03-21
WTA,Barbora Pokorna,1493.42,6,2021-04-19
WTA,Catalina Delmas Schaerer,1493.31,6,2024-11-18
WTA,Teodora Vlajic,1492.09,6,2026-05-18
WTA,Mina Miyahara,1491.69,6,2026-05-11
WTA,Minami Suzuki,1491.53,6,2026-05-11
WTA,Stefanya Shalakhova,1491.36,6,2021-10-25
WTA,Dariana Vera,1491.06,6,2022-11-14
WTA,Tejasvi Dabas,1490.52,6,2026-04-20
ATP,Marko Milosavljevic,1489.99,6,2026-05-18
WTA,Nagisa Morimoto,1489.26,6,2024-07-22
WTA,Ipek Soylu,1488.86,6,2021-11-01
ATP,Yazid Lahjomri,1488.76,6,2025-12-22
ATP,Oliver Johansson,1488.66,6,2026-05-18
WTA,Shiori Kaneyama,1488.61,6,2023-05-22
WTA,Susannah Su,1488.33,6,2023-12-11
WTA,Emilija Pranyte,1488.13,6,2022-10-31
WTA,Polina Starkova,1487.86,6,2026-05-18
WTA,Camelia Elena Hristea,1487.73,6,2023-06-19
ATP,Henry Best,1487.58,6,2026-05-25
ATP,Shion Itsusaki,1487.12,6,2025-03-31
WTA,Nikol Sevald,1487.1,6,2024-10-21
WTA,Yvonne Neuwirth,1486.74,6,2023-06-05
ATP,Olivier Stuart,1486.52,6,2021-09-13
ATP,Eyad Reda Ezzat Mohamed Sherif,1486.45,6,2026-05-18
WTA,Emilia O'Neill,1486.33,6,2023-10-02
ATP,Phuong Van Nguyen,1485.88,6,2022-06-13
ATP,Pierre Faivre,1485.22,6,2022-03-21
ATP,Gerard Granollers,1485.18,6,2020-01-13
WTA,Marina Davtyan,1484.56,6,2026-05-18
ATP,Lautaro Rocha,1484.35,6,2026-05-04
ATP,Nicolas Mahut,1483.12,6,2021-03-15
WTA,Nelli Ivanova,1482.58,6,2026-05-25
WTA,Hana Otsubo,1482.45,6,2026-05-04
WTA,Samantha Nanere,1482.06,6,2023-06-12
WTA,Florencia Massardo Brain,1481.86,6,2024-11-04
WTA,Simona Cucu,1481.8,6,2026-06-01
WTA,Mila Bastianelli,1481.72,6,2025-06-30
WTA,Lyudmyla Kichenok,1481.62,6,2025-03-31
WTA,Maia Rey,1481.55,6,2025-11-03
WTA,Dayeon Lee,1480.84,6,2025-09-08
WTA,Mirabelle Brettkelly,1480.83,6,2023-06-19
WTA,Monica Cappelletti,1479.89,6,2021-01-18
ATP,Teun Rozenberg,1479.62,6,2023-06-26
ATP,Elijah Cham,1479.45,6,2025-06-23
WTA,Kennedy Craig,1478.92,6,2022-03-07
WTA,Lola Bunirigo,1478.59,6,2024-01-15
ATP,Lakshit Sood,1478.37,6,2023-04-03
WTA,Francesca Tassi,1478.18,6,2024-11-11
ATP,Glenn Smits,1478.09,6,2021-09-13
WTA,Bruna Casasampere Escoda,1477.34,6,2020-01-13
ATP,Woong Bi Lee,1477.25,6,2026-05-25
ATP,Tu Le Khanh Duy,1477.06,6,2022-10-03
ATP,Boxiong Zhang,1476.85,6,2026-05-11
WTA,Nermeen Shawky,1476.71,6,2022-08-22
WTA,India Fenieys,1476.38,6,2023-12-18
ATP,Dominik Langmajer,1476.23,6,2022-10-31
WTA,Maria Galatescu,1476.18,6,2024-12-16
WTA,Sofiia Mykhailets,1475.98,6,2023-05-01
WTA,Laura Ashley,1475.69,6,2020-03-02
WTA,Viktorie Hazmukova,1475.16,6,2024-05-06
ATP,Michael Quintero Aguilar,1475.06,6,2022-10-03
WTA,Irene Riva,1474.92,6,2023-01-23
WTA,Pauline Parmentier,1474.82,6,2020-02-10
ATP,Ricardo Batista,1474.72,6,2024-08-12
WTA,Hyeran Yun,1474.28,6,2023-05-29
WTA,Valentina Urraco,1474.16,6,2022-02-07
ATP,Simone Massellani,1474.12,6,2026-03-16
WTA,Ting Ya Hsu,1474.1,6,2024-06-17
WTA,Emily Meyer,1474.04,6,2023-06-26
WTA,Jimin Kwon,1473.7,6,2024-09-02
WTA,Lindsay Zink,1473.54,6,2022-08-08
WTA,Ayane Tosaka,1473.45,6,2026-05-18
WTA,Larissa Brigido Douek,1472.85,6,2025-09-08
ATP,Horst Rieder,1472.74,6,2022-08-22
ATP,Hamza Karmoussi,1472.39,6,2024-04-01
WTA,Andra Maria Nitescu,1472.29,6,2020-03-09
WTA,Maria Luisa Cusma Bloot,1472.15,6,2021-11-08
ATP,Harry Pugh,1472.14,6,2025-12-15
ATP,Eduardo Struvay,1471.83,6,2020-02-17
WTA,Aleksandra Melnikova,1471.7,6,2021-03-15
WTA,Anastasia Huijsegoms,1471.51,6,2024-03-25
WTA,Sofia Dmitrieva,1471.05,6,2020-02-17
ATP,Mustafa Dustov,1470.97,6,2023-07-24
ATP,Martin Doskocil,1470.96,6,2026-04-27
WTA,Zofia Dziewiecka,1470.88,6,2022-08-15
WTA,Paula Susanna Joukanen,1470.8,6,2022-08-01
WTA,Tina Li,1470.8,6,2023-06-12
WTA,Hannah Hafez,1470.52,6,2023-06-05
ATP,Dylan Long,1470.34,6,2025-07-14
ATP,Stephane Robert,1470.34,6,2022-02-28
ATP,Pierre Malan,1470.3,6,2021-02-07
WTA,Ester Gonosova,1469.94,6,2024-08-26
WTA,Samaira Pahwa,1469.92,6,2026-05-18
WTA,Luisa Silvestre Da Rosa Silvestre,1469.22,6,2024-03-11
WTA,Erica Brennan,1468.87,6,2024-09-30
WTA,Alice Paonessa,1468.53,6,2022-05-16
ATP,Salvador Monteiro,1468.4,6,2026-05-11
WTA,Valeria Guerrero Barberan,1468.31,6,2023-04-24
ATP,Nika Bidzinashvili,1468.07,6,2026-05-11
WTA,Ana Maria Coelho Ramos,1467.87,6,2021-12-06
WTA,Matilde Magrini,1467.82,6,2023-11-27
WTA,Camila Keller,1467.7,6,2022-02-07
WTA,Alina Lebedeva,1467.4,6,2021-07-19
ATP,Marcin Andrzejczak,1466.84,6,2025-12-01
ATP,Kaigaoge Kang,1466.83,6,2026-06-01
WTA,Breana Stampfli,1466.43,6,2021-10-11
WTA,Shannon Bovy,1466.39,6,2023-09-04
ATP,Dean Thurner,1466.36,6,2025-06-23
WTA,Aakruti Sonkusare Narayan Sonkusare,1466.25,6,2026-03-30
WTA,Lara Bela Frederico De Almeida Santos,1465.76,6,2025-09-01
WTA,Roselida Asumwa,1465.49,6,2023-12-18
WTA,Andreea Pavel,1465.43,6,2022-10-31
WTA,Ekaterina Grom,1465.42,6,2023-11-27
WTA,Sara Shumate,1465.34,6,2026-04-20
ATP,Mert Aytekin,1465.2,6,2026-02-09
WTA,Kate Kim,1464.76,6,2022-11-07
WTA,Srujana Rayarala,1464.59,6,2022-06-13
WTA,Jiatong Cai,1464.48,6,2025-08-11
WTA,Farah Haitham Kassem,1464.28,6,2021-01-25
WTA,Maja Issler,1464.02,6,2024-09-02
WTA,Bohdana Bilokon,1464.02,6,2023-11-27
WTA,Alexia Clara Adascalitei,1463.96,6,2025-07-21
ATP,Sam Kydd Baumgartner,1463.93,6,2023-08-21
WTA,Ananya Pallath Hooli,1463.82,6,2024-11-04
WTA,Havah Kaur Kaler,1463.55,6,2026-01-19
ATP,Juan Borba,1463.53,6,2022-09-26
WTA,Emma Penne,1463.52,6,2024-10-21
ATP,Hunter Reese,1463.33,6,2024-11-25
ATP,Alejandro Mateo Berge Nourescu,1463.26,6,2025-09-16
WTA,Cora Stefanie Barber,1463.22,6,2021-06-21
WTA,Valeria Garnevska,1462.03,6,2026-05-11
WTA,Basmala Aboutaleb,1461.77,6,2022-08-22
WTA,Uxue Azurza Frade,1461.73,6,2024-11-18
WTA,Frederikke Svarre,1461.43,6,2024-09-02
ATP,Roan Jones,1461.38,6,2025-08-11
ATP,Noppadol Noikor,1461.37,6,2025-08-25
WTA,Yara Alhaqbani,1461.33,6,2024-06-03
WTA,Sumitra Basnyat,1461.32,6,2022-04-25
WTA,Anya Arora,1461.03,6,2026-05-25
WTA,Heta Nuutinen,1460.82,6,2023-05-08
ATP,Matteo Gribaldo,1460.71,6,2026-03-16
WTA,Aneta Poborilova,1460.5,6,2024-10-21
WTA,Chloe Schwarz,1459.97,6,2023-07-24
WTA,Nina Plihal,1459.56,6,2022-05-23
WTA,Rebecca Amerio,1459.45,6,2022-11-07
WTA,Alba Salles Canudas,1458.98,6,2025-12-01
ATP,Hien Quang Hien Pham,1458.92,6,2025-07-07
WTA,Briley Rhoden,1458.88,6,2026-03-30
WTA,Liriza Selishta,1458.62,6,2024-04-08
WTA,Ekaterina Kislitsyna,1458.14,6,2024-11-11
ATP,Vojtech Vales,1457.92,6,2024-05-27
WTA,Janel Ospanova,1457.45,6,2022-04-25
ATP,Filip Stidell,1457.4,6,2026-03-02
WTA,Erica Kanna Hagi,1456.93,6,2024-06-17
WTA,Agnese Zapelli,1456.84,6,2022-08-22
ATP,Tomas Pinho,1456.84,6,2025-07-28
WTA,Maria Paredes Perez,1455.9,6,2025-07-07
ATP,Rostislav Halfinger,1455.83,6,2023-08-07
WTA,Haina Franco,1455.44,6,2024-04-15
WTA,Amane Hattori,1455.05,6,2026-05-18
ATP,Felipe Pinzon Moreno,1454.96,6,2025-01-06
WTA,Ines Costa,1454.25,6,2022-01-17
WTA,Madeline Atway,1454.24,6,2024-08-12
ATP,John Bernard,1454.23,6,2023-04-17
ATP,Ahmed Mouhan,1454.17,6,2025-06-09
WTA,Maria Fernanda Lopes,1454.05,6,2025-11-24
WTA,Mahaylia White,1454.02,6,2024-12-16
ATP,Maciej Matuszczyk,1454.0,6,2025-08-25
ATP,Michael Weindl,1453.96,6,2021-10-25
WTA,Louise Kerstin Marie Ternstrom,1453.7,6,2026-05-11
ATP,Denis Vishenchuk Vishenko,1453.49,6,2026-06-01
ATP,Niksa Arsic,1453.45,6,2023-09-25
ATP,Nicolas Herrero Cuesta,1453.44,6,2023-07-24
ATP,Samuel Stolarik,1453.24,6,2025-09-22
ATP,Oscar Pinto Sansano,1452.93,6,2026-04-27
ATP,Josh Reid,1452.58,6,2024-01-15
ATP,Radu Florin Macovei,1452.57,6,2022-09-19
WTA,Elena Noguero Asensio,1452.45,6,2024-05-13
ATP,Francisco Faria,1452.44,6,2026-05-11
ATP,Carson Baker,1452.09,6,2025-05-12
WTA,Hana Abd El Hamid,1451.72,6,2022-04-11
WTA,Irene Vigara Ramos,1451.23,6,2024-04-15
ATP,Jakub Vrba,1451.13,6,2025-09-15
WTA,Mikayla Plitt,1450.92,6,2023-03-06
ATP,Oskar Antinheimo,1450.91,6,2023-07-17
ATP,Alexander Vikhlyantsev,1450.62,6,2025-12-15
ATP,Mikolaj Lis,1450.61,6,2023-08-14
WTA,Martina Martinelli,1450.16,6,2024-11-11
WTA,Klaudie Hutkova,1449.71,6,2021-11-08
ATP,Matthew Woerndle,1449.67,6,2023-01-30
WTA,Lingyou Ge,1449.42,6,2026-05-11
ATP,Federico Mirgone,1449.04,6,2022-11-21
ATP,Cosimo Banti,1448.85,6,2025-09-15
ATP,Illia Stoliar,1448.82,6,2022-03-28
WTA,Sara Husar,1448.32,6,2025-12-29
ATP,Simon Caldwell,1448.24,6,2026-05-04
ATP,Reid Jarvis,1448.2,6,2025-11-17
WTA,Amanda Pecaut,1448.02,6,2022-05-16
ATP,Liam Hignett,1447.95,6,2026-02-23
WTA,Sophie Ashley Chua,1447.92,6,2026-04-20
WTA,Valeria Carreno,1447.9,6,2022-10-31
ATP,Marcos Castro Fabra,1447.76,6,2025-07-14
ATP,Stefano Liokossis,1447.52,6,2023-06-26
ATP,Zhengqing Ji,1447.06,6,2024-06-03
WTA,Niamh Campbell,1447.04,6,2023-02-27
ATP,Ignacio Martinez,1447.01,6,2023-03-13
WTA,Linnea Malmqvist,1446.95,6,2020-01-27
ATP,Arman Zamani,1446.87,6,2025-11-03
WTA,Annabel Chapman,1446.0,6,2025-02-10
WTA,Polina Isakova,1445.93,6,2025-08-25
WTA,Oka Kurotaki,1445.78,6,2024-11-04
WTA,Chelsea Chakanyuka,1445.71,6,2026-05-18
WTA,Olga Terletska,1445.35,6,2023-09-04
ATP,Alessio De Bernardis,1444.9,6,2023-08-14
ATP,Mateo Martinovic,1444.88,6,2025-05-12
WTA,Sofia Cardenas Galvis,1444.16,6,2022-03-21
WTA,Aranai Martinez Quintana,1444.16,6,2025-08-11
ATP,Richard Mallory,1443.97,6,2025-09-29
WTA,Natthapat Piwbangruk,1443.92,6,2022-05-30
WTA,Pauline Grail,1443.89,6,2024-08-05
WTA,Bianca Vitale,1443.89,6,2024-10-21
ATP,Luka Vuglar,1443.86,6,2025-08-25
WTA,Maria Pinto,1443.84,6,2024-09-23
WTA,Souhila Aouni,1443.65,6,2022-07-25
WTA,Emily Morton,1443.52,6,2020-01-27
WTA,Manuela Mijovic,1443.19,6,2024-11-18
ATP,Alexander Maggs,1443.15,6,2025-06-09
ATP,Kaza Vinayak Sharma,1443.11,6,2022-03-21
WTA,Manuela Ramirez Correa,1443.05,6,2022-10-31
ATP,Reuben De Klerk,1443.04,6,2025-02-24
ATP,Christos Keisidis,1442.98,6,2021-05-17
ATP,Penn Charusorn,1442.97,6,2026-05-11
ATP,Yahir Emiliano Moheno,1442.61,6,2024-11-18
WTA,Giulia Sophy Stefan,1442.58,6,2023-06-19
ATP,Omar Suarez Berrezueta,1442.54,6,2023-04-03
ATP,Eric Padgham,1442.31,6,2023-06-05
WTA,Emilse Lujan Ruiz,1442.19,6,2023-02-20
ATP,Jeevan Nedunchezhiyan,1442.07,6,2026-05-11
ATP,Miguel Larrea Sicco,1442.06,6,2023-10-30
WTA,Martyna Mackiewicz,1441.78,6,2024-07-08
ATP,Joao Antonio,1441.76,6,2025-08-11
WTA,Lea Jakic,1441.47,6,2023-06-19
ATP,Viktor Kirov,1441.47,6,2025-08-18
ATP,Jorge Cavero,1441.43,6,2024-04-22
ATP,Jinpeng Tang,1441.09,6,2023-10-16
WTA,Justine Sophie Kwan Tung Leong,1440.97,6,2024-10-28
ATP,Daniil Stepanov,1440.81,6,2026-05-18
WTA,Karolina Skowronska,1440.7,6,2023-02-27
ATP,Ander Tarrio Ponte,1440.41,6,2025-12-01
ATP,Illya Maksymchuk,1440.4,6,2023-08-28
WTA,Erika Reinhardt,1440.19,6,2021-01-04
WTA,Sze Xuan Lim,1440.04,6,2023-07-03
ATP,Paolo Schiavone,1439.86,6,2026-03-30
WTA,Anastasija Adeikyte,1439.77,6,2026-06-01
WTA,Marlene Foerster,1439.73,6,2022-09-26
ATP,Alessandro Mondazzi,1439.73,6,2026-06-01
WTA,Andreea Mihaela Onitoiu,1439.71,6,2023-06-19
ATP,Mustapha El Natour,1439.68,6,2026-03-23
WTA,Monica Santaolalla Ristic,1439.65,6,2024-12-02
WTA,Kanupriya Rajawat,1439.63,6,2024-04-08
WTA,Laura Dragun,1439.61,6,2023-03-20
ATP,Xian Yao Zhou,1439.53,6,2023-07-10
WTA,Soledad Fayos Capilla,1439.42,6,2025-07-21
WTA,Estelle Bezos,1439.34,6,2024-04-22
ATP,Dino Molokova Ferreira,1439.15,6,2025-05-12
WTA,Holly Verner,1438.91,6,2021-10-04
WTA,Maria Mikhaylova,1438.58,6,2022-01-17
WTA,Bala Gayathri Snigdha Angam,1438.56,6,2022-07-25
WTA,Gabriela Macias,1438.29,6,2021-06-07
ATP,Jacobo Borsoi,1438.2,6,2026-06-01
ATP,Facundo Arias Bisso,1437.73,6,2021-08-09
ATP,Alberto Puello,1437.44,6,2026-03-10
WTA,Maria Michaela Fiacan,1437.16,6,2024-07-08
WTA,Daria Maria Grigore,1437.09,6,2025-07-21
WTA,Britney Brace,1436.94,6,2025-05-12
ATP,Young Seok Kim,1436.85,6,2023-04-24
WTA,Chloe Henderson,1436.79,6,2024-10-21
WTA,Richa Dadasaheb Chougule,1436.43,6,2024-02-26
WTA,Kayla Lorrimer,1436.38,6,2025-09-08
ATP,Anapat Timangkul,1436.14,6,2024-01-15
ATP,Serafin Zund,1436.07,6,2024-01-01
WTA,Kayleigh Didderiens,1435.92,6,2024-06-24
WTA,Odeta Panasa,1435.92,6,2026-04-27
ATP,Tushar Sharma,1435.76,6,2022-09-26
WTA,Mariia Hlahola,1435.65,6,2024-06-24
ATP,Botond Nagy,1435.61,6,2025-10-27
WTA,Malika Amirgalieva,1435.19,6,2025-03-31
WTA,Ntokozo Zungu,1435.13,6,2024-06-24
ATP,Irakli Tsurtsumia,1435.03,6,2023-10-23
ATP,Konstantin Cucka,1434.84,6,2024-06-17
ATP,Damian Rodriguez,1433.9,6,2023-04-24
WTA,Amelie Nicole Jewelewicz,1433.64,6,2022-06-13
WTA,Anya Murthy,1433.38,6,2024-06-10
ATP,Michele Vianello,1433.05,6,2021-06-14
WTA,Lucie Ivanova,1432.59,6,2022-04-18
ATP,Vuk Arnautovic,1432.27,6,2024-09-16
WTA,Michelle Yeo,1432.15,6,2023-06-05
ATP,Timur Mukhtarulin,1431.82,6,2021-09-06
WTA,Flavia Monteverde,1431.81,6,2024-08-19
WTA,Carla Pacot,1431.63,6,2024-07-08
WTA,Lucia Conde Zalona,1431.62,6,2023-06-05
WTA,Layla Bryant,1431.1,6,2022-09-26
ATP,Rafael Botran Neutze,1431.05,6,2024-06-10
WTA,Julia Julia Cerqueira Carvalho Farias Lima,1430.81,6,2024-11-25
ATP,Facundo Bermejo,1430.79,6,2025-02-24
ATP,Lars Wagenaar,1430.76,6,2025-08-18
WTA,Victoria Vidal,1430.62,6,2025-09-01
WTA,Sofia Carvalho Rocha,1430.54,6,2022-11-28
WTA,Jargal Altansarnai,1430.51,6,2023-01-16
WTA,Tina Vlajic,1430.45,6,2021-02-15
WTA,Maria Trujillo Garnica,1430.43,6,2026-05-11
WTA,Habiba Mohamed Yousry Ahmed,1429.99,6,2022-04-25
WTA,Miray Muge Kesal,1429.98,6,2022-05-16
WTA,Emina Lagarija,1429.45,6,2023-09-04
WTA,Talita Swart,1428.78,6,2026-05-04
ATP,Janis Graski,1428.68,6,2025-09-15
ATP,Kolos Kincses,1428.48,6,2024-03-11
WTA,Ksenija Ana Vujacic,1428.3,6,2023-09-18
ATP,Baoluo Zheng,1428.01,6,2024-02-26
WTA,Chantal Kamel,1427.85,6,2021-07-19
ATP,Martin Maldonado,1426.84,6,2025-11-17
WTA,Sofija Milenkovic,1426.77,6,2024-09-02
ATP,Woohyuk Sim,1426.38,6,2023-05-01
WTA,Nayara Santos,1426.32,6,2022-05-09
ATP,Valentin De Carvalho,1426.14,6,2024-04-22
WTA,Alexia Paula Bastos Sousa Betanzos,1425.91,6,2025-12-01
WTA,Ksenia Panteleeva,1425.55,6,2022-08-29
ATP,Saud Alhogbani,1425.36,6,2025-06-30
ATP,Felipe Mikkelsen,1425.02,6,2024-06-10
ATP,Lawrence Sciglitano,1424.84,6,2023-04-10
WTA,Polina Bolotova,1424.81,6,2023-12-11
ATP,Damir Zhalgasbay,1424.77,6,2026-04-27
WTA,Maria Zolotukhina,1424.72,6,2022-01-24
ATP,Jovan Bjelobrk,1424.3,6,2026-05-11
ATP,Florent Lagarrigue,1424.28,6,2026-05-18
ATP,Felipe Santamaria,1423.83,6,2023-06-26
ATP,Luc Wieland,1423.58,6,2025-08-11
WTA,Corinne Cornaz,1423.55,6,2024-08-19
WTA,Lara Bakhaya,1423.51,6,2023-08-14
WTA,Carolina Caetano Reis,1423.29,6,2022-07-04
ATP,Dario Acosta,1422.47,6,2022-11-07
WTA,Iana Tishchenko,1422.44,6,2021-04-12
WTA,Nera Tesankic,1422.23,6,2026-06-01
ATP,Amirali Ghavam,1421.52,6,2025-05-05
ATP,Ian Luca Cervantes Tomas,1421.2,6,2024-04-01
WTA,Zuzana Bohatova,1421.11,6,2022-09-12
WTA,Elisa Kendall,1421.06,6,2024-10-28
ATP,Eneko Rios Perez,1420.95,6,2026-03-16
ATP,Christian Fellin,1420.66,6,2024-08-12
WTA,Eva Marie Echeverri Erk,1420.48,6,2022-07-11
ATP,Riccardo Di Nocera,1420.35,6,2021-11-29
ATP,Agustin Eduardo Cuellar Lorberg,1420.12,6,2024-06-17
ATP,Ilgiz Kamchibekov,1419.85,6,2024-03-04
WTA,Andrea Taylor,1419.57,6,2026-03-09
WTA,Valentina Ascheri,1418.52,6,2024-09-02
ATP,Ryo Minakata,1418.26,6,2026-05-25
ATP,Iliyas Maratuly,1417.82,6,2024-07-15
ATP,Erwin Troebinger,1417.63,6,2025-10-27
ATP,Mohab Hamed,1417.54,6,2022-04-11
WTA,Ece Boylu,1417.29,6,2023-12-18
WTA,Dimitra Georgakopoulou,1417.18,6,2025-11-03
WTA,Rocio Lisette Espinal Plaza,1417.09,6,2023-02-20
ATP,Rodrigo Varillas,1417.05,6,2025-11-03
WTA,Mia Krsteva,1416.77,6,2023-11-20
ATP,Vincent Dullinger,1416.75,6,2026-05-18
ATP,Simphiwe Ngwenya,1416.22,6,2026-06-01
ATP,Gustavo Tedesco,1416.17,6,2023-10-09
WTA,Aleksandra Pitak,1415.42,6,2024-08-05
WTA,Guan Yu Lin,1415.39,6,2024-06-17
WTA,Sofia Neri,1415.35,6,2022-03-21
ATP,Thibault Verdier,1414.99,6,2022-12-26
WTA,Xinyue Hu,1414.62,6,2023-07-03
WTA,Beatriz Paciletti Duarte Da Costa,1414.46,6,2021-07-05
ATP,Yannic Nittmann,1414.11,6,2026-05-25
WTA,Paulina Jurkowska,1414.01,6,2023-05-01
WTA,Lauren Mcminn,1413.94,6,2024-10-28
WTA,Viktoria Wiandt,1413.78,6,2022-11-21
ATP,Egor Khotchenkov,1413.36,6,2026-05-04
ATP,Ethan Denzel Sibanda,1413.31,6,2024-10-07
WTA,Elisa Vigano,1412.7,6,2024-04-08
WTA,Sara Mickoska,1412.46,6,2025-12-15
WTA,Maria Pia Orga Nebra,1412.38,6,2025-08-18
ATP,Alan Postay,1412.3,6,2024-11-25
ATP,Keerthivassan Suresh,1411.88,6,2026-02-09
ATP,Joshua Muhire,1411.66,6,2025-02-24
WTA,Didenaz Polat,1411.57,6,2023-10-23
ATP,Martin Dimitrov,1411.19,6,2023-05-15
WTA,Sonya Hopfensperger,1411.01,6,2023-02-27
WTA,Isabella Blanca Rosa Kamminga,1410.86,6,2023-05-01
WTA,Shivaani Ganesh,1410.81,6,2023-10-23
WTA,Lia Isabella Espinal,1410.73,6,2024-06-10
WTA,Mori Grylak,1409.71,6,2024-11-04
WTA,Tomiris Mussina,1409.23,6,2024-01-29
ATP,Chun Ming Yam,1408.83,6,2024-10-28
ATP,Mark Nawa,1408.67,6,2026-06-01
WTA,Irene Zorg,1408.51,6,2022-05-30
WTA,Francesca Miglio,1408.09,6,2022-04-25
WTA,Natalia Mochernak,1407.22,6,2023-06-12
WTA,Beth Gerley,1407.04,6,2024-01-01
WTA,Vivien Gimla,1406.52,6,2022-07-04
WTA,Janka Juhasz,1406.23,6,2024-07-22
WTA,Aimee Bromfield,1406.0,6,2024-06-24
WTA,Pervinca Curci,1405.9,6,2021-06-21
WTA,Ella Ecker,1405.15,6,2023-06-12
ATP,Juan Ignacio Zamora,1404.29,6,2025-11-24
WTA,Lina Elhamalawy,1404.08,6,2022-09-05
WTA,Gabriella Danielsson,1404.02,6,2022-08-22
WTA,Mayssa Ben Dhiab,1402.74,6,2024-01-01
WTA,Saumrita Jagatdeo Verma,1402.41,6,2025-11-10
WTA,Eva Lozitskaya,1402.35,6,2025-12-08
WTA,Berin Yalcin,1401.6,6,2024-10-28
WTA,Jannat Chiripal,1401.21,6,2026-04-27
WTA,Sonia Tuyishime,1400.9,6,2024-12-30
WTA,Hatshepsut Assanova,1398.55,6,2024-10-07
WTA,Natalia Escobar,1398.38,6,2023-05-15
WTA,Sonia Marina Popyrin,1397.1,6,2024-06-24
WTA,Patricia Bordas,1395.72,6,2024-10-28
WTA,Senda Sayadi,1395.41,6,2023-09-25
WTA,Sara Mannschott,1395.31,6,2024-06-03
WTA,Valentina Pozhidaeva,1393.46,6,2025-05-26
WTA,Isabell Ek,1391.93,6,2024-10-28
WTA,Sara Jamal,1382.1,6,2024-07-08
WTA,Ekaterina Suvorova,1381.59,6,2024-04-01
WTA,Madison Keys,1607.33,5,2026-05-11
ATP,Vignesh Gogineni,1560.69,5,2025-11-03
WTA,Isabella Angelina Abendroth,1555.83,5,2026-01-05
WTA,Valeria Ray,1550.5,5,2025-08-04
WTA,Ekaterina Alexandrova,1545.53,5,2024-12-09
ATP,Santiago Lora,1539.4,5,2025-11-24
WTA,Allison Wang,1537.55,5,2026-05-25
WTA,Nicole Weng,1530.57,5,2026-02-23
WTA,Marie Elise Casares,1525.22,5,2023-04-17
WTA,Elsa Bonelli,1523.69,5,2026-04-20
ATP,Tanishk Konduri,1523.39,5,2026-03-23
WTA,Zaire Clarke,1522.88,5,2025-04-28
ATP,Roberto Ferrer Guimaraes,1522.77,5,2025-11-17
WTA,Francesca Falleni,1521.88,5,2023-02-27
WTA,Teliana Pereira,1521.25,5,2020-01-20
WTA,Armine Yesaian,1520.78,5,2026-05-25
WTA,Eugenia Ganga,1519.67,5,2020-02-17
ATP,Harrison Satara,1519.46,5,2026-03-23
ATP,Alexandre Peyrot,1518.89,5,2020-02-10
WTA,Deniz Khazaniuk,1518.2,5,2020-03-09
WTA,Sofie Jannika Hettlerova,1517.86,5,2026-03-23
WTA,Adrijana Lekaj,1517.48,5,2020-01-13
WTA,Ayan Broomfield,1516.53,5,2020-10-12
WTA,Linda Cagnazzo,1516.07,5,2020-02-10
ATP,Heorhii Shylov,1515.52,5,2026-06-01
WTA,Amra Sadikovic,1515.25,5,2022-10-10
WTA,Anna Pinaieva,1514.67,5,2021-08-23
ATP,Scott Puodziunas,1514.53,5,2020-03-09
WTA,Nela Silova,1513.94,5,2024-10-21
WTA,Anja Draskovic,1513.65,5,2020-02-17
WTA,Madison Tattini,1512.12,5,2024-03-25
WTA,Greta Nemcsek,1512.12,5,2026-06-01
WTA,Katherine Duong,1511.96,5,2023-11-06
WTA,Seung Yeon Hong,1511.8,5,2022-09-05
WTA,Kelsey Lewis,1511.73,5,2020-02-10
WTA,Katarina Miller,1511.51,5,2024-10-14
WTA,Reece Carter,1511.07,5,2023-06-19
WTA,Matilda Casarini,1510.81,5,2024-10-21
WTA,Laura Valentine Pop,1509.52,5,2025-03-17
WTA,Daniela Rubio,1509.27,5,2022-11-14
WTA,Annerly Georgopoulos,1508.55,5,2023-10-09
WTA,Paula Corbalan,1507.74,5,2022-11-28
WTA,Diana Belalova,1507.66,5,2024-11-11
ATP,Alberto Romero De Avila Senise,1506.97,5,2023-09-11
WTA,Valentina Rodas Carcamo,1506.95,5,2022-03-21
WTA,Sofia Antonella Caldera,1506.92,5,2021-09-27
WTA,Ladina Bruhin,1506.92,5,2024-07-29
WTA,Charlotte Vanstone Mcgrath,1506.23,5,2023-02-27
WTA,Cassidy Mataia,1506.11,5,2023-07-31
WTA,Erika Wichin Cheng,1505.59,5,2022-09-26
ATP,Pablo Perez Navarro,1504.95,5,2025-09-01
WTA,Angelica Van Vuuren,1504.29,5,2024-12-09
ATP,Bastian Berenz,1503.88,5,2026-04-27
WTA,Jordyn Hazelitt,1503.48,5,2026-04-27
WTA,Maria Shmeleva,1503.32,5,2026-05-18
WTA,Lucy Bell Hogan,1503.29,5,2024-08-05
ATP,Tyler Bowers,1503.12,5,2024-11-11
ATP,Eric Ahren Moonga,1502.77,5,2026-04-20
ATP,Benjamin Perez,1502.71,5,2025-10-13
ATP,Christian Wedel,1501.4,5,2026-01-12
WTA,Ni Xi,1500.51,5,2025-08-04
WTA,Helene Schnack,1499.64,5,2024-04-15
ATP,Isaac Lhomond,1499.12,5,2025-09-15
WTA,Luca Kalman,1499.0,5,2025-11-03
ATP,Shixun Zhu,1498.06,5,2025-09-01
WTA,Vivien Juhaszova,1498.0,5,2021-06-07
WTA,Eleni Mtsentlitze,1497.87,5,2022-11-07
ATP,Landon Ardila,1497.85,5,2026-06-01
WTA,Milla Kotze,1497.84,5,2024-12-09
WTA,Jing Yang,1496.09,5,2023-09-04
WTA,Nora Syrtveit,1495.86,5,2025-07-28
WTA,Satima Toregen,1495.73,5,2026-05-18
WTA,Marianthi Christoforidou,1495.6,5,2022-11-07
WTA,Vitoria Solis Urdiales,1495.53,5,2021-06-07
WTA,Kashvi Sunil,1495.06,5,2024-10-07
ATP,Omar Fields,1494.81,5,2023-08-21
ATP,Min Ho Ko,1494.77,5,2026-05-11
ATP,Yuya Hirose,1494.29,5,2026-06-01
WTA,Tanit Lopez Lopez,1494.27,5,2021-06-07
WTA,Allegra Van Der Walt,1494.26,5,2025-06-30
ATP,Federico Guarducci,1493.73,5,2025-07-14
ATP,Holden Koons,1493.63,5,2024-10-07
WTA,Maelie Monfils,1492.59,5,2021-01-25
WTA,Hee Won Ju,1492.35,5,2024-06-03
WTA,Cayetana Gutierrez Imaz,1491.83,5,2024-06-03
WTA,Orly Ogilvy,1491.73,5,2023-03-06
ATP,Rodrigo Leal,1490.85,5,2026-05-04
WTA,Danaiya Amangazhiyeva,1490.52,5,2024-07-29
ATP,Freddy Murray,1490.52,5,2025-07-28
ATP,Duilio Vallebuona,1490.33,5,2022-11-07
ATP,Haesun Lee,1489.93,5,2022-08-29
ATP,Kelly Giese,1489.78,5,2026-06-01
WTA,Marley Lambert,1489.44,5,2022-07-11
ATP,Anders Grinderslev,1489.39,5,2023-06-12
WTA,Ruby Young,1489.33,5,2023-12-18
ATP,Rob Reynolds,1488.94,5,2023-07-24
ATP,Gianni Mina,1488.62,5,2020-01-13
ATP,Pablo Manzano Lapuerta,1488.59,5,2026-04-06
WTA,Fleur De Bresser,1488.44,5,2026-04-20
WTA,Milan Swanepoel,1488.4,5,2025-02-24
ATP,Tanakorn Srirat,1488.26,5,2026-05-11
WTA,Ana Bianca Mihaila,1487.68,5,2020-03-02
ATP,Shan Yuan Ou,1487.39,5,2024-06-17
ATP,Tomas Gerini,1486.95,5,2024-08-12
WTA,Marte Lambrecht,1486.62,5,2022-08-01
ATP,Jordan Lee,1486.44,5,2026-05-04
ATP,Valdemar Frederik Pape,1486.08,5,2025-07-28
WTA,Giuliana Giardina,1485.95,5,2024-11-11
WTA,Gaia Panari,1485.74,5,2023-02-27
WTA,Daniela Lozano,1485.5,5,2023-02-27
WTA,Rena Takahashi,1485.01,5,2024-03-18
WTA,Irina Shchetinina,1484.96,5,2020-02-03
WTA,Olivia Collins,1484.61,5,2023-04-03
WTA,Noelia Manta,1484.57,5,2026-04-20
WTA,Aleksandra Khomitskaya,1484.32,5,2026-05-25
WTA,Zoe Lazar,1484.15,5,2024-02-26
WTA,Tanvi Narendran,1484.1,5,2025-06-30
ATP,Dennis Uspensky,1484.0,5,2020-03-09
ATP,Rhett Purcell,1483.96,5,2020-01-13
WTA,Mayya Gorbunova,1483.52,5,2021-07-19
WTA,Paula Sanchez Rodriguez,1483.05,5,2021-06-14
WTA,Natacha Schou,1482.8,5,2023-01-09
WTA,Eun Seo Kim,1482.68,5,2023-09-04
WTA,Daria Solovyeva,1482.57,5,2020-03-09
WTA,Mireia Sagrista Bermejo,1482.21,5,2025-10-06
WTA,Chaeyule Kang,1482.18,5,2024-07-08
ATP,Luca Lemaitre Vilchis,1482.05,5,2025-08-12
WTA,Se Yeon Yang,1481.98,5,2023-08-28
ATP,Lloyd Glasspool,1481.63,5,2020-02-24
WTA,Elisabeth Chantraine,1481.6,5,2020-01-27
WTA,Katerina Shabashkevich,1481.59,5,2025-05-19
ATP,Alessandro Procopio,1481.56,5,2021-07-12
WTA,Maria Dominique Fuenzalida Higareda,1481.49,5,2024-03-11
WTA,Julia Rocha De Macedo Moraes,1481.4,5,2021-11-08
WTA,Ziyi Yang,1481.09,5,2023-02-27
WTA,Elyse Lavender,1480.98,5,2020-03-09
WTA,Prerna Bhambri,1480.93,5,2021-03-29
WTA,Farren Allysia Sandy,1480.66,5,2023-03-27
WTA,Isabelle Gabriela Turturea,1480.57,5,2022-08-08
WTA,Amani Shah,1480.51,5,2022-06-13
WTA,Victoria Wiche,1480.33,5,2021-11-01
ATP,Joao Pedro Didoni Bonini,1480.16,5,2026-03-16
ATP,Guelfo Baldovinetti,1480.07,5,2023-09-11
WTA,Victoria Sasinka,1479.93,5,2023-04-17
WTA,Parneet Kaur,1479.79,5,2022-07-11
WTA,Isabella Ortiz,1479.68,5,2022-03-21
ATP,Maceo Simpson,1479.46,5,2022-05-16
WTA,Lola Emilie Bean,1479.28,5,2024-10-21
WTA,Nina Simonova,1479.26,5,2022-11-14
WTA,Sama Hassan Hindawy,1479.14,5,2022-04-11
WTA,Ilona Haavisto,1478.91,5,2024-07-29
ATP,Mike Loccisano,1478.54,5,2025-05-05
ATP,Riccardo Chessari,1478.46,5,2023-02-06
WTA,Amila Jusufbegovic,1478.39,5,2023-06-05
WTA,Jiayun Zhu,1478.3,5,2022-07-18
ATP,Pedro Henrique Chabalgoity,1477.99,5,2025-11-03
ATP,Tobia Grandinetti,1477.91,5,2025-11-17
WTA,Larissa Silenci,1477.9,5,2025-11-17
ATP,Markus Bolin,1477.87,5,2025-03-10
ATP,Alan Kam,1477.75,5,2024-06-24
WTA,Filippa Stieg,1477.7,5,2025-08-25
ATP,Logan Zapp,1477.0,5,2024-08-12
WTA,Andraina Mitia Voavy,1476.63,5,2023-02-27
WTA,Anouk Richter,1476.52,5,2023-07-24
ATP,Mats Hermans,1476.09,5,2024-09-02
ATP,David Vega Hernandez,1475.84,5,2026-03-16
ATP,Damir Abdusamadov,1475.66,5,2025-08-04
ATP,Mats Bredschneijder,1475.62,5,2024-06-24
WTA,Tejasvi Kate,1475.45,5,2021-12-27
WTA,Karolina Valentova,1475.42,5,2024-11-11
WTA,Anika Lemus Maldonado,1475.32,5,2022-05-16
ATP,Dorian Juszczak,1475.27,5,2025-09-08
WTA,Cylova Zuleyka Hukmasabiyya,1475.24,5,2024-11-25
ATP,Vullnet Tashi,1475.22,5,2025-12-22
WTA,Fanny Pire,1475.17,5,2024-08-19
ATP,Tim Vaisman,1475.14,5,2026-05-18
WTA,Madlena Orlova,1474.56,5,2022-10-10
ATP,Kaan Isak Kosaner,1474.54,5,2026-05-18
ATP,Aleksandar Ljubojevic,1474.52,5,2024-07-29
ATP,Nico Rating,1474.38,5,2024-08-26
ATP,William Chase Thompson,1474.36,5,2023-06-19
WTA,Teodora Prisadnikova,1474.35,5,2024-10-21
ATP,Livas Eduardo De Carvalho Damazio,1474.22,5,2026-06-01
ATP,Felipe Martinez Sarrasague,1474.19,5,2021-10-18
ATP,Linus Videhult,1473.99,5,2023-10-09
ATP,Tim Loosen,1473.9,5,2022-05-23
WTA,Sati Aubakirova,1473.84,5,2024-04-22
ATP,Benjamin Loccisano,1473.25,5,2023-09-11
WTA,Sally Pethybridge,1473.23,5,2024-08-12
WTA,Lexie Weir,1473.22,5,2023-07-24
WTA,Luise Helena Janse Van Rensburg,1473.16,5,2024-06-24
WTA,Hana Becirovic Novak,1473.07,5,2023-06-12
WTA,Maria Suarez Alonso,1473.06,5,2024-08-26
ATP,Kornel Halmos,1473.04,5,2025-05-26
WTA,Chika Miyahara,1472.81,5,2026-05-11
ATP,Juan David Velasquez,1472.37,5,2023-02-13
WTA,Rachita Talwar,1472.04,5,2024-02-26
ATP,Ryder Jackson,1471.82,5,2026-06-01
WTA,Leticia Solakov,1471.51,5,2026-02-23
WTA,Siyoen Sim,1471.51,5,2026-02-16
ATP,Adam Gabor Szoke,1470.7,5,2025-11-24
WTA,Aimee Knowles,1470.57,5,2024-10-28
WTA,Miyu Nishiwaki,1470.3,5,2026-05-25
WTA,Celine Fritsch,1470.03,5,2024-05-06
WTA,Wakako Hino,1469.85,5,2024-11-04
ATP,Arian Barbic,1469.83,5,2026-06-01
ATP,Timothy Carlsson Seger,1469.66,5,2025-07-07
WTA,Mi Seong Sim,1469.6,5,2025-05-12
ATP,Matija Samardzic,1469.34,5,2022-11-21
WTA,Isidora Lisboa,1469.1,5,2026-03-16
ATP,Jose Hernandez,1469.03,5,2020-02-24
ATP,Paul Spencer,1468.91,5,2023-04-24
ATP,Dario Alexandru Ciobotaru,1468.68,5,2026-06-01
WTA,Rio Wakayama,1468.62,5,2024-05-27
ATP,Juan Martin Fumeaux Buenaventura,1468.61,5,2024-03-18
WTA,Ninon Carpentier,1468.35,5,2026-01-05
WTA,Sasha Situe,1468.28,5,2025-09-08
ATP,Victor Paganetti,1468.07,5,2026-05-11
ATP,Andrey Golubev,1467.89,5,2023-05-15
WTA,Laura Palumbo,1467.54,5,2024-01-08
WTA,Greta Klimaviciute,1467.47,5,2024-04-29
ATP,Amaan Siddiqui,1467.29,5,2026-04-27
ATP,Mikhail Khodorchenko,1466.98,5,2026-05-25
ATP,Anmar Faleh Alhogbani,1466.96,5,2023-01-09
ATP,Sabit Suntic,1466.53,5,2021-12-06
WTA,Martina Gledacheva,1466.48,5,2021-06-14
WTA,Gabriela Tevez,1466.1,5,2025-10-06
WTA,Athena Rosas Pacifico,1465.76,5,2024-07-08
ATP,Vicente Monge,1465.3,5,2025-12-15
ATP,Robbie Arends,1465.04,5,2021-02-07
WTA,Emira Diabate,1465.0,5,2026-05-18
WTA,Alice Stevens,1464.98,5,2024-09-16
ATP,Maximus Zavier Wong,1464.96,5,2026-04-20
WTA,Emma Fulvia Wiesenfeld,1464.91,5,2025-09-22
WTA,Yuki Mizuguchi,1464.77,5,2024-05-06
WTA,Serena Paris,1464.3,5,2024-12-02
ATP,Anatoliy Petrenko,1463.94,5,2020-03-09
ATP,Divij Sharan,1463.38,5,2024-07-15
WTA,Sarah Boussaffir,1462.96,5,2026-04-20
ATP,Kaue Noatto,1462.96,5,2026-01-19
WTA,Karina Kovalchuk,1462.67,5,2024-06-24
ATP,Brian Cernoch,1462.63,5,2022-07-11
ATP,Alex Bancila,1462.58,5,2024-07-01
ATP,Alessandro Dragoni,1462.47,5,2024-07-01
WTA,Gloria De Santis,1462.07,5,2026-02-16
WTA,Daniel Baranes,1462.0,5,2026-02-09
WTA,Natela Dzalamidze,1461.65,5,2021-04-19
WTA,Julia Oczachowska,1461.42,5,2021-11-22
WTA,Pei Hsuan Kuo,1461.3,5,2024-07-08
WTA,Taylor Nix,1461.23,5,2023-05-22
WTA,Xiling Peng,1461.17,5,2024-08-12
ATP,Carles Rojas,1461.17,5,2026-05-04
ATP,Oscar Gabriel Ortiz,1460.97,5,2023-11-06
ATP,Anze Arh,1460.96,5,2020-01-13
ATP,Flavio Bocci,1460.8,5,2026-04-27
ATP,Nikita Alosha,1460.66,5,2022-02-07
WTA,Darina Sadykova,1460.51,5,2025-08-04
ATP,Jean Baptiste Badon,1460.4,5,2026-06-01
ATP,Yamato Yukawa,1460.35,5,2025-06-02
ATP,Felipe Assuncao Garla,1460.28,5,2026-05-11
WTA,Anastasija Ignjatic,1460.2,5,2024-06-03
WTA,Marie Hubricht,1459.98,5,2024-11-04
ATP,Javier Guzman,1459.9,5,2026-01-12
WTA,Laure Razet,1459.88,5,2021-05-17
ATP,Matic Hribar,1459.85,5,2026-05-25
ATP,Hesam Yazdi,1459.75,5,2024-01-08
WTA,Nehir Ertan,1459.6,5,2024-12-02
ATP,Maxime St Hilaire,1459.34,5,2026-04-27
WTA,Francesca De Matteo,1459.17,5,2024-03-25
WTA,Alexia Ioana Tatu,1458.92,5,2026-06-01
WTA,Saumya Ronde,1458.86,5,2026-03-30
ATP,Sean Kamyshev,1458.67,5,2022-10-24
ATP,Ritesh Patil,1458.6,5,2025-07-07
WTA,Risako Togashi,1458.57,5,2024-11-04
ATP,Marin Dumitru,1458.28,5,2024-12-09
WTA,Tara Katarina Milic,1458.17,5,2020-03-09
WTA,Tzu Ying Tseng,1458.13,5,2024-06-24
WTA,Lera Zaginauko,1458.12,5,2022-06-13
WTA,Rocio Martinez Azcarraga,1458.06,5,2022-02-07
WTA,Maria Jose Hernandez Diaz,1457.97,5,2023-02-20
ATP,Emil Rast,1457.75,5,2025-10-27
ATP,Taha Kapadia,1457.63,5,2020-03-09
WTA,Lauren Friedman,1457.59,5,2023-11-13
WTA,Asmi Adkar,1457.55,5,2024-04-29
WTA,Giulia Alexandra Musat,1457.36,5,2025-07-07
ATP,Agustin Salazar Salazar,1457.36,5,2026-04-27
ATP,Lucas Obeid,1457.02,5,2021-11-08
WTA,Laura Cuesta Bret,1456.85,5,2024-06-10
ATP,Kabeer Kapasi,1456.82,5,2024-10-14
WTA,Aurora Piccinini,1456.58,5,2025-06-09
WTA,Elizabeth Goldsmith,1456.57,5,2023-06-12
ATP,Ofek Amoyal,1456.57,5,2022-10-24
WTA,Aaliya Ebrahim,1456.49,5,2022-02-21
ATP,Abdulaziz Usmonjonov,1456.37,5,2026-05-04
WTA,Ellasyn Deford,1456.34,5,2023-11-06
WTA,Senem Ocal,1456.18,5,2021-01-11
WTA,Kseniia Saenko,1455.67,5,2024-06-24
ATP,Pablo Robledo Hoyos,1455.64,5,2025-10-06
WTA,Hannah Schaefer,1455.55,5,2025-02-24
WTA,Elena Trencheva,1455.49,5,2020-03-09
ATP,Romain Arneodo,1455.34,5,2026-04-05
WTA,Maria Kallistrou,1455.32,5,2020-03-09
WTA,Wing Kiu Jacqueline Lam,1455.29,5,2024-10-07
ATP,Henrik Villanger,1455.29,5,2026-01-05
WTA,Ruth Copas,1455.22,5,2025-07-28
WTA,Maria Siopacha,1455.02,5,2024-03-18
WTA,Kiah James,1455.0,5,2022-07-04
WTA,Emma Fantusis,1454.81,5,2026-05-25
ATP,Muni Ananth Mani,1454.79,5,2024-09-30
WTA,Perla Conde Vendrell,1454.63,5,2022-06-27
WTA,Allie Murrell,1454.61,5,2023-10-09
WTA,Suweechaya Boonlaing,1454.35,5,2022-06-20
ATP,Hasan Ibrahim,1454.31,5,2021-10-11
ATP,Dusan Baranec,1454.31,5,2024-10-14
WTA,Valentina Suvirdjonkova,1454.28,5,2026-01-05
WTA,Supanid Nopparith,1454.2,5,2023-05-29
WTA,Elisa Pari,1454.16,5,2023-11-27
WTA,Klara Vukicevic,1453.74,5,2024-05-27
ATP,Vasil Dimitrov,1453.54,5,2024-08-12
WTA,Gloria Jovic,1453.31,5,2024-10-28
WTA,Winnie Wing Yee Choi,1453.27,5,2024-10-28
ATP,Shaheed Alam,1453.18,5,2021-02-22
WTA,Natalia Mora Ballo,1453.04,5,2024-10-14
ATP,Julian  Alonso,1452.96,5,2023-04-24
WTA,Matilde Novais,1452.75,5,2026-02-02
WTA,Rebecca Fiedler,1452.65,5,2023-05-15
WTA,Ezgi Cagil Ozcelik,1452.57,5,2025-03-17
WTA,Jacqueline Cako,1452.55,5,2020-03-02
WTA,Aurore Felsenhart,1452.49,5,2022-11-21
WTA,Caroline Hermanns,1452.34,5,2025-10-20
WTA,Ylenia Zocco,1452.31,5,2026-03-16
WTA,Lara Nodis,1452.28,5,2026-02-16
WTA,Andrea Redondo Gutierrez,1452.2,5,2020-11-02
ATP,Itamar Tapiro,1451.86,5,2023-07-31
ATP,Ahmed Zaki,1451.48,5,2025-11-10
WTA,Delien Kleinhans,1451.45,5,2021-02-15
WTA,Margot Bouchelaghem,1451.41,5,2024-08-12
ATP,Davide Ferrarolli,1451.39,5,2024-02-19
ATP,Stefan Milicevic,1451.23,5,2023-08-07
WTA,Mariella Minetti,1451.0,5,2022-08-08
WTA,Ananya Dhankhar,1450.85,5,2023-02-20
ATP,Fran Rakonic,1450.85,5,2026-05-11
ATP,Gabriele Camilli,1450.64,5,2024-04-22
WTA,Bente Patist,1450.53,5,2022-11-21
ATP,Simonas Zukauskas,1450.43,5,2022-02-28
WTA,Larisa Arnautovic,1450.35,5,2026-03-16
WTA,Onalee Wagner,1450.1,5,2026-05-18
ATP,Santiago Padilla Cote,1450.1,5,2024-04-15
WTA,Brianda Rebeca Navarro,1449.92,5,2023-01-16
WTA,Constanza Fernandez Rincon,1449.89,5,2026-02-23
ATP,Andreas Loizas,1449.89,5,2026-05-11
ATP,Dac Tien Nguyen,1449.86,5,2022-10-03
ATP,Birtan Duran,1449.65,5,2026-05-25
WTA,Tajda Zalokar,1449.53,5,2021-06-21
WTA,Romary Cardenas Rifka,1449.52,5,2020-02-17
WTA,Chieh Erh Cheng,1449.34,5,2024-09-09
ATP,Sebastian Santibanez,1449.01,5,2023-11-27
ATP,Ilya Rudiukov,1448.96,5,2022-09-05
WTA,Clara Schoen,1448.87,5,2024-08-05
WTA,Anastasiya Feklistova,1448.32,5,2021-01-18
WTA,Grace Koenig,1448.27,5,2025-07-14
WTA,Laura Goncalves Portela Borges,1447.94,5,2024-12-09
WTA,Sofiya Krinitsina,1447.92,5,2022-10-31
WTA,Anastassia Pantelic,1447.87,5,2021-06-14
WTA,Elif Kara,1447.86,5,2022-02-28
WTA,Angela Portoman,1447.69,5,2024-09-02
WTA,Erika Drozd Pereira,1447.56,5,2020-02-10
WTA,Gurleen Singh,1447.46,5,2023-11-27
WTA,Moira Valeria Miranda,1447.43,5,2022-11-14
WTA,Maria Vasileiadi,1447.38,5,2022-05-16
ATP,Carlos Gimenez Perez,1447.18,5,2024-12-02
ATP,Mason Recci,1447.02,5,2022-05-23
WTA,Heewon Kil,1446.87,5,2025-05-26
WTA,Natalia Klys,1446.57,5,2026-06-01
WTA,Daniela Jelinkova,1446.5,5,2020-01-20
WTA,Raluca Puscas,1446.33,5,2022-05-16
ATP,Jeiden Saidizand,1445.99,5,2024-05-13
WTA,Nigina Alimova,1445.89,5,2025-10-27
WTA,Defne Cavus,1445.88,5,2026-02-23
WTA,Yasmina Karimjanova,1445.71,5,2021-05-31
WTA,Bahar Kilic,1445.7,5,2026-01-12
ATP,Benedikt Szerencsits,1445.67,5,2025-09-01
ATP,Harold Van Raemdonck,1445.6,5,2024-07-22
WTA,Anna Caroline,1445.5,5,2022-05-23
WTA,Alicia Owegi,1445.38,5,2024-07-29
ATP,Kuan Shou Chen,1445.31,5,2025-11-03
WTA,Johanna Strom,1445.18,5,2021-05-17
WTA,Kristina Kovgan,1445.12,5,2026-06-01
ATP,Angel Josue Maleno Rosario,1445.06,5,2022-08-15
WTA,Ivana Celic,1444.89,5,2024-10-21
ATP,Luca Margaroli,1444.66,5,2024-03-04
WTA,Anu Moar,1444.55,5,2024-09-02
ATP,Alberto Garcia Garcia,1444.25,5,2026-03-23
WTA,Raquel Alvaro,1444.05,5,2022-10-10
ATP,Gus Grumet,1444.03,5,2025-11-03
WTA,Manuela Ganciar,1443.98,5,2024-11-25
WTA,Alexandra Mihaela Mazilu,1443.97,5,2024-07-22
ATP,Jason Taylor,1443.91,5,2023-07-10
WTA,Mora Basel,1443.85,5,2024-11-11
ATP,Ajay Pruthvi Nemakal,1443.59,5,2022-10-24
WTA,Alison Bai,1443.54,5,2022-01-10
WTA,Odessa Eisch,1443.45,5,2024-11-18
WTA,Alisa Terentyeva,1443.28,5,2026-05-04
ATP,Bautista Leguizamon,1443.17,5,2025-07-28
WTA,Riya Sachdeva,1443.11,5,2026-04-27
WTA,Elene Buchukuri,1442.53,5,2024-08-05
WTA,Mahika Khanna,1442.31,5,2026-04-27
ATP,Luca Teboul,1442.29,5,2023-05-01
WTA,Prisha Baliga,1442.19,5,2024-02-26
ATP,Joan Torres Espinosa,1442.19,5,2025-10-13
WTA,Rene Naishtut Nikishov,1442.0,5,2024-07-01
WTA,Layla Elragabi,1441.51,5,2022-01-10
ATP,Matei Adrian Georgescu,1441.37,5,2020-09-14
WTA,Mariya Yemshanova,1441.3,5,2026-05-25
ATP,Kenneth Rabinad Vila,1441.29,5,2024-05-13
ATP,Mikhail Malakhovich,1441.15,5,2024-09-16
WTA,Celia Morel,1441.07,5,2024-07-08
WTA,Milica Martinovic,1440.86,5,2024-06-03
WTA,Clara Cwajgenbaum,1440.78,5,2024-03-18
WTA,Vidula Amar,1440.77,5,2024-03-04
ATP,Iago Dominguez Alvarez,1440.77,5,2025-04-21
ATP,Pierce Brazil Rollins,1440.3,5,2024-06-17
WTA,Isabella Dunlap,1440.13,5,2023-05-15
ATP,Julian Messina,1439.92,5,2025-08-04
WTA,Maria Muratova,1439.76,5,2026-01-12
WTA,Mia Milisavljevic,1439.56,5,2024-05-27
ATP,Lachlan Gaskell,1439.33,5,2026-02-09
WTA,Laetitia Perona,1439.27,5,2022-11-28
ATP,Hugo Soares,1438.73,5,2026-05-04
WTA,Celia Bajo,1438.66,5,2023-03-13
WTA,Gabriela Paun,1438.31,5,2026-05-25
WTA,Mariapaz Ospina,1438.22,5,2024-04-22
ATP,Romain Andres,1438.07,5,2026-06-01
WTA,Laura Villanueva Morillo,1437.42,5,2023-10-02
ATP,William Mclennaghan,1437.42,5,2026-05-04
ATP,Alejandro Ochoa,1437.18,5,2025-02-24
ATP,Mathis Debru,1437.16,5,2025-11-10
ATP,Peter Sychev,1437.07,5,2025-10-27
WTA,Morgan Cross,1436.84,5,2023-08-07
ATP,Eleftherios Neos,1436.62,5,2025-03-17
ATP,Wonmin Kim,1436.31,5,2026-05-25
ATP,Sandro Szic,1436.01,5,2022-09-05
WTA,Anna Dziarkowska,1435.91,5,2022-08-08
WTA,Elena Calzada De Castro,1435.51,5,2024-07-29
WTA,Natalia Castaneda Guerrero,1435.13,5,2025-07-28
WTA,Sophie Parente,1435.08,5,2024-05-06
WTA,Nika Bumbak,1435.0,5,2025-09-29
ATP,Amar Huseinovic,1434.65,5,2025-05-19
WTA,Sae Utsunomiya,1434.3,5,2025-05-12
ATP,Niv Zuckerman,1434.22,5,2022-10-31
ATP,You Du,1434.11,5,2025-09-08
ATP,Duncan Mccall,1434.06,5,2025-12-15
ATP,Marko Maric,1433.97,5,2026-03-02
WTA,Olga Molchanova,1433.78,5,2024-09-02
ATP,Tommaso Roggero,1432.92,5,2022-09-12
ATP,Constantin Radu,1432.86,5,2024-09-23
WTA,Paula Cabrer,1432.68,5,2022-03-21
ATP,Parikshit Somani,1432.52,5,2025-09-01
WTA,Luciana Braga,1432.5,5,2023-05-22
ATP,Jabari Stafford,1432.41,5,2021-10-04
ATP,Yi Wei Zhang,1432.41,5,2025-09-22
ATP,Cooper Kose,1432.27,5,2026-02-09
ATP,Suleyman Deniz Gursoy,1432.13,5,2023-01-09
WTA,Abigeyle Bhopal,1432.12,5,2026-03-09
WTA,Dooa Akyurek,1431.79,5,2022-03-21
ATP,Tomas Papik,1431.69,5,2021-06-21
ATP,Patrick Kotan,1431.63,5,2026-04-27
ATP,Haydar Cem Gokpinar,1431.61,5,2026-06-01
ATP,Noah Merre,1431.54,5,2025-11-17
WTA,Karin Dirnbek,1431.12,5,2023-06-05
ATP,Bruno Oliveira,1430.84,5,2026-05-11
WTA,Carla Del Barrio,1430.77,5,2020-11-02
WTA,Maike Tiemersma,1430.74,5,2023-05-29
ATP,Ammar Alhogbani,1430.67,5,2021-11-22
WTA,Sofya Vedernikova,1430.49,5,2024-11-25
WTA,Alessandra Quintero Zaugg,1430.29,5,2024-12-16
WTA,Ruixi Zhang,1430.0,5,2024-06-24
ATP,Klim Kozyrev,1429.98,5,2023-02-27
WTA,Marina Adati,1429.9,5,2024-06-03
WTA,Zala Vnuk,1429.71,5,2024-03-11
WTA,Camille Cheli,1429.31,5,2025-09-08
ATP,Mateo Matulovich,1428.9,5,2025-07-07
WTA,Marie Brard Vidot,1428.76,5,2022-02-14
WTA,Dawon Chung,1428.38,5,2023-05-29
ATP,Diego Eloy Mendez Montiel,1428.14,5,2026-03-16
ATP,Nikola Matovic,1427.94,5,2025-08-18
ATP,William Ma,1427.85,5,2021-09-27
ATP,Danil Spasibo,1427.74,5,2021-10-11
WTA,Luiza Eidelvein,1427.58,5,2024-04-01
WTA,Tereza Krenkova,1426.7,5,2020-11-23
WTA,Ginebra Zoe Dominguez Riveros,1426.51,5,2025-11-10
ATP,Amor Jasika,1426.37,5,2022-08-15
WTA,Maria Gomez,1426.35,5,2020-03-02
ATP,Santiago Russo,1426.34,5,2024-03-18
WTA,Savannah Webster,1426.33,5,2024-11-04
WTA,Alexandra Damaschin,1426.07,5,2024-11-11
WTA,Andrea Perez Bordon,1425.94,5,2023-04-24
WTA,Dasha Borodatova,1425.44,5,2022-01-17
ATP,Artiom Dorofeev,1425.26,5,2023-07-24
ATP,Viacheslav Yulik,1425.16,5,2025-05-26
WTA,Maria Penalver Aguilo,1425.12,5,2025-09-15
WTA,Viktoria Kleer Kliimand,1425.07,5,2022-08-08
WTA,India Rojano,1424.97,5,2023-10-23
ATP,Mateo  Labuckas,1424.97,5,2023-02-20
WTA,Laiza Sicatto Da Silva,1424.87,5,2022-08-01
WTA,Adrienn Putirac,1424.64,5,2024-08-05
WTA,Mariana Vargas Carrascal,1424.48,5,2021-05-10
WTA,Malak Walaa Mohamed,1424.42,5,2022-08-15
WTA,Mia Sara Ribnikar,1424.42,5,2025-07-28
ATP,Naufal Siddiq Kamaruzzaman,1424.32,5,2025-11-24
WTA,Rhea Arora,1424.23,5,2024-07-01
WTA,Nayoung Lee,1423.65,5,2024-09-30
ATP,Jakub Krawczyk,1423.42,5,2025-08-11
ATP,Nikoloz Davlianidze,1423.39,5,2022-08-08
WTA,Aliz Stumpf,1423.16,5,2024-04-29
WTA,Neda Simic,1423.02,5,2025-07-21
ATP,Eugenio Almeida Junior,1423.02,5,2025-11-24
ATP,George Gregoriou,1422.91,5,2026-05-04
WTA,Maria Kontolaimaki,1422.8,5,2021-06-07
ATP,Beren Tan,1422.51,5,2025-11-03
WTA,Abigail Gunawan,1422.21,5,2024-03-18
WTA,Silvia Caliman,1422.17,5,2026-06-01
ATP,Claudio Renardi Lumanau,1422.15,5,2024-09-09
WTA,Yelena Isabel Sanchez Contreras,1422.14,5,2024-11-25
WTA,Claudia Pastor Sancho,1421.97,5,2022-11-28
ATP,Mikayel Avetisyan,1421.81,5,2026-06-01
WTA,Lola Maya Gutensohn,1421.39,5,2023-03-27
WTA,Jessica Franke,1421.11,5,2024-02-26
ATP,Wulfrano Martinez Mora Esdras,1420.34,5,2026-04-27
WTA,Majra Djokic,1420.09,5,2024-07-01
WTA,Alina Muradow,1420.01,5,2021-05-03
WTA,Asli Yagmur Kunduk,1419.36,5,2022-04-18
WTA,Africa Guzman Garcia,1419.35,5,2026-03-02
WTA,Diana Khaydarshina,1419.27,5,2023-02-27
ATP,Yunes Talavar,1418.48,5,2025-05-05
WTA,Yunfei Cai,1418.33,5,2024-11-25
WTA,Elena Rey,1417.62,5,2022-08-01
WTA,Lara Torres,1417.02,5,2022-10-10
WTA,Niharika Deshmukh,1416.91,5,2022-06-20
WTA,Isabeli Andreola,1416.68,5,2025-12-15
ATP,Anurag Agarwal,1416.32,5,2024-07-29
WTA,Tereza Susen,1416.24,5,2024-08-19
WTA,Thaniya Sarai Gogulamanda,1415.97,5,2025-10-27
WTA,Pragati Solankar,1415.44,5,2024-12-09
ATP,Santiago Ruiz Velasco Hermida,1415.44,5,2025-02-24
WTA,Rebecca Lo Pumo,1414.93,5,2023-11-13
WTA,Karolina Mrowiecova,1414.7,5,2022-02-28
ATP,Oges Theyjo Jaya Prakash,1414.57,5,2026-02-09
WTA,Mayra Arce Gonzalez,1413.86,5,2024-11-04
WTA,Bundhel Amarjot,1413.55,5,2023-06-05
ATP,Strahinja Musicki,1413.52,5,2024-05-20
ATP,Adam Bajurko,1413.51,5,2026-05-18
WTA,Sonia Mangat,1413.09,5,2024-07-01
WTA,Maxine Sophie Kammerer,1412.74,5,2026-05-18
WTA,Tiana Philippides,1409.02,5,2024-07-01
ATP,Cheik Pandzou Ekoume,1408.84,5,2025-02-17
WTA,Sampada Coster,1408.78,5,2022-05-16
ATP,Tymofii Milovanov,1406.88,5,2025-08-18
WTA,Veronika Lutsenko,1401.9,5,2025-05-26
WTA,Coco Gauff,1582.16,4,2021-02-22
WTA,Ons Jabeur,1560.56,4,2025-06-16
ATP,Di Wu,1549.86,4,2020-01-13
ATP,Grigor Dimitrov,1543.9,4,2026-05-12
ATP,Tomas Liska,1542.99,4,2021-08-16
WTA,Jenna Sloan,1541.29,4,2023-06-19
WTA,Duru Yagmur Durgun,1538.95,4,2022-12-12
WTA,Bridget Stammel,1536.92,4,2024-07-22
WTA,Carly Briggs,1534.71,4,2024-08-12
WTA,Demi Schuurs,1534.55,4,2023-09-18
WTA,Elizabeth Scotty,1534.09,4,2021-10-04
WTA,Anna Parkhomenko,1533.05,4,2020-01-20
WTA,Isabela Mocelin Romanichen,1530.89,4,2021-11-29
ATP,Alexander Stepin,1530.8,4,2021-03-08
WTA,Charlotte Robillard Millette,1529.34,4,2020-03-02
WTA,Ayumi Hirata,1528.61,4,2020-03-02
WTA,Martina Zerulo,1528.07,4,2021-10-11
WTA,Giulia Gabba,1526.93,4,2024-10-14
WTA,Valeriya Zeleva,1526.48,4,2022-02-28
WTA,Kathryn Treiber,1525.84,4,2022-11-07
WTA,Sofiia Paladi,1525.71,4,2021-08-23
WTA,Daryna Shoshyna,1523.86,4,2025-06-30
WTA,Anna Perelman,1523.32,4,2023-05-01
WTA,Ishika Ashar,1522.38,4,2024-11-18
WTA,Stefi Marithe Aludo,1518.96,4,2026-01-26
ATP,Bengt Johan Reinhard,1517.46,4,2025-08-25
WTA,Caroline Shao,1516.98,4,2025-11-10
ATP,Damien Clerc,1516.36,4,2025-10-13
ATP,Eudald Gonzalez,1516.1,4,2026-02-02
WTA,Alessia Antici,1516.09,4,2025-09-15
ATP,Jack Secord,1515.36,4,2026-02-23
WTA,Amra Hercegovac Sadikovic,1514.15,4,2026-02-02
WTA,Rebeka Margareta Mertena,1512.74,4,2023-07-03
WTA,Yuika Ikawa,1512.52,4,2024-07-29
WTA,Desirae Krawczyk,1511.99,4,2022-09-19
ATP,Andre Biro,1510.0,4,2022-05-09
ATP,Pierce Rollins,1509.98,4,2022-08-01
WTA,Sara Saad,1509.31,4,2026-05-18
WTA,Alison Riske Amritraj,1509.01,4,2023-01-09
ATP,Kiruthik Kalyaan As,1508.7,4,2024-10-14
ATP,Guillermo Olaso,1508.62,4,2025-08-04
WTA,Kylie Bilchev,1508.39,4,2023-07-17
WTA,Rozalie Dohnalova,1507.95,4,2021-04-19
ATP,Farzin Danny Amiri,1507.54,4,2021-12-06
WTA,Julia Garcia Ruiz,1507.42,4,2025-08-18
WTA,Anya Chavez,1507.41,4,2023-06-19
WTA,Montserrat Marron,1507.4,4,2026-03-02
ATP,Kevin Chahoud,1507.29,4,2022-01-24
WTA,Carla Suarez Navarro,1506.97,4,2020-02-17
WTA,Iveta Daujotaite,1506.94,4,2021-06-07
ATP,Enrico Giacomini,1506.27,4,2023-08-28
WTA,Tea Pavlicic,1505.93,4,2022-02-07
WTA,Jiyoung Seo,1505.61,4,2023-09-04
WTA,Hannah Ayrault,1505.33,4,2026-04-13
WTA,Giulia La Rocca,1505.17,4,2021-11-15
WTA,Gabriela Nicole Tatarus,1504.95,4,2020-02-24
ATP,Isaac Arturo Arevalo,1504.92,4,2022-09-19
WTA,Lina Bezza,1504.64,4,2026-06-01
WTA,Eva Kaliadina,1504.54,4,2026-05-18
WTA,Yuu Kizuka,1504.37,4,2024-03-18
WTA,Marija Lauva,1504.0,4,2025-11-03
ATP,Jo-Wilfried Tsonga,1503.9,4,2022-02-21
WTA,Audelie Lesauvage,1503.8,4,2024-10-14
WTA,Julie Sappl,1503.36,4,2021-02-22
WTA,Augusta Lucia Grau Kristensen,1503.36,4,2023-11-27
ATP,Rodrigo Banzer,1503.14,4,2020-03-02
ATP,Zongbing Yu,1502.92,4,2024-06-17
ATP,Tanner K Smith,1502.33,4,2020-01-20
ATP,Rodrigo Crespo Piedra,1502.16,4,2024-11-18
ATP,Theodore Winegar,1501.87,4,2026-04-06
ATP,Roee Benya,1501.42,4,2021-11-08
WTA,Francesca Rumi,1501.28,4,2020-01-27
WTA,Dana Heimen,1501.23,4,2021-10-04
ATP,Luis Molina,1501.23,4,2022-11-14
WTA,Nandini Dixit,1501.03,4,2022-06-20
ATP,Diego Duran,1500.99,4,2025-07-21
WTA,Carmen Schultheiss,1500.89,4,2020-02-24
WTA,Hu Yahui,1500.82,4,2024-05-13
ATP,Gael Monfils,1500.6,4,2023-03-13
WTA,Jelena Vico,1500.45,4,2024-10-21
WTA,Carla Verdu Azorin,1500.26,4,2022-12-05
WTA,Marta Leon Jaume,1500.04,4,2026-04-27
ATP,Pietro Rimondini,1499.86,4,2021-11-01
WTA,Cornelia Lister,1499.76,4,2020-03-09
WTA,Jacey Tian,1499.22,4,2024-08-12
WTA,Jinte Eve De Boer,1499.12,4,2025-11-24
WTA,Shir Azran,1499.03,4,2022-06-13
WTA,Emerald Able,1499.02,4,2020-01-20
WTA,Sarra Attig,1498.91,4,2024-10-14
WTA,Nela Charvatova,1498.86,4,2025-11-03
WTA,Vickie Trocker,1498.81,4,2020-01-20
ATP,Henrik Traskin,1498.56,4,2020-01-27
WTA,Chaewon Whang,1498.52,4,2024-09-30
WTA,Madoka Yokokawa,1498.5,4,2023-03-27
WTA,Oriana Parkins Godwin,1498.27,4,2021-01-18
WTA,Katharina Spieth,1498.23,4,2023-11-27
WTA,Rixt Van Der Werff,1498.2,4,2024-07-01
ATP,Valentino Conte,1498.06,4,2026-05-11
WTA,Lorin Tilipman,1498.03,4,2021-05-10
WTA,Elizaveta Gavrilova,1497.86,4,2021-11-29
WTA,Nevena Kolarevic,1497.79,4,2021-07-05
WTA,Emily Burns,1497.31,4,2020-02-10
WTA,Laura Sofia Ramos Ramirez,1496.72,4,2021-11-15
WTA,Brooke Killingsworth,1496.47,4,2020-02-17
WTA,Akina Shiga,1496.45,4,2026-05-11
WTA,Lucie Safarova,1496.39,4,2024-07-22
ATP,Florian Lakat,1496.38,4,2023-09-11
WTA,Helen Parsons,1496.36,4,2023-07-31
WTA,Rion Itaya,1496.28,4,2025-11-03
WTA,Lea Karren,1496.28,4,2025-03-03
WTA,Rafaela Platsiota,1496.05,4,2022-05-23
WTA,Yeri Hong,1495.86,4,2026-04-27
WTA,Darya Zykova,1495.84,4,2021-11-22
WTA,Julie Gauguery,1495.6,4,2023-02-20
WTA,Victoria Grymalska,1495.47,4,2022-08-01
WTA,Grace Bernstein,1495.28,4,2026-05-11
WTA,Prapti Soni,1495.22,4,2021-03-08
WTA,Vanesa Sulcova,1495.0,4,2023-09-04
WTA,Luiza Caixeta Parreira,1494.98,4,2022-08-01
WTA,Zlata Bartanusz,1494.98,4,2025-03-03
WTA,Wambui Taylor,1494.83,4,2022-07-25
WTA,Riana Tan,1494.6,4,2023-09-18
WTA,Ana Julia Sartori,1494.51,4,2024-12-09
WTA,Angelina Daniukova,1494.03,4,2020-01-20
WTA,Isabella Hu,1493.75,4,2024-08-12
WTA,Jana Leder,1493.58,4,2024-09-02
WTA,Maria Franco,1493.08,4,2021-11-15
WTA,Mia Brayotta,1492.87,4,2024-08-05
WTA,Hyeseo Shin,1492.73,4,2022-09-05
WTA,Isabel Oliveira,1492.45,4,2023-05-22
WTA,Sarasa Kaneko,1492.39,4,2024-03-18
ATP,Saahith Jayaraman,1492.35,4,2025-06-30
ATP,Ryuhei Azuma,1492.07,4,2023-10-16
ATP,Nour Fathalla,1492.04,4,2026-05-18
WTA,Maria Gabriela Mejia,1492.03,4,2022-10-31
WTA,Emma Andrea Tutoveanu,1492.01,4,2024-03-11
WTA,Iida Heinonen,1491.98,4,2025-12-01
ATP,Sergio Redondo Pereira,1491.71,4,2023-02-06
WTA,Anna Brunet Brady,1491.28,4,2026-05-04
ATP,Zack Vialla,1491.11,4,2024-11-11
ATP,Dario Huber,1490.98,4,2024-08-26
WTA,Jiyun Oh,1490.95,4,2026-05-04
WTA,Martina Husarova,1490.37,4,2024-11-18
WTA,Anastasia Uspenskaia,1490.29,4,2021-06-21
ATP,Ignacio De Armas,1490.18,4,2025-11-24
ATP,llan Hediger,1490.09,4,2026-03-02
WTA,Eliana Blake,1489.95,4,2026-02-16
WTA,Luana Avelar,1489.92,4,2023-06-19
WTA,Jinshu Xia,1489.81,4,2025-08-11
ATP,Mattias Pisanu,1489.64,4,2026-04-27
ATP,Max Pade,1489.58,4,2026-05-25
ATP,Luis Andres Flores Avila,1489.56,4,2026-01-19
WTA,Hannah Read,1489.47,4,2023-10-16
WTA,Kenna Erickson,1489.18,4,2024-08-12
ATP,Iker Gaztambide Arrastia,1489.13,4,2025-06-16
WTA,Nicole Alfaro,1488.07,4,2024-06-10
ATP,Louay Makke,1488.02,4,2025-06-23
WTA,Nour Sahnoun,1487.77,4,2026-02-23
ATP,Baltazar Wiger Nordas,1487.74,4,2026-01-05
ATP,Mitchell Sheldon,1487.64,4,2025-11-03
ATP,Alejandro Jacome Jaramillo,1487.24,4,2025-07-14
ATP,Jannik Sinner,1487.23,4,2020-08-24
WTA,Guillermina Silva,1487.08,4,2022-11-28
WTA,Sara Maria Calmuschi,1487.07,4,2024-03-11
WTA,Emilia Namyslo,1486.33,4,2022-11-07
ATP,Christopher Rungkat,1485.68,4,2023-04-24
ATP,Adam Kaczmarek,1485.47,4,2026-05-25
ATP,Vaal Urankar,1485.29,4,2026-05-25
ATP,Jesse Witten,1485.26,4,2021-06-28
ATP,Paul Ender,1484.78,4,2024-09-09
WTA,Alston Myatt,1484.74,4,2024-11-11
ATP,Jan Simonsson,1484.72,4,2026-05-04
WTA,Prarthana G Thombare,1484.67,4,2024-09-16
WTA,Yui Komada,1484.65,4,2025-06-16
ATP,Alexander Glomb,1484.58,4,2025-10-13
WTA,Ran Inaba,1484.55,4,2024-04-08
WTA,Ambar Corbalan Miranda,1484.34,4,2026-03-23
WTA,Stefaniya Neporent,1483.81,4,2025-11-24
ATP,Tyler Stewart,1483.32,4,2023-11-06
WTA,Joana Schulten,1483.24,4,2023-05-29
WTA,Yaroslava Shvedova,1483.15,4,2021-08-23
WTA,Erika Abraham Nilsen,1482.91,4,2024-05-20
ATP,Enrico  Giacomini,1482.73,4,2023-05-08
WTA,Greta Petrillo,1482.69,4,2023-11-13
WTA,Brandy Mina,1482.59,4,2025-01-13
ATP,Ioannis Papounidis,1482.54,4,2022-05-23
WTA,Nicole Sifuentes,1482.32,4,2025-07-14
ATP,Kevin Major,1482.04,4,2023-04-24
WTA,Leana Nannapaneni,1481.88,4,2025-02-24
WTA,Sena Yoon,1481.86,4,2025-08-11
ATP,Rayane Stable,1481.69,4,2022-08-01
ATP,Maximilian Borisov,1481.6,4,2025-11-24
ATP,Marco Migliorati,1481.34,4,2026-05-11
WTA,Ena Ilic,1481.32,4,2026-06-01
ATP,Bruno Nhavene,1481.23,4,2024-10-21
ATP,Jungwoong Na,1481.18,4,2023-06-12
ATP,Julius Maximilian Haus,1480.93,4,2025-09-15
ATP,Mitchell Lee,1480.7,4,2024-06-10
WTA,Wiktoria Rutkowska,1480.48,4,2021-08-02
WTA,Nadia Affelt,1480.33,4,2025-08-11
ATP,Mateusz Kulakowski,1479.68,4,2022-09-12
WTA,Camila Antonella Neyra,1479.56,4,2021-04-05
ATP,Sergio Ingles Garre,1479.55,4,2025-03-17
ATP,Trisztan Gubi,1479.47,4,2026-06-01
WTA,Emma Scaldalai,1479.46,4,2025-11-17
WTA,Orla Cooper,1479.4,4,2023-10-16
ATP,Aron Janos Major,1479.33,4,2025-10-27
ATP,Nuno Pinheiro,1479.29,4,2023-07-24
WTA,Leonor Oliveira,1479.14,4,2022-07-04
ATP,Ali Missoum,1479.06,4,2025-12-22
WTA,Leonie Moeller,1479.02,4,2024-07-22
ATP,Matyas Kozlovsky,1478.98,4,2026-05-11
WTA,Victoria Ariadna Beccio,1478.87,4,2021-04-05
WTA,Sara Stojanovic,1478.85,4,2024-07-29
ATP,Timeo Bretin,1478.82,4,2025-06-23
ATP,Masato Perera,1478.76,4,2024-06-17
ATP,Roberto Chacon Huertas,1478.6,4,2024-06-10
WTA,Isabella Foshee,1478.58,4,2026-03-02
WTA,Yaelle Vaissaud,1478.47,4,2023-06-26
ATP,Andre Megrabian,1478.44,4,2026-05-25
WTA,Maria Tenase,1478.42,4,2023-12-11
ATP,Alessio Demichelis,1478.29,4,2024-08-19
WTA,Maja Nieradzik,1478.27,4,2024-08-19
WTA,Kaitlyn Rolls,1477.95,4,2025-07-21
ATP,Cooper Mccarthy,1477.93,4,2026-05-04
ATP,Kai Thompson,1477.89,4,2026-01-05
WTA,Marfa Mylnikova,1477.75,4,2026-03-09
ATP,Adam Faragcao,1477.61,4,2024-10-07
WTA,Margherita Viglietti,1477.22,4,2022-01-17
ATP,Agustin Mastri,1477.04,4,2023-10-16
ATP,Miguel Perez Pena,1477.01,4,2023-06-12
ATP,Alex Cairo,1476.88,4,2024-09-30
WTA,Ana Maye Martinez,1476.83,4,2026-04-27
WTA,Zaneta Malinovic,1476.79,4,2020-03-09
WTA,Silvia Zappoli,1476.49,4,2024-04-08
WTA,Floriana Popovici,1476.39,4,2024-08-05
WTA,Myrto Proimaki,1476.33,4,2024-11-04
ATP,Aditya Govila,1476.23,4,2025-02-10
WTA,Hannah Kaile Shen,1476.18,4,2024-07-01
WTA,Leticia Alessia Bazan Bazan,1476.1,4,2025-12-15
ATP,Leo Poupinel,1475.97,4,2024-11-18
ATP,Juan Pablo Grassi Mazzuchi,1475.96,4,2022-07-04
ATP,Tarek Erlewein,1475.88,4,2025-08-11
ATP,Kris Krawcewicz,1475.79,4,2022-02-14
WTA,Aahan Aahan,1475.71,4,2026-02-23
WTA,Nina Andronicou,1475.7,4,2025-11-03
ATP,Fabian Hansch Mauritzson,1475.68,4,2022-05-09
WTA,Miyuu Kimura,1475.58,4,2026-04-27
ATP,Charles Tzicas,1475.44,4,2021-05-03
WTA,Betina Buris,1475.42,4,2022-11-21
ATP,Andre Souza,1475.36,4,2026-03-23
WTA,Harena Voaviandraina,1475.35,4,2023-02-27
WTA,Zoe Hammond,1475.34,4,2025-10-06
WTA,Alba Fernandez Esteban,1475.31,4,2022-11-14
ATP,James Frawley,1475.28,4,2022-06-20
WTA,Magdalena Pantuckova,1475.22,4,2020-02-10
ATP,Konstantine Gogeliya,1475.02,4,2025-05-19
ATP,Andre Miele,1474.91,4,2021-11-08
WTA,Giulia Barberini,1474.76,4,2021-11-22
ATP,Augusto Mateo Lucarelli,1474.64,4,2026-06-01
WTA,Alissia Aleksandra Kivi,1474.38,4,2023-01-09
ATP,Luca Bluett,1474.33,4,2024-01-15
ATP,Miguel Angel Alonso,1474.21,4,2024-07-22
ATP,Yusuf Ebrahim Ahmed Abdulla Qaed,1474.0,4,2025-11-24
WTA,Calla Mcgill,1473.93,4,2025-05-12
WTA,Ulyana Romanova,1473.86,4,2023-04-10
WTA,Justyna Anna Strykova,1473.67,4,2025-11-24
WTA,Laurence Demers,1473.66,4,2026-03-02
WTA,Isabella Venter,1473.63,4,2024-06-24
ATP,Spencer Papa,1473.58,4,2020-03-02
ATP,Nicolas Rousset,1473.52,4,2021-11-01
WTA,Ema Bubalo,1473.38,4,2022-05-02
WTA,Jana Radojkovic,1473.33,4,2024-05-06
WTA,Eva Zharova,1473.12,4,2024-05-13
ATP,Denys Molchanov,1473.12,4,2025-10-27
WTA,Anna Pribylova,1473.08,4,2021-08-16
WTA,Kida Ferrari,1473.02,4,2023-11-06
ATP,Jan Pleva,1473.02,4,2023-08-28
ATP,Aqeel Khan,1472.99,4,2025-11-24
WTA,Andrea Burguete Beltran,1472.83,4,2026-02-09
WTA,Claudia De Lucas Rivera,1472.81,4,2024-11-18
WTA,Vesa Gjinaj,1472.72,4,2022-02-07
WTA,Anna Demirtzi,1472.67,4,2023-11-27
ATP,Maximus Dussault,1472.59,4,2025-11-17
WTA,Azusa Ishii,1472.51,4,2026-05-04
ATP,Frazier  Rengifo,1472.39,4,2023-08-07
ATP,Petar Pjevcevic,1472.31,4,2022-05-16
ATP,Stijn Hofman,1472.31,4,2026-05-25
WTA,Evana Bowell,1472.29,4,2020-03-02
WTA,Constanza Cruz,1472.29,4,2021-04-05
WTA,Rachael Phelan,1472.22,4,2024-04-01
WTA,Michaela Eddins,1472.19,4,2025-06-09
WTA,Daniella Clara Suryapranata,1472.17,4,2023-03-27
WTA,Giuliana Ciangherotti,1472.01,4,2024-10-14
WTA,Beatrice Lombardo,1472.0,4,2020-01-27
ATP,Ran Amar,1471.78,4,2023-06-19
WTA,Denisa Allertova,1471.75,4,2020-01-20
WTA,Kristina Nordikyan,1471.75,4,2025-06-09
WTA,Hikari Yamamoto,1471.7,4,2023-06-12
WTA,Renee McBryde,1471.68,4,2022-11-21
WTA,Andra Silivas,1471.48,4,2024-05-20
WTA,Zoi Meers,1471.35,4,2020-03-09
ATP,Moein Moazam,1471.31,4,2025-05-05
WTA,Klaire Elkin,1471.25,4,2023-03-20
WTA,Anouk Vandevelde,1471.13,4,2026-01-05
ATP,Jonathan Stenberg,1471.02,4,2022-09-19
ATP,Yoan Naydenov,1471.0,4,2026-05-25
WTA,Andrea Camila Robles Cuellar,1470.92,4,2022-09-26
ATP,Yuanfeng Li,1470.86,4,2020-02-10
ATP,Sam Thompson,1470.82,4,2026-03-09
ATP,Artem Smirnov,1470.76,4,2021-09-20
ATP,Aziz Dadabaev,1470.75,4,2022-01-24
WTA,Natsumi Numano,1470.72,4,2024-06-03
WTA,Ellie Myers,1470.71,4,2023-07-17
ATP,Rodrigo Mora Clement,1470.64,4,2023-04-10
ATP,Hidde Schoenmakers,1470.55,4,2026-01-05
WTA,Marta Giglio,1470.43,4,2022-11-14
WTA,Raquel Martini,1470.37,4,2022-01-24
WTA,Zeinab Ayadi,1470.2,4,2025-12-29
WTA,Tatiana Terwindt,1470.11,4,2022-09-26
ATP,Alexander Vlahos,1470.11,4,2024-08-12
WTA,Mia Celeste Brayotta,1470.04,4,2025-09-22
WTA,Holly Staff,1470.01,4,2022-08-01
WTA,Inbar Pony,1469.93,4,2022-11-14
ATP,Karunuday Singh,1469.85,4,2021-11-22
ATP,Aron Pierce,1469.82,4,2022-07-04
WTA,Tove Kraft,1469.76,4,2021-10-25
WTA,Ani Atanasova,1469.73,4,2024-03-25
WTA,Anastasia Aleksandra Nikolova,1469.69,4,2023-12-18
WTA,Abigail Forbes,1469.55,4,2021-10-11
WTA,Juliet Santitto,1469.53,4,2023-10-02
WTA,Gaeun Lee,1469.52,4,2023-09-04
ATP,Timo Rosenkranz Koenig,1469.46,4,2026-04-27
WTA,Charlotte Gisclon,1469.33,4,2023-05-29
WTA,Sofia Maffeis,1469.29,4,2022-06-20
ATP,Yousaf Khalil,1469.18,4,2025-11-24
WTA,Antonina Czajka,1469.17,4,2024-04-29
WTA,Chandre Boshoff,1468.83,4,2023-05-08
WTA,Ana Julissa De Mata,1468.8,4,2022-06-27
ATP,Tomas Marin,1468.76,4,2025-08-11
WTA,Maria Rentoumi,1468.72,4,2025-11-24
WTA,Isabela Ioana Dima,1468.69,4,2020-02-03
WTA,Meeka Marshall,1468.68,4,2020-03-02
WTA,Lucia Yecora,1468.48,4,2024-07-08
ATP,Valentin Guenther,1468.44,4,2020-02-24
WTA,Youn Je Woo,1468.43,4,2024-09-30
WTA,Elvira Juravliova,1468.42,4,2026-05-25
WTA,Maria Gajete Diaz,1468.39,4,2025-12-01
WTA,Airi Ueda,1468.28,4,2024-11-04
ATP,Matteo Rocci,1468.27,4,2024-04-22
WTA,Samanta Nunez Cueva,1468.25,4,2022-11-14
WTA,Catherine Xie,1468.21,4,2026-03-09
WTA,Aaliyah Hohmann,1467.95,4,2022-02-28
WTA,Rawan Sherif,1467.93,4,2022-12-19
WTA,Isabella Gibson,1467.84,4,2023-10-23
WTA,Zoe Clydesdale Eberle,1467.83,4,2024-07-08
WTA,Ida Clement,1467.82,4,2024-07-01
WTA,Elena Lobo Corral,1467.78,4,2024-08-19
ATP,Eric Jr Olivarez,1467.74,4,2026-05-18
WTA,Lorraine M Guillermo,1467.73,4,2020-03-02
WTA,Sara Stosljevic,1467.55,4,2022-01-10
ATP,Danielle Abadia,1467.53,4,2025-11-10
ATP,Alessandro Ceppellini,1467.4,4,2021-06-14
WTA,Pia Marija Rebec,1467.23,4,2022-09-26
WTA,Erin Maguire,1466.99,4,2022-06-20
WTA,Solhee Sim,1466.82,4,2022-09-05
WTA,Raquel Ferreira Bradbury,1466.6,4,2024-12-02
ATP,Adrian Mateo Bejenaru,1466.53,4,2021-12-13
ATP,Junior Tavarez,1466.52,4,2026-05-04
WTA,Farah Rebai,1466.51,4,2024-09-30
ATP,Josue Guzman,1466.46,4,2024-08-19
WTA,Julia Zlateva,1466.38,4,2023-06-19
ATP,Matthew Harris,1466.38,4,2024-12-09
WTA,Freya Davies,1466.3,4,2023-02-06
WTA,Aurora Zurmuehle,1466.27,4,2025-07-28
WTA,Salma Noureldin,1466.19,4,2022-08-22
WTA,Valeria Ramirez Mesina,1466.13,4,2023-11-20
WTA,Mariia Nikitash,1466.06,4,2021-07-19
ATP,Joao Hinsching,1466.03,4,2022-01-31
WTA,Adriana Tirado Marin,1465.95,4,2023-11-27
WTA,Hagar Elsheiwi,1465.94,4,2022-08-22
ATP,Marcel Volz,1465.82,4,2025-08-25
WTA,Maria Pia Vivenzio,1465.74,4,2023-06-05
WTA,Talya Barad Itzhaki,1465.69,4,2021-10-18
WTA,Giulia Riella,1465.67,4,2024-11-04
ATP,Jon Gamble,1465.63,4,2026-05-04
WTA,Yahui Hu,1465.46,4,2024-08-12
ATP,Eduardo Lima,1465.41,4,2024-07-01
ATP,Timeo Gaillard,1465.38,4,2024-08-26
WTA,Tabatha Suarez,1465.25,4,2022-10-31
WTA,Alessandra Anghel,1465.24,4,2022-05-30
WTA,Marika Mueller,1465.16,4,2024-07-22
WTA,Anna Novratidou,1465.12,4,2021-05-31
ATP,Andre Steinbach,1465.1,4,2025-10-06
WTA,Milica Vasiliki Milosavljevic,1464.92,4,2024-08-05
WTA,Irina Ioana Iurea,1464.91,4,2022-08-08
WTA,Natalie Cinkova,1464.88,4,2023-04-24
WTA,Lou Anne Guerbert,1464.82,4,2023-06-26
WTA,Luciana Mendoza,1464.75,4,2024-02-26
ATP,Fouad Behbehani,1464.71,4,2022-10-31
ATP,Joshua Schaefer,1464.58,4,2022-08-01
WTA,Natalia Perez,1464.47,4,2022-10-24
WTA,Uladzislava Famina,1464.45,4,2025-06-30
ATP,Abdella Nedim Mohammed,1464.43,4,2024-05-20
WTA,Ela Vasic,1464.06,4,2024-06-10
WTA,Luiza Esteves,1463.99,4,2025-09-29
WTA,Polina Zelentsova,1463.85,4,2021-10-25
WTA,Manuela Dejean,1463.85,4,2023-05-22
ATP,Vihaan Reddy,1463.65,4,2026-04-13
ATP,Leonardo Suarez,1463.37,4,2026-04-13
ATP,Juan Arturo Espanol Moreno,1463.33,4,2024-08-12
ATP,Dingzheng Nima,1463.2,4,2026-04-13
WTA,Cayleigh Eddy,1462.81,4,2022-02-07
WTA,Beatrice Veltri,1462.67,4,2026-05-18
WTA,Barbara Stephanie Olvera Robles,1462.61,4,2023-04-17
WTA,Giuliana Cunza,1462.58,4,2023-08-21
ATP,Mario Andre Galarraga,1462.37,4,2025-11-17
WTA,Eva Busaad,1462.23,4,2024-12-02
WTA,Cookie Jarvis Tredgett,1462.17,4,2024-04-29
ATP,Matthew Carroll,1461.94,4,2026-05-11
ATP,Guelord Kayombo,1461.93,4,2026-05-04
WTA,Lorena Mihaela Enache,1461.9,4,2024-08-12
WTA,Eeva Ristola,1461.74,4,2025-07-28
WTA,Kesmat El Tawil,1461.74,4,2024-11-25
ATP,Jonas Maier,1461.74,4,2022-05-30
WTA,Renee Singh,1461.66,4,2022-02-14
ATP,Pavel Petrov,1461.62,4,2025-11-17
WTA,Ayaka Kanai,1461.6,4,2024-11-04
WTA,Simone Kay,1461.58,4,2025-06-30
WTA,Vitoria Maximiliano,1461.41,4,2022-11-28
ATP,Daniel Adeleye,1461.4,4,2026-04-27
ATP,Ian Mayew,1461.39,4,2025-06-30
WTA,Frankie Wingate,1461.33,4,2023-12-11
ATP,Dusan Bazdar,1461.3,4,2026-06-01
WTA,Vlada Svarkovskaia,1461.29,4,2025-11-03
WTA,Kate Smith,1461.28,4,2024-02-26
ATP,Tsihon Fedorov,1461.26,4,2024-04-22
WTA,Sacha Rankin,1461.25,4,2024-03-18
WTA,Alina Laptieva,1461.22,4,2023-11-20
ATP,Emilio Sanchez Bronzetti,1461.18,4,2025-07-21
ATP,Gabriel Gomez,1460.97,4,2024-02-05
ATP,Alexandre Vassard,1460.72,4,2025-06-23
WTA,Lyne Thach,1460.68,4,2024-03-18
WTA,Siri Nyberg,1460.63,4,2024-04-22
WTA,Mariana Paciletti Costa,1460.55,4,2025-09-08
WTA,Sosanne Malak,1460.22,4,2025-11-10
WTA,Marina Skegro,1460.16,4,2024-06-03
WTA,Elixane Lechemia,1460.12,4,2023-01-16
WTA,Luciana Luna,1460.11,4,2025-12-15
WTA,Hannah Smith,1460.06,4,2024-10-21
WTA,Lena Arafa,1459.86,4,2024-10-14
WTA,Aleksandra Milevska Bozinovska,1459.8,4,2024-03-18
WTA,Maria Glowacka,1459.76,4,2024-08-12
WTA,Amelia Fortescue,1459.71,4,2023-10-30
WTA,Asya Tilsim Timur,1459.67,4,2023-03-06
ATP,Tomas Dummer Macedo,1459.53,4,2026-03-23
WTA,Andreia Semeano,1459.51,4,2023-05-29
WTA,Tamsin Hart,1459.46,4,2024-07-01
ATP,Jeri Lassila,1459.44,4,2025-10-13
WTA,Vitoria Beatriz Rodrigues Oliveira,1459.35,4,2024-12-09
ATP,Roshan Santhosh,1459.32,4,2026-05-25
WTA,Stella Horacek,1459.29,4,2023-05-22
ATP,Jun Ha Hyun,1459.13,4,2026-04-20
WTA,Claire Jaramba,1459.03,4,2023-03-13
WTA,Meline Lataste,1458.86,4,2025-06-09
ATP,Nicholas Adesalu,1458.82,4,2025-04-14
WTA,Mariia Nozdrachova,1458.54,4,2025-11-24
ATP,Uladzislau Tarasevich,1458.54,4,2026-06-01
ATP,Paul Theate,1458.45,4,2026-05-18
WTA,Maria Teodora Nagy,1458.43,4,2024-08-05
WTA,Kudzai Erin Patience Chapepa,1458.25,4,2024-06-24
WTA,Kazuki Oya,1458.16,4,2024-09-23
WTA,Heidi Felicia Schmal,1457.84,4,2026-02-09
WTA,Lauren Cooper,1457.6,4,2022-05-16
WTA,Kariman Buqai,1457.49,4,2025-11-03
ATP,Yaqoub Mohammed,1457.16,4,2023-12-11
ATP,Ethan Schiffman,1457.16,4,2025-06-16
WTA,Jana Badosa,1456.88,4,2024-07-08
ATP,Robinson Le Meur,1456.73,4,2026-05-18
WTA,Anastasiia Hnidets,1456.35,4,2024-11-25
ATP,Nikolaos Koutroubis,1456.34,4,2025-11-24
ATP,Adam Blecha,1456.14,4,2023-08-28
WTA,Elizaveta Smirnaya,1456.09,4,2024-11-25
WTA,Karin Ferjakova,1456.03,4,2024-10-07
ATP,Lautaro Pane,1455.83,4,2022-08-29
ATP,Matteo Morazzi,1455.79,4,2024-08-26
WTA,Lygia Christodoulou,1455.69,4,2024-03-18
ATP,Elyas Abduljalil,1455.62,4,2025-11-24
WTA,Natalie Paterova,1455.5,4,2022-10-17
ATP,Matthias Uwe Kask,1455.09,4,2024-11-11
ATP,Carlos Diaz Ruiz,1454.86,4,2025-07-14
ATP,Goncalo Da Rosa Castro,1454.82,4,2026-05-18
ATP,Juan Ignacio Centurion Delvalle,1454.65,4,2025-01-13
ATP,Zi Hui Chen,1454.56,4,2026-02-09
WTA,Kai Ning Chanya Ng,1454.42,4,2026-04-20
WTA,Sreemanya Reddy Anugonda,1454.42,4,2026-05-04
ATP,Mark Vervoort,1454.41,4,2025-10-13
WTA,Nicole Gamboa,1454.24,4,2025-08-18
WTA,Naga Lakshmi Sarvani Chintalapalli,1454.18,4,2023-02-13
ATP,Alexey Shtengelov,1454.17,4,2025-10-13
WTA,Wissal Boudjemaoui,1453.84,4,2022-12-26
WTA,Mary Moskaltsova,1453.75,4,2023-05-01
ATP,Valentin Faure,1453.62,4,2023-09-04
WTA,Amy Leather,1453.46,4,2022-08-01
ATP,Liam Oliver,1453.43,4,2025-10-27
ATP,Hermanni Tiainen,1453.4,4,2025-07-21
WTA,Ayda Altuntas,1453.39,4,2024-04-22
ATP,Robert Rumler,1453.36,4,2023-08-28
ATP,Alvaro Ariel Frutos Alonso,1453.36,4,2025-03-10
ATP,Constantinos Djakouris,1453.17,4,2025-05-26
ATP,Mert Ramadan,1453.1,4,2022-03-14
ATP,Aniketh Venkataraman,1453.07,4,2026-02-09
ATP,Utku Kerem Biberli,1453.06,4,2026-01-26
ATP,Osman Torski,1452.84,4,2022-03-07
WTA,Anna Arkhipova,1452.71,4,2024-12-02
ATP,Keoni Puig Mccallan,1452.46,4,2025-07-14
ATP,Arsene Pougault,1452.36,4,2026-01-05
WTA,Julia Szczerek,1452.03,4,2026-04-27
ATP,Samuel Kyjaci,1451.91,4,2025-07-21
ATP,Mohamed Amine Aissa Khelifa,1451.86,4,2022-05-23
ATP,Oluwaseun Peter Ogunsakin,1451.6,4,2026-03-02
ATP,Kaan Cepel,1451.45,4,2021-01-25
ATP,Odysseas Geladaris,1451.4,4,2026-05-18
ATP,Burak Bilgin,1451.35,4,2021-06-14
WTA,Saisha Khanna,1451.27,4,2023-06-05
ATP,Otakar Ungerman,1451.18,4,2025-06-16
WTA,Whitley Pate,1451.12,4,2022-04-25
WTA,Kimia Sagheb Tehrani,1451.11,4,2025-09-22
WTA,Samantha Alvarez,1451.03,4,2026-03-16
WTA,Maria Ioana Alexandra Neacsu,1450.99,4,2024-08-05
WTA,Danica Fernando,1450.53,4,2026-05-04
ATP,Keanu Elias Immler,1450.51,4,2023-04-24
WTA,Dana Daniela Avramenko,1450.5,4,2023-09-25
WTA,Sara Sofia Gonzalez Cano,1450.2,4,2024-05-06
ATP,Jakub Hrynkiewicz,1450.0,4,2025-08-25
WTA,Maria Cristina Purizaca,1449.98,4,2022-11-14
ATP,Josef Southcombe,1449.93,4,2022-04-04
WTA,Niki Tomeljak,1449.73,4,2025-05-26
WTA,Xuanyu Chen,1449.67,4,2024-03-18
ATP,Diego Bustamante,1449.62,4,2025-03-17
ATP,Tristan Reiff,1449.29,4,2025-08-11
ATP,Frederic Schlossmann,1449.28,4,2023-12-25
ATP,Raffael Gasanov,1449.02,4,2025-09-08
ATP,Junior Hakizumwami,1448.91,4,2024-03-04
WTA,Kara Garcia,1448.9,4,2025-06-23
ATP,Kosuke Morita,1448.85,4,2025-03-17
ATP,Federico Boscarino,1448.84,4,2022-11-14
ATP,Ghanim Al Sulaiti,1448.83,4,2026-02-16
WTA,Barbara Brito,1448.81,4,2025-10-27
WTA,Nora Parik,1448.29,4,2023-07-17
ATP,Shion Motoyama,1448.18,4,2026-03-23
WTA,Anna Makhorkina,1448.11,4,2020-03-02
WTA,Aishwarya Jadhav,1448.07,4,2026-05-04
ATP,Higinio Sanchis Melero,1447.96,4,2024-07-15
ATP,Zachary Mintz,1447.96,4,2026-05-04
ATP,Alexander Georg Mandma,1447.74,4,2025-02-24
ATP,Tomislav Podvinski,1447.73,4,2022-07-18
ATP,Timothy Phung,1447.63,4,2025-01-06
ATP,Makar Elesin,1447.57,4,2026-05-18
WTA,Kalomoira Ralli,1447.32,4,2024-03-04
WTA,Samra Hamidovic,1447.3,4,2023-05-01
WTA,Miyu Sakai,1447.25,4,2024-11-04
ATP,Harry Roberts,1446.94,4,2026-05-25
ATP,Hamzeh Al Aswad,1446.86,4,2022-12-05
WTA,Eylul Akkoyun,1446.81,4,2021-10-11
WTA,Ivana Loncar Antic,1446.76,4,2022-08-15
ATP,Omar Ahmed,1446.71,4,2021-11-22
WTA,Caterina Revelli,1446.66,4,2023-02-27
ATP,Andrey Uvarov,1446.66,4,2022-01-17
WTA,Olivia Malm,1446.63,4,2022-10-17
ATP,Leon Peranovic,1446.62,4,2026-06-01
WTA,Yutong Xie,1446.6,4,2025-05-26
WTA,Aada Inna,1446.58,4,2023-07-31
WTA,Jeetesh Kumari,1446.56,4,2026-05-04
WTA,Pamela Badillo Hernandez,1446.54,4,2025-07-28
ATP,Andre Baltazar,1446.52,4,2025-12-01
WTA,Valeria Barlini Pischedda,1446.15,4,2024-04-29
ATP,Juan Esteban Trujillo Hernandez,1446.13,4,2025-05-12
ATP,Sam Oster,1446.06,4,2024-03-11
WTA,Olivia Cela,1446.02,4,2025-10-27
ATP,Zhanger Almashev,1445.93,4,2023-10-09
WTA,Gabriela Horackova,1445.85,4,2020-09-14
ATP,Ante Petar Ercegovic,1445.75,4,2025-03-10
WTA,Nataliya Pogribnyak,1445.74,4,2024-03-04
WTA,Tshegofatso Tsiang,1445.69,4,2021-09-20
WTA,Olga Agious,1445.63,4,2022-05-30
WTA,Hiromi Sekiguchi,1445.48,4,2023-03-27
ATP,Alex Bulte,1445.41,4,2025-11-17
ATP,Thiago Guglieri,1445.35,4,2025-07-28
WTA,Anastasiya Kolyada,1445.24,4,2025-06-16
WTA,Hana Djedovic,1445.22,4,2023-09-18
ATP,Juan Martin Bosmediano Pazmino,1445.22,4,2022-06-13
ATP,Svyatoslav Ilnytskyy,1445.09,4,2022-06-27
WTA,Media Mesgary,1444.95,4,2022-03-28
ATP,Rishabdev Raman,1444.76,4,2022-08-22
ATP,Zakai Stone,1444.71,4,2021-11-08
WTA,Sara Barbaric,1444.68,4,2026-06-01
WTA,Kimberly Mpukusa,1444.66,4,2020-02-03
WTA,Sarah L'Allier,1444.63,4,2023-03-06
ATP,Jacopo Antonelli,1444.48,4,2025-09-15
ATP,Giovanni Agostinetto,1444.42,4,2025-03-03
WTA,Heranne Excellent,1444.27,4,2023-11-20
ATP,Cooper Errey,1444.24,4,2022-01-03
WTA,Syuzen Afifi,1444.16,4,2024-11-04
ATP,Gabriel Augusto Carvalho,1444.13,4,2025-11-24
ATP,Shuannon Tricerri,1443.86,4,2023-05-08
ATP,Yeudy Villar,1443.71,4,2022-02-07
WTA,Ewa Samberger,1443.55,4,2021-08-02
ATP,Azariah Rusher,1443.44,4,2025-04-14
ATP,Andre Szilvassy,1443.23,4,2024-03-25
ATP,Ivan Fomin,1443.08,4,2024-07-22
WTA,Yuzuki Miyajima,1443.05,4,2024-11-04
ATP,Dennis Dragomirov,1442.96,4,2023-08-14
WTA,K Derhem,1442.75,4,2024-09-23
ATP,David Krasner,1442.71,4,2023-06-19
WTA,Aggeliki Efthimiou,1442.66,4,2023-04-10
ATP,Joffrey De Schepper,1442.58,4,2024-02-12
WTA,Kiana Thompson,1442.26,4,2024-07-29
ATP,Robin Thour,1442.24,4,2024-09-16
WTA,Ana Heredia,1442.19,4,2024-04-29
WTA,Andzhelina Kostova,1441.98,4,2026-05-11
ATP,Gen Nakamura,1441.98,4,2023-11-06
WTA,Elettra Gradassi,1441.76,4,2023-04-24
WTA,Anna Evstatieva,1441.74,4,2021-05-03
WTA,Asima Sazanova,1441.74,4,2021-07-05
ATP,Pierre Mouesca,1441.68,4,2023-06-19
WTA,Rosario Elmudesi,1441.62,4,2023-02-13
WTA,Angelica Maria Ochoa Martinez,1441.51,4,2023-11-27
WTA,Xiomara Estevez Grillo,1441.49,4,2022-03-07
ATP,Bogdan Bajic,1441.41,4,2021-09-20
ATP,Daniel Litvinov,1441.33,4,2021-10-11
WTA,Neha Kibria,1441.3,4,2024-08-19
WTA,Hinata Furutani,1441.19,4,2025-05-12
ATP,Guhan Rajan,1441.16,4,2022-07-18
ATP,He Ziheng,1441.12,4,2026-05-25
WTA,Likhitha Kalava,1440.86,4,2021-03-08
ATP,Mousa Shanan Zayed,1440.65,4,2021-03-08
WTA,Anouk Van Riesen,1440.63,4,2023-05-08
ATP,Adam Bronka,1440.47,4,2022-10-10
WTA,Summer Eisch,1440.34,4,2024-04-01
WTA,Ada Yan Shihong,1440.32,4,2026-01-05
WTA,Aleyna Soyalp,1440.29,4,2024-05-06
WTA,Cameron Agapito,1440.24,4,2022-05-30
WTA,Kagiso Ledwaba,1439.99,4,2023-03-13
WTA,Mahya Khodaverdi,1439.77,4,2021-12-13
WTA,Katarzyna Pitak,1439.68,4,2020-02-24
WTA,Maria Bianca Andrei,1439.51,4,2021-01-04
ATP,Yabets Kebede,1439.44,4,2024-05-20
ATP,Rodrigo Echavarria,1439.38,4,2021-11-22
WTA,Carmen Fernanda Elorrieta Flores,1439.35,4,2023-02-27
WTA,Kiera Dennis Nelson,1439.35,4,2024-09-09
ATP,Graham Maassen,1439.34,4,2023-05-22
ATP,Kristian Lozan,1439.3,4,2020-02-17
WTA,Evin Musabegovic,1439.16,4,2024-04-29
WTA,Brooke Wrigley,1439.07,4,2023-09-25
WTA,Irma Ustavdic,1439.03,4,2021-08-23
ATP,Shahbaaz Khan,1438.99,4,2023-03-13
WTA,Deborah Dominguez Collado,1438.87,4,2024-06-10
WTA,Lourdes Belen Luccatto,1438.84,4,2022-11-28
ATP,Sean Daryabeigi,1438.76,4,2025-06-23
ATP,Riccardo Di Vita,1438.73,4,2025-09-22
WTA,Andriana Simovic,1438.69,4,2021-08-16
WTA,Perihan Auf,1438.39,4,2021-09-27
ATP,Achad Imam Maruf,1438.34,4,2023-06-19
WTA,Dicle Izgi,1438.29,4,2025-09-01
WTA,Alahya De Jesus,1438.27,4,2024-06-10
WTA,Cornelia Kack,1438.21,4,2024-04-29
WTA,Eva Garcia,1438.13,4,2024-09-30
WTA,Anja Pfister,1438.06,4,2022-08-22
WTA,Milica Prokic,1438.04,4,2023-09-04
ATP,Tyler Mercier,1437.88,4,2025-08-18
WTA,Alyssa Hull,1437.81,4,2023-06-12
WTA,Hristina Ljuba,1437.79,4,2023-04-24
ATP,Melvin Manuel,1437.78,4,2023-10-30
ATP,Stefan Cizelj Zivkovic,1437.6,4,2023-06-12
ATP,Tomi Van Den Ham,1437.56,4,2024-08-26
WTA,Maria Ange Ortega Mateu,1437.33,4,2022-11-28
WTA,Natalia Sarandi,1437.27,4,2024-04-29
WTA,Eva Maria Soacate,1437.24,4,2024-05-27
WTA,Maria Tanasescu,1437.09,4,2020-10-12
ATP,Cristian Felipe Sanchez Rojas,1437.07,4,2025-08-11
WTA,Taisia Yakunina,1436.94,4,2022-05-23
WTA,Mercedes Garcia Cid,1436.8,4,2023-10-23
WTA,Ginevra Terracina,1436.78,4,2023-04-17
ATP,Semen Voronin,1436.7,4,2023-07-24
WTA,Maria Elena Cabane,1436.62,4,2022-09-19
WTA,Vitalija Leonovaite,1436.5,4,2023-06-05
WTA,Rufaro Magarira,1436.43,4,2024-02-26
ATP,Ozan Avanoglu,1436.38,4,2025-06-30
WTA,Valentina Kovacic,1436.32,4,2024-04-15
WTA,Antonia Eleni Bazou,1436.27,4,2021-11-15
WTA,Maya Gohfeld,1436.27,4,2022-06-20
WTA,Shira Rachel Sivan,1436.19,4,2021-10-18
WTA,Ashtyn Cason,1436.09,4,2024-12-09
WTA,Tia Darrag,1436.02,4,2022-01-17
WTA,Kokoa Nakao,1435.91,4,2024-11-04
WTA,Noa Minzari,1435.82,4,2022-06-13
WTA,Abby Candelier,1435.72,4,2022-02-28
WTA,Sreenidhi Reddy Amireddy,1435.65,4,2024-10-07
ATP,Kent Tagashira,1435.47,4,2024-06-03
WTA,Kate Brzostek,1435.33,4,2024-03-11
ATP,Myroslav Bondar,1435.22,4,2023-02-06
WTA,Polina Marakhtanova,1435.17,4,2021-06-07
WTA,Zeynep Canturk,1435.11,4,2022-11-21
ATP,Roy Hobbs,1435.08,4,2021-02-22
WTA,Lusia Hepcal Barcan,1435.03,4,2022-08-15
WTA,Minola Slavenschi,1435.0,4,2022-05-02
ATP,Niklas Grunewald,1434.97,4,2025-09-08
WTA,Malannia Vashkevich,1434.96,4,2023-12-11
WTA,Talitha Mitchell,1434.92,4,2024-11-11
WTA,Katarina Jakubcova,1434.71,4,2025-11-03
ATP,Cemil Duran,1434.7,4,2024-09-02
WTA,Victoria Conde Vendrell,1434.59,4,2022-06-27
WTA,Liena Ammar,1434.51,4,2022-01-17
WTA,Olha Romanyshyn,1434.34,4,2021-08-23
WTA,Daniela Casique,1434.29,4,2022-09-05
WTA,Pola Piaskowska,1434.24,4,2024-10-28
ATP,Farzan Amiri,1434.24,4,2024-10-14
WTA,Moran Jin,1434.03,4,2024-11-18
ATP,Milan Welte,1433.99,4,2025-11-24
ATP,Chris Spyrou,1433.95,4,2026-04-20
WTA,Yelin Kim,1433.91,4,2023-05-15
WTA,Lina Krumpel,1433.82,4,2024-11-04
WTA,Valeria Casusol,1433.75,4,2024-08-19
ATP,Asier Civera Martinez,1433.68,4,2026-06-01
WTA,Marcelina Kotylak,1433.63,4,2022-08-08
ATP,Abhishek Bastola,1433.43,4,2026-06-01
ATP,Nikola Zekic,1433.33,4,2023-07-31
WTA,Nadin Ahmed,1433.24,4,2021-12-13
ATP,Mikayel Avanesyan,1433.24,4,2026-05-25
WTA,Asia Angela Ting Fontana,1433.2,4,2024-11-04
WTA,Yvonne Bruce Tagoe,1433.19,4,2024-07-01
WTA,Maria Glavinskaia,1433.04,4,2021-12-06
WTA,Alexandra James,1433.04,4,2024-11-11
WTA,Setora Normurodova,1432.93,4,2022-08-29
ATP,Joaquin Bianchi,1432.73,4,2026-03-09
WTA,Ezgi Tezel,1432.63,4,2021-03-08
WTA,Stoney Cooks,1432.61,4,2022-11-21
WTA,Mona Elkholy,1432.38,4,2022-08-22
WTA,Paula San Jose Menendez,1432.37,4,2023-06-05
ATP,Luka Madzarevic,1432.31,4,2025-07-28
WTA,Bilyana Milcheva,1432.21,4,2021-11-15
WTA,Cecilia Maria Stella Ferrazzoli,1432.21,4,2024-04-08
ATP,Yacoub Makzoume,1432.16,4,2026-06-01
WTA,Rola Wael Fathy,1432.11,4,2022-05-09
WTA,Vasiliki Kalogeropoulou,1431.8,4,2021-11-29
WTA,Maria Anam,1431.73,4,2022-06-06
WTA,Zedneiyar Martilly Meafua Uren,1431.7,4,2023-10-09
WTA,Ritu Rai,1431.7,4,2024-02-26
WTA,Marine Kennel,1431.53,4,2024-10-28
WTA,Justina Lassaga,1431.16,4,2025-05-19
WTA,Angelina Karaminkova,1431.05,4,2024-05-06
WTA,Marta Valentini,1430.65,4,2024-11-11
WTA,Eva Woydt,1430.52,4,2024-05-06
WTA,Marina Tawdrws,1430.39,4,2024-03-18
WTA,Mohini Ghule,1430.35,4,2024-09-23
WTA,Kanyanut Sudsaard,1430.02,4,2022-06-06
WTA,Kayla Kreynes,1429.77,4,2022-05-23
WTA,Alis Geikhman,1429.77,4,2024-10-21
WTA,Phoebe Cahill,1429.65,4,2024-10-07
WTA,Rose Alix Vidal,1429.52,4,2021-08-30
WTA,Anna Hsu,1429.3,4,2026-05-18
WTA,Maria Florencia Escobedo Quaglio,1428.96,4,2024-09-16
WTA,Andreya Glushkova,1428.71,4,2024-12-02
WTA,Priscilla Stojanovska,1428.2,4,2024-06-24
ATP,Nikshep Ballekere Ravikumar,1428.19,4,2020-02-10
WTA,Nerea Errasti,1428.04,4,2023-11-20
ATP,Yu Hsiang Su,1427.96,4,2023-08-14
WTA,Nina Mrdovic,1427.54,4,2024-06-24
WTA,Anna Pallencaoe,1427.46,4,2024-07-08
WTA,Andrea Mrvic,1427.06,4,2022-04-18
WTA,Fernanda Sandoval,1427.02,4,2024-05-13
WTA,Zynah Amber Salar,1426.78,4,2024-10-21
WTA,Jasmin Perina,1426.38,4,2024-04-22
WTA,Esila Toklu,1425.69,4,2025-09-08
ATP,Kolganov Kirill,1425.2,4,2024-07-01
WTA,Antonella Posodente,1425.17,4,2024-11-18
WTA,Linn Goerdes,1425.01,4,2023-10-02
WTA,Ashleigh Harvey,1424.49,4,2025-05-19
WTA,Eva Zakharova,1424.4,4,2024-10-21
WTA,Natasa Luzajic,1423.88,4,2022-08-15
WTA,Celia Campo,1423.33,4,2024-06-03
WTA,Aisulu Zholbolat,1422.86,4,2024-12-16
WTA,Stasa Srbulovic,1422.66,4,2024-09-02
WTA,Michela Montori,1421.16,4,2025-12-08
WTA,Alessandra Pennesi,1419.41,4,2024-03-18
WTA,Johanna Larsson,1546.53,3,2020-01-20
ATP,Connor  Thomson,1533.43,3,2023-07-10
WTA,Zhaoxuan Yang,1532.93,3,2022-01-10
WTA,Emily Victoria Eigelsbach,1530.26,3,2025-12-22
WTA,Bertille Landry,1528.92,3,2022-02-28
WTA,Ashley Yeah,1525.8,3,2022-11-07
WTA,Masa Jankovic,1525.16,3,2026-05-11
WTA,Emma Montebello,1524.68,3,2025-10-27
WTA,Simona Halep,1522.42,3,2024-09-30
WTA,Mia Robinson,1519.86,3,2024-11-11
ATP,Zaid Mashni,1519.65,3,2024-08-05
ATP,Hudson Rivera Rivera,1519.48,3,2022-05-30
WTA,Jana Jablonovska,1518.99,3,2020-12-14
WTA,Olivia Peet,1518.6,3,2021-09-27
WTA,Selin Lidya Sepken,1518.27,3,2020-01-20
ATP,Leon Sloboda,1518.03,3,2026-02-16
WTA,Dominique Schaefer,1518.01,3,2020-03-09
WTA,Lisa Kamigata,1517.89,3,2026-05-11
WTA,Azaliya Badegyeva,1517.7,3,2020-03-09
WTA,Dinara Alloyarova,1517.46,3,2020-01-20
ATP,Jeong Heon Lee,1517.16,3,2024-06-03
ATP,Casper Christensen,1516.67,3,2025-06-09
WTA,Irina Kuzmina,1516.48,3,2021-05-24
ATP,Costin Paval,1516.43,3,2020-03-02
WTA,Alicia Dale,1516.36,3,2025-02-24
WTA,Siqi Cao,1516.13,3,2020-01-06
WTA,Alexa Pirok,1515.88,3,2020-03-09
WTA,Madison Ashley,1515.74,3,2022-07-18
ATP,Franco Capalbo,1515.31,3,2023-11-06
WTA,Stefania Pantaia,1515.22,3,2020-01-27
WTA,Elektra Arseniou,1515.0,3,2022-11-14
ATP,Sander Arends,1514.66,3,2022-01-24
WTA,Rishika Sunkara,1514.39,3,2021-03-01
WTA,Anastasia Yakimova,1514.21,3,2023-04-24
ATP,Leonardo Monferrer,1513.21,3,2023-09-04
WTA,Luisa Fusil,1512.69,3,2024-11-04
WTA,Bo Luttikhuis,1512.58,3,2020-03-09
WTA,Eva Elena Rosca,1512.53,3,2024-07-29
WTA,Samira Rashidova,1511.67,3,2024-04-29
ATP,Oliver Andre Solis Encinas,1511.61,3,2025-11-24
WTA,Iris Zbranca,1511.38,3,2023-08-28
WTA,Akansha Ghosh,1511.33,3,2026-04-20
WTA,Rebecca Lynn,1510.61,3,2022-07-11
WTA,Sofia Ferraris,1510.35,3,2025-10-27
WTA,Bianca Mendonca Bernardes Bia Bernardes,1510.29,3,2022-01-10
WTA,Nadja Ramskogler,1510.18,3,2021-08-16
ATP,Alexander Maarten Jong,1509.66,3,2022-07-11
WTA,Rebecca Gustafson,1509.47,3,2022-05-16
WTA,Anastasiya Zholdakova,1509.28,3,2021-04-12
ATP,Daniel Valent,1508.62,3,2022-08-29
WTA,Terezie Prici,1508.54,3,2023-09-04
ATP,Jisung Nam,1507.48,3,2023-01-16
WTA,Hadley Doyle,1507.29,3,2023-07-24
WTA,Lara Nedeljkovic,1505.04,3,2024-05-20
WTA,Juliette Debrincat,1504.77,3,2024-03-18
WTA,Veronika Gayevyk,1504.23,3,2024-09-23
ATP,Yusuke Yoshikawa,1503.06,3,2025-08-04
ATP,Dmitrii Burtsev,1502.98,3,2026-06-01
ATP,Raffaele Ciurnelli,1502.46,3,2026-05-04
ATP,Kai An Wu,1502.4,3,2025-10-20
WTA,Kokona Ishii,1501.89,3,2026-05-25
WTA,Emma Bousquet,1501.77,3,2023-07-03
WTA,Sophie Triquart,1501.48,3,2025-10-20
WTA,Patricia Ku Flores,1501.33,3,2021-10-11
ATP,Mihnea Maftei,1500.58,3,2024-10-07
ATP,Diego Eduardo Munoz Navia,1500.45,3,2025-11-24
ATP,Piet Steveker,1500.18,3,2023-04-24
WTA,Carolina Alonso,1500.11,3,2024-11-04
ATP,Erik Schiessl,1500.06,3,2026-05-18
ATP,Olle Sonesson Lidholt,1499.77,3,2025-05-12
WTA,Martina Kudelova,1499.59,3,2021-07-12
WTA,Tsuki Shibutani,1499.53,3,2026-05-25
ATP,Nini Gabriel Dica,1499.43,3,2023-06-19
ATP,Joel Meda,1499.41,3,2025-04-21
WTA,Julia Fliegner,1498.92,3,2025-06-02
ATP,Antonio Muniz Hidalgo,1498.73,3,2023-02-06
ATP,Tomas Rengel Sierra,1498.64,3,2025-08-25
WTA,Annika Chiara Rittberger,1498.44,3,2025-04-07
WTA,Nina Geissler,1498.14,3,2023-06-26
WTA,Philippa Faerber,1497.99,3,2025-08-25
ATP,Anes Latifovic,1497.99,3,2025-10-27
WTA,Luiza Ninno,1497.98,3,2024-11-25
WTA,Ksenia Kuznetsova,1497.91,3,2023-03-20
ATP,Emiliano Jorquera,1497.86,3,2026-05-25
WTA,Romy Fohnen,1497.51,3,2025-08-18
ATP,Nicolas Baena,1497.46,3,2025-06-23
ATP,Luigi Valletta,1497.2,3,2026-04-27
ATP,Rodrigo Reyna,1497.04,3,2026-04-20
ATP,Michael Savano,1496.86,3,2026-05-18
ATP,Enrique Collar,1496.8,3,2026-04-13
ATP,Marwan Ehab,1496.74,3,2026-05-11
ATP,Pierre Ngijol Carre,1496.37,3,2026-01-19
WTA,Nathalia Pontes Tourinho,1496.31,3,2025-11-17
ATP,Juchan Hwang,1496.15,3,2026-05-18
WTA,Nora Namesnik,1496.02,3,2022-01-17
ATP,Samm Butler,1495.99,3,2022-08-08
ATP,Stiles Brockett,1495.09,3,2024-02-19
WTA,Chiara Giaquinta,1495.06,3,2022-03-14
WTA,Arina Malygina,1494.96,3,2026-05-25
ATP,Alan Aiukhanov,1494.83,3,2026-06-01
ATP,Kaspar Mathes,1494.72,3,2026-05-25
ATP,Max Villar,1494.69,3,2025-12-01
WTA,Nora Rezzonico,1494.55,3,2024-04-08
WTA,Sabrina Santamaria,1494.15,3,2022-10-03
WTA,Miho Ono,1494.04,3,2024-11-04
ATP,Luke Casper,1494.04,3,2024-11-18
WTA,Teodora Miron,1493.83,3,2026-06-01
ATP,Alexander Krylov,1493.77,3,2025-03-24
WTA,Abigail Haile,1493.2,3,2026-06-01
ATP,Thomas Gunzinger,1492.93,3,2025-08-25
ATP,Riccardo Mascarini,1492.9,3,2023-03-06
WTA,Koharu Nishikawa,1492.86,3,2026-03-23
ATP,Julian Valenzuela,1492.8,3,2026-01-19
WTA,Teodora Ristic,1492.71,3,2023-10-16
WTA,Polina Humeniuk,1492.65,3,2024-04-29
ATP,Sandro Cottino,1492.54,3,2023-10-09
WTA,Leslie Espinoza Gamarra,1492.31,3,2022-11-14
WTA,Meline Chaumeil,1492.28,3,2023-01-23
ATP,Felipe Vazquez,1492.27,3,2025-12-08
ATP,Bulat Galiev,1492.24,3,2021-05-24
ATP,Leonardo Iemmi,1492.07,3,2025-09-01
WTA,Maria Pares Bergnes De Las Casas,1492.0,3,2026-05-04
ATP,Aleksandr Kalinin,1491.89,3,2022-08-22
ATP,Jose Luis Claro,1491.87,3,2026-01-12
WTA,Daniela Rivera,1491.77,3,2024-06-17
ATP,Svarmanyu Singh,1491.69,3,2026-05-18
ATP,Mans Dahlberg,1491.68,3,2021-09-27
WTA,Lisen Rinman,1491.67,3,2022-05-09
ATP,Arturs Zagars,1491.64,3,2025-06-16
WTA,Luna Jokanovic,1491.55,3,2020-02-24
WTA,Valentina Lia,1491.44,3,2021-08-02
WTA,Kennedy Drenser Hagmann,1491.35,3,2026-04-13
ATP,Victor Milare Alves,1491.3,3,2022-09-05
ATP,Alexander Jhun,1491.23,3,2020-03-09
WTA,Gigi Sy A Foek,1491.16,3,2024-09-02
WTA,Jensen Diianni,1491.12,3,2026-02-16
WTA,Esther Lovato,1491.11,3,2024-11-11
ATP,Dimitar Kisimov,1491.01,3,2026-05-18
WTA,Liliya Piskun,1490.98,3,2025-10-20
ATP,Sebastian Olivera,1490.94,3,2024-03-18
ATP,Matthew Asciak,1490.9,3,2025-10-27
WTA,Anna Kobayashi,1490.88,3,2023-03-27
ATP,Pietro Gava,1490.85,3,2026-04-06
WTA,Zuanne Cameron Muller,1490.81,3,2021-09-27
ATP,Edward Hubner,1490.74,3,2022-05-16
WTA,Yura Nakagawa,1490.52,3,2024-06-03
ATP,Tugra Duran,1490.47,3,2026-05-18
ATP,Alexis Berquier,1490.4,3,2025-09-15
WTA,Daniela Ciobanu,1490.33,3,2023-05-22
WTA,Salsa Aher,1490.26,3,2023-05-29
WTA,Constanze Stepan,1490.22,3,2020-02-24
ATP,Ping Chen Lin,1490.2,3,2022-10-24
ATP,Oscar Cutting,1490.15,3,2022-08-15
ATP,Nitzan Ricklis,1490.14,3,2022-10-31
WTA,Yasaman Yazdani,1490.08,3,2025-06-02
WTA,Montserrat Gonzalez,1490.03,3,2021-06-07
WTA,Taissia Kamratova,1490.01,3,2025-09-29
ATP,Siu Chi Nicholas Cheng,1490.01,3,2025-09-01
ATP,Jung Woong Na,1489.93,3,2020-02-03
ATP,Alejandro Sanchez Gonzalez,1489.88,3,2020-02-17
WTA,Silvana Fajardo,1489.75,3,2025-12-15
ATP,Oliver Sanders,1489.75,3,2026-04-20
WTA,Penelope Abreu,1489.68,3,2021-05-31
WTA,Timea Gross,1489.56,3,2026-05-04
WTA,Iara Guerreiro Goncalves,1489.52,3,2024-10-21
WTA,Nene Watanabe,1489.47,3,2023-03-27
ATP,Tim Puetz,1489.34,3,2024-10-14
ATP,Fardeen Qamar,1489.29,3,2021-11-22
ATP,Dragos Petre Popeanga,1489.15,3,2022-10-10
ATP,Brayden Michna,1489.12,3,2023-07-10
WTA,Isabella Daher Vaz Castro,1488.88,3,2021-10-11
ATP,David Asenov,1488.66,3,2025-10-27
ATP,Cameron Muller,1488.58,3,2023-11-13
WTA,Lea Fojcik,1488.5,3,2023-09-04
WTA,Ema Vasic,1488.4,3,2020-02-24
WTA,Lucija Faj,1488.38,3,2022-05-09
ATP,Lluc Mir Anglada,1488.36,3,2021-02-01
WTA,Elena Camacho,1488.32,3,2024-06-03
WTA,Masa Mitic,1488.28,3,2023-05-08
WTA,Maria Diago Martin,1488.23,3,2024-11-11
ATP,Edward Etty,1488.15,3,2025-12-29
ATP,Robin Bulant,1488.14,3,2024-03-11
ATP,Daniel Orlita,1488.06,3,2022-09-26
WTA,Justyna Sasiak,1487.99,3,2024-08-26
ATP,Artur Aiukhanov,1487.89,3,2026-05-25
WTA,Katharina Kukaras,1487.88,3,2022-10-31
ATP,Andre Rodeia,1487.88,3,2025-04-14
ATP,David Jeanne Grandinot,1487.83,3,2026-05-18
WTA,Dallas Janssen,1487.8,3,2024-08-26
WTA,Leah Puk,1487.79,3,2025-07-28
ATP,Mark Neyelov,1487.79,3,2022-10-31
WTA,Minxu Zhou,1487.75,3,2024-11-18
WTA,Ji Hyun Kang,1487.71,3,2023-05-15
WTA,Chae Min Ryu,1487.7,3,2024-09-30
ATP,Asier Pascual De Zulueta,1487.7,3,2022-09-12
WTA,Haruna Takeuchi,1487.59,3,2024-05-13
WTA,Shizuka Sakurada,1487.58,3,2024-03-18
WTA,Bianca Swanepoel,1487.55,3,2022-04-04
WTA,Laura Bilic,1487.54,3,2022-05-09
ATP,Alan Abdullin,1487.39,3,2025-05-19
WTA,Min Young Park,1487.26,3,2023-05-15
WTA,Seora Min,1487.21,3,2022-09-05
WTA,Mbali Langa,1487.14,3,2020-03-09
ATP,Rajat Shirur,1487.14,3,2026-06-01
WTA,Yusleydis Smith Dias,1487.12,3,2021-12-06
WTA,Claire Duter,1487.12,3,2023-10-16
ATP,Daniel Tazabekov,1487.11,3,2025-08-25
WTA,Sanjana Devineni,1487.08,3,2024-11-18
WTA,Vasiliki Karvouni,1486.98,3,2025-11-24
ATP,Mikel Aranzabal,1486.85,3,2021-03-08
ATP,Jai Corbett,1486.81,3,2020-01-13
WTA,Kiana Mokhtari,1486.8,3,2020-02-17
ATP,Andy Nguyen,1486.76,3,2025-06-09
WTA,Maxima Ellenberg,1486.75,3,2020-03-09
ATP,Avery Tallakson,1486.71,3,2026-06-01
WTA,Nanami Iwasa,1486.54,3,2023-10-09
ATP,Gur Trakhtenberg,1486.48,3,2022-10-31
WTA,Lyuboslava Peruhova,1486.46,3,2021-09-13
WTA,Luna Meers,1486.4,3,2020-03-09
WTA,Laia Giralt,1486.34,3,2021-05-24
WTA,Ines Homberg Fernandez,1486.34,3,2023-11-06
ATP,Elias Sumann,1486.29,3,2025-07-21
ATP,Ali Amiri,1486.28,3,2023-07-10
WTA,Sofie Jannika Hrdinova,1486.18,3,2025-11-24
WTA,Ana Cristina Perez,1486.16,3,2023-06-26
WTA,Blanca Cortijo Parreno,1486.14,3,2020-02-03
WTA,Nina Plibersek,1486.08,3,2022-10-24
WTA,Violetta Borodina,1486.04,3,2021-11-22
WTA,Eleonora Baroni,1486.04,3,2024-04-15
WTA,Beatriz Castro,1486.02,3,2026-04-20
ATP,Alex Blumenberg,1485.95,3,2020-03-02
ATP,Karim Al Amin,1485.93,3,2025-07-14
WTA,Rianna Valdes,1485.92,3,2021-09-20
ATP,Anas Fattar,1485.92,3,2020-03-09
WTA,Damla Arslan,1485.9,3,2024-10-28
WTA,Soo Bin Oh,1485.66,3,2022-06-06
WTA,Hyewon Hwang,1485.66,3,2023-09-04
WTA,Isabella Pita,1485.65,3,2021-05-10
WTA,Margaret Navarro,1485.6,3,2022-06-27
WTA,Aayushi Tanwar,1485.53,3,2021-03-01
WTA,Saya Tsutsumi,1485.43,3,2023-10-09
WTA,Mia Liepert,1485.42,3,2023-05-22
WTA,Antonia Ende,1485.39,3,2024-04-01
WTA,Radina Rakic,1485.37,3,2022-05-09
WTA,Jacqueline Soloveychik,1485.27,3,2021-05-03
ATP,Federico Lucini,1485.15,3,2022-08-22
ATP,Yubel Ubri,1485.11,3,2024-11-25
ATP,Henry Jefferson,1485.03,3,2026-05-25
ATP,Alexander Mannapov,1485.02,3,2021-05-10
ATP,Sasha Colleu,1484.96,3,2025-11-10
ATP,Abubakar Talha,1484.95,3,2026-05-04
WTA,Lia Aguirre,1484.77,3,2022-11-28
ATP,Victor Putter,1484.77,3,2022-06-06
ATP,Will Maher,1484.74,3,2020-03-09
WTA,Angeles Maria Cueto,1484.69,3,2021-03-29
WTA,Lucia Gomez Delgado,1484.64,3,2022-11-14
WTA,Michelle Dennis,1484.61,3,2023-10-30
WTA,Isabella Tcherkes Zade,1484.55,3,2022-06-27
WTA,Alisa Ziatdinova,1484.55,3,2025-11-24
WTA,Gracie Epps,1484.52,3,2024-06-17
WTA,Tajra Jugic,1484.49,3,2022-05-23
WTA,Ellison Reynoldson,1484.45,3,2023-10-16
WTA,Anastasia Anufrieva,1484.39,3,2022-01-17
WTA,Emily Meng,1484.31,3,2024-03-11
WTA,Marisa Schmidt,1484.28,3,2020-02-24
WTA,Ely Cordonnier,1484.25,3,2024-08-19
WTA,Sofia Struvay,1484.25,3,2024-08-19
WTA,Khushali Modi,1484.16,3,2023-11-27
WTA,Chane Steyn,1484.11,3,2026-05-04
ATP,Omar Kandil,1484.11,3,2026-05-18
ATP,Julian Bradley,1484.05,3,2020-03-09
WTA,Aya Kumagai,1483.98,3,2023-03-27
WTA,Inga Komleva,1483.9,3,2020-02-24
WTA,Flavia Scata,1483.9,3,2024-07-08
WTA,Maya Betzalel,1483.88,3,2021-05-10
ATP,Aymen Abderrahmene Ali Moussa,1483.88,3,2022-05-23
ATP,Mark Tryakshin,1483.87,3,2021-04-12
WTA,Narcisa Renata Marcu,1483.85,3,2024-07-29
ATP,Andrei Duarte,1483.81,3,2023-01-16
WTA,Klara Sameliak,1483.79,3,2020-01-27
WTA,Maryia Magro,1483.78,3,2025-12-15
WTA,Jiaxi Lu,1483.73,3,2023-06-26
WTA,Rebecca Malmstrom,1483.65,3,2024-05-06
WTA,Nadja Walter,1483.64,3,2024-02-26
ATP,Pablo Alemany,1483.64,3,2020-11-23
WTA,Mia Sophie Mueller,1483.62,3,2022-04-04
WTA,Charlotte Benedetti Ravon,1483.61,3,2024-11-18
ATP,Gregoire Gervail,1483.59,3,2023-09-04
WTA,Madeleine Macneille,1483.56,3,2024-11-11
ATP,Riley Smith,1483.56,3,2020-01-13
WTA,Rebekkah Gaines,1483.54,3,2022-01-10
ATP,Joshua Howard Tripp,1483.53,3,2021-09-27
WTA,Risa Ozaki,1483.44,3,2020-03-02
ATP,Wen Bo Fan,1483.41,3,2025-09-08
WTA,Valentina Ponce Serrano,1483.4,3,2023-04-17
WTA,Sinhee Kim,1483.38,3,2022-09-05
WTA,Agata Ulikhina,1483.38,3,2025-09-22
WTA,Amanda Perez,1483.35,3,2023-01-02
WTA,Yeong Eun Ryu,1483.28,3,2023-05-15
WTA,Fabrizia Cambria,1483.27,3,2021-11-15
ATP,Maks Lukman,1483.27,3,2023-02-06
WTA,Anastasia Kuprina,1483.16,3,2020-01-20
ATP,Luca Hesselmann,1483.13,3,2023-08-28
ATP,Juan Martin Fumeaux,1483.12,3,2022-11-07
WTA,Anna Gold,1483.11,3,2023-06-12
ATP,Ilya Ignatov,1483.1,3,2025-09-29
WTA,Kira Pleshivtseva,1483.05,3,2026-05-04
WTA,Lara Mancuso,1483.04,3,2024-11-11
WTA,Inge Vijsma,1483.03,3,2022-08-01
WTA,Arina Atyushova,1482.98,3,2020-03-09
ATP,Dhruv Hirpara,1482.97,3,2024-03-18
ATP,Nicholas Steiglehner,1482.92,3,2025-09-22
WTA,Lojan Shaker,1482.91,3,2021-03-08
WTA,Lily Hutchings,1482.9,3,2026-04-27
WTA,Lika Peresypkina,1482.84,3,2021-08-23
WTA,Hyeyeong Lim,1482.84,3,2022-06-06
WTA,Lara Tovich,1482.81,3,2020-02-24
WTA,Takara Giles,1482.81,3,2024-12-09
WTA,Angelina Subotic,1482.77,3,2020-02-24
ATP,Mathieu Josserand,1482.76,3,2024-11-11
WTA,Andreea Diana Popa,1482.63,3,2024-05-06
WTA,Reshma Maruri,1482.59,3,2021-11-29
WTA,Sydney Wilson,1482.59,3,2025-11-17
ATP,Benjamin L Ambrosio,1482.57,3,2021-10-18
WTA,Isabella Rivera Ortiz,1482.56,3,2021-09-13
WTA,Aleksandra Barmicheva,1482.52,3,2025-10-27
WTA,Kirsty Robertson,1482.46,3,2023-06-12
WTA,Ines Vandekerckhove,1482.44,3,2023-03-06
WTA,Ria Ferguson,1482.35,3,2026-05-18
WTA,Micaela Moro Pleuss,1482.31,3,2025-12-08
WTA,Hailey Melissa Lizano Morales,1482.26,3,2023-04-17
WTA,Grace Darcy,1482.26,3,2024-02-26
WTA,Liz Marie Calderon,1482.22,3,2021-12-06
WTA,Milina Subkhankulova,1482.22,3,2024-10-14
WTA,Claudia Tutone,1482.21,3,2024-11-11
WTA,Nissa Finnigan,1482.14,3,2022-04-04
ATP,Ameur Ben Hassen,1482.12,3,2020-03-02
ATP,Jan Sadzik,1482.1,3,2025-08-25
WTA,Fatima Ingrid Amartha Keita,1482.09,3,2020-02-24
WTA,Wanyi Zhang,1482.07,3,2022-11-28
ATP,Alex Okonkwo,1482.07,3,2025-11-10
WTA,Sofiya Chekhlystova,1482.05,3,2021-08-02
ATP,Etienne Teboh,1481.99,3,2024-08-05
WTA,Olivia Traynor,1481.97,3,2025-05-19
WTA,Frida Weijerman,1481.97,3,2025-07-28
WTA,Sara Cozma,1481.89,3,2026-06-01
WTA,Vinciane Remy,1481.84,3,2020-01-13
WTA,Galatea Ferro,1481.79,3,2026-05-18
WTA,Shinar Zahra Shukayna Heriyadi Sunggoro,1481.74,3,2023-03-20
ATP,Fantino Alberca,1481.73,3,2025-11-24
WTA,Alejandra Alvarez,1481.68,3,2023-04-24
WTA,Juliette Sanchez Perez,1481.68,3,2024-10-14
ATP,Tin Chen,1481.63,3,2023-05-01
WTA,Sarah Millard,1481.62,3,2025-06-30
WTA,Michaela Niedermeier,1481.56,3,2020-03-09
WTA,Vendula Mareckova,1481.55,3,2023-09-04
ATP,Tigre Hank,1481.54,3,2020-01-20
ATP,Abdulrahman Al Janahi,1481.51,3,2026-02-23
ATP,Andres Urquiola Montellano,1481.5,3,2025-11-17
WTA,Justmin Da Costa,1481.47,3,2023-03-27
ATP,Nik Razborsek,1481.47,3,2020-01-20
WTA,Serife Pelin Sari,1481.45,3,2026-05-18
WTA,Nadua Herrera,1481.31,3,2022-02-07
ATP,Ntungamili Raguin,1481.3,3,2026-05-18
ATP,Vincent Rettke,1481.21,3,2024-08-12
WTA,Kiran Kalkal,1481.06,3,2022-02-14
WTA,Maria Badache,1481.06,3,2024-11-04
WTA,Ona Choi,1481.04,3,2023-09-04
WTA,Noa Ohta,1481.02,3,2023-10-09
WTA,Taylah Lessue,1480.97,3,2024-10-21
WTA,Tamari Chalaganidze,1480.95,3,2022-06-06
ATP,Finn Willman,1480.93,3,2025-12-15
WTA,Lauren Nikoloski,1480.91,3,2020-02-24
WTA,Marina Magai,1480.88,3,2020-02-03
WTA,Maria Azizyan,1480.83,3,2026-05-25
WTA,Marina De Diego Quinones,1480.74,3,2021-05-24
WTA,Sofia Loren Muñoz Muñoz,1480.66,3,2021-11-15
ATP,Thomas Kostka,1480.59,3,2025-11-24
ATP,Aaron Gabet,1480.55,3,2026-03-16
ATP,Stephen Slocombe,1480.53,3,2026-03-02
WTA,Juliette Daries,1480.52,3,2022-05-30
WTA,Alessia Maria Florea,1480.46,3,2022-08-08
WTA,Sultan Gonen,1480.45,3,2020-12-21
WTA,Fuka Kondo,1480.44,3,2023-10-09
ATP,Oriol Font,1480.42,3,2026-05-18
WTA,Tina Jolie Barrow,1480.38,3,2022-08-15
WTA,Leah Patuwairua,1480.35,3,2022-12-19
WTA,Sona Depesova,1480.34,3,2026-05-18
WTA,Valentina Huang,1480.31,3,2025-04-07
WTA,Marianna Vallova,1480.25,3,2024-04-22
WTA,Malena Lujan Luna Ahumada,1480.22,3,2022-10-03
WTA,Vladlena Martyunina,1480.21,3,2023-05-08
WTA,Yeseo Park,1480.21,3,2025-05-12
WTA,Elena Ivanovic,1480.19,3,2024-09-02
WTA,Yishuang Lin,1480.16,3,2026-03-02
ATP,Natsuki Yamamoto,1480.1,3,2026-05-11
ATP,Davide Innocenti,1480.03,3,2021-08-02
WTA,Habiba Elanany,1480.02,3,2022-08-15
WTA,Carla Perez Ortega,1480.02,3,2022-06-20
WTA,Chiara Desia Dabarno,1479.89,3,2024-07-15
ATP,Oleg Stepanenko,1479.84,3,2022-08-08
ATP,Jin Gu,1479.7,3,2023-09-18
WTA,Lara Rossetto Diniz De Souza,1479.66,3,2024-06-03
ATP,Conor Brady,1479.62,3,2026-01-26
WTA,Natasha Camer Pesci,1479.6,3,2020-02-24
WTA,Josefa Fuenzalida,1479.49,3,2024-06-10
ATP,Alex Lapsansky,1479.45,3,2026-04-20
WTA,Alexandra Pascota,1479.43,3,2024-06-03
WTA,Andreea Adelina Cuna,1479.42,3,2024-04-22
ATP,Sumit Sarkar,1479.37,3,2022-06-06
WTA,Nour Shafei,1479.35,3,2022-08-22
WTA,Violetta Poletaeva,1479.25,3,2023-05-01
WTA,Irina Hartman,1479.23,3,2023-05-08
WTA,Alessa Maier,1479.11,3,2024-07-29
WTA,Lena Lutzeier,1479.1,3,2021-10-11
WTA,Eva Siskova,1479.01,3,2023-06-19
WTA,Camilla Raggi,1478.81,3,2022-03-21
WTA,Rutuja Chaphalkar,1478.76,3,2021-12-20
WTA,Shanu Agarwal,1478.54,3,2022-02-14
WTA,Kristina Voronina,1478.46,3,2020-03-09
WTA,Sarah Suljadzic,1478.4,3,2025-09-15
WTA,Ellie Hogue,1478.15,3,2024-04-01
WTA,Chelsea May Samways,1478.13,3,2024-01-29
WTA,Anastasia Stepina,1478.11,3,2021-08-16
WTA,Alessia Beatrice Ciuca,1478.08,3,2021-07-05
WTA,Shannon Cox,1478.06,3,2020-03-09
WTA,Juliette Colard,1477.88,3,2021-05-24
WTA,Sooin Lee,1477.74,3,2023-09-04
WTA,Josephine Derouane,1477.74,3,2024-06-03
WTA,Rachel Deegan,1477.62,3,2025-07-28
WTA,Kendra Paola Meza Pacheco,1477.48,3,2024-08-19
WTA,Noura Bahaa Rashad,1477.31,3,2021-09-20
WTA,Sofia Magali Barreto Scholz,1477.27,3,2024-11-04
ATP,Alessandro Motti,1477.2,3,2022-11-14
WTA,Ju Hyang Shin,1477.12,3,2024-09-30
WTA,Risa Ueno,1476.98,3,2024-05-13
WTA,Milica Antonic,1476.95,3,2023-09-04
WTA,Daria Bochkova,1476.82,3,2023-11-27
WTA,Maja Schweika,1476.72,3,2025-10-27
WTA,Nardine Salem,1476.62,3,2022-05-02
ATP,Barkat Khan,1476.6,3,2025-11-24
WTA,Ludovica Di Sauro,1476.49,3,2024-09-02
WTA,Xiaotian Zhang,1476.47,3,2023-05-15
WTA,Londyn Mccord,1476.33,3,2025-12-15
WTA,Mariana De Jesus Ribeiro Silveira,1476.27,3,2024-12-09
WTA,Karoliina Krook,1476.26,3,2025-07-28
WTA,Eva Frissora,1476.18,3,2025-05-12
WTA,Giorgia Sticchi,1475.87,3,2024-09-23
ATP,Javier Gonzalez,1475.87,3,2025-10-06
ATP,Simone Massucco,1475.48,3,2026-05-04
WTA,Ioana Maria Sandru,1475.44,3,2026-06-01
ATP,Abel Hernandez Aguila,1475.44,3,2024-07-01
WTA,Camille Allegre,1475.37,3,2025-07-28
ATP,Kenta Nakamura,1475.36,3,2026-03-30
WTA,Michiyo Nakamura,1475.34,3,2024-09-23
WTA,Mariana Correa,1475.33,3,2022-06-13
WTA,Rutuparna Choudhury,1475.28,3,2023-02-13
ATP,Lachlan James Mcfadzean,1475.07,3,2026-01-26
WTA,Stella Simeonova,1475.0,3,2022-03-21
WTA,Tiziana Marie Schomburg,1474.86,3,2023-05-29
ATP,Stefan Skobelev,1474.79,3,2025-05-19
WTA,Anna Rahman,1474.63,3,2022-05-02
WTA,Beatrice Zappa,1474.57,3,2024-09-23
WTA,Tatiana Novikova,1474.25,3,2025-03-03
ATP,Ke Hau Hung,1474.14,3,2025-08-25
WTA,Valeria Santander,1474.03,3,2024-11-04
WTA,Mia Tsoukalas,1473.9,3,2022-11-14
WTA,Leila Fabbri,1473.88,3,2024-11-04
WTA,Julieta Marcos Cattoni,1473.76,3,2024-11-04
WTA,Lydia Besbalta,1473.64,3,2022-05-09
ATP,Andre Nemeth,1473.53,3,2026-04-06
ATP,Axel Herberg,1473.5,3,2026-03-23
ATP,Henrique Hamamoto Ushizima,1473.49,3,2024-07-01
ATP,Guilherme Sousa Severin,1473.45,3,2022-07-18
WTA,Giulia Bajsic Leo,1473.42,3,2025-11-10
WTA,Anastasia Preda,1473.4,3,2026-05-11
ATP,Alessandro Rubini,1473.25,3,2025-10-27
WTA,Selene Siburu,1472.93,3,2024-03-04
WTA,Karina Natalia Lojo,1472.81,3,2022-02-07
WTA,Kholisa Siti Maisaroh,1472.8,3,2024-11-25
WTA,Klara Svorcova,1472.63,3,2022-05-09
ATP,Jossting Cruz,1472.49,3,2024-08-12
WTA,Luciana Mengqiao,1472.41,3,2026-05-25
ATP,Dongmin Kim,1472.32,3,2025-06-02
ATP,Tommaso Pedretti,1471.9,3,2026-05-25
ATP,Pablo Roche Alcaya,1471.72,3,2025-02-24
ATP,Lovro Maricic,1471.26,3,2024-06-03
WTA,Anne Elisa Zorn,1471.18,3,2023-10-09
WTA,Alma Yosef,1470.66,3,2022-06-20
ATP,Nyo Van Dyck,1470.58,3,2024-05-06
WTA,Xiaotong Wang,1470.52,3,2026-03-09
ATP,Calin Apostol,1470.5,3,2026-02-02
WTA,Aya Eddaoudi,1470.45,3,2022-09-12
WTA,Drew Anderson,1470.37,3,2022-01-31
ATP,Harry Rock,1470.37,3,2024-08-05
WTA,Vera Khrushchyk,1470.09,3,2025-11-10
ATP,Thomas Gimenez,1470.04,3,2026-02-09
WTA,Maria Isabel Suarez,1470.03,3,2025-10-27
ATP,Gal Bar On Monroy,1470.01,3,2023-02-27
WTA,Musemma Cilek,1469.94,3,2026-03-23
WTA,Stella De Blende,1469.68,3,2024-09-02
WTA,Megan Knight,1469.61,3,2025-06-23
WTA,Mischka Sinclaire Goenadi,1469.53,3,2025-11-17
ATP,Ryan Cozad,1469.47,3,2026-04-13
ATP,Lucas Cotler,1469.4,3,2023-06-26
WTA,Du Ruihan,1469.38,3,2024-09-02
WTA,Yesung Choo,1469.33,3,2025-04-28
WTA,Nora Zuvela,1469.11,3,2022-10-03
ATP,Daniel Kliebhan,1469.06,3,2026-03-02
WTA,Giovanna Soueid,1468.98,3,2024-12-09
WTA,Anna Kantor,1468.92,3,2023-07-17
WTA,Sitong Chen,1468.76,3,2026-04-20
ATP,Roberto Pinargote Palma,1468.76,3,2022-10-31
ATP,Dmitry Bezborodov,1468.74,3,2021-06-14
ATP,Skander Mezouar,1468.73,3,2023-05-15
ATP,Renaldi Aqila A Salim,1468.68,3,2026-05-11
WTA,Pehal Kharadkar,1468.67,3,2024-03-11
ATP,Vladimir Filip,1468.64,3,2022-08-29
ATP,James Cerretani,1468.61,3,2022-04-25
ATP,Anro Nel,1468.53,3,2023-02-20
WTA,Audrey Tong,1468.5,3,2025-01-27
WTA,Nanaka Sato,1468.26,3,2023-10-09
WTA,Nikola Kollaritsch,1468.25,3,2024-05-20
ATP,Frederico Gil,1468.17,3,2021-10-25
WTA,Sonicka Jadeesh,1468.04,3,2024-10-14
ATP,Asier Meneses Perny,1467.89,3,2026-04-06
ATP,Francisco Javier Martinez Baena,1467.74,3,2024-06-03
WTA,Patricia Gui,1467.64,3,2024-06-24
WTA,Valentyna Bendova,1467.63,3,2023-05-01
ATP,Anthony Popyrin,1467.63,3,2024-02-12
ATP,German Sanchez Amor,1467.52,3,2024-08-19
ATP,Hans Hach Verdugo,1467.15,3,2025-07-07
WTA,Naledi Manyube,1467.13,3,2023-03-06
ATP,Julien Evrard,1467.04,3,2023-07-03
ATP,Radek Chodora,1466.67,3,2026-05-11
WTA,Fabiola Marino,1466.66,3,2025-11-03
ATP,Simone Macchione,1466.65,3,2026-04-20
WTA,Victoria Pahlett,1466.49,3,2024-11-04
WTA,Alana Boyce,1466.47,3,2025-08-11
ATP,Mark Kaufman,1466.3,3,2025-11-17
WTA,Anzu Inoue,1466.2,3,2024-11-04
ATP,Vitalii Hnidets,1465.99,3,2024-10-21
ATP,Nathan Chavez,1465.98,3,2020-02-03
WTA,Martina Barale,1465.85,3,2024-10-21
ATP,Tyler Cox,1465.81,3,2025-09-22
ATP,Jia Hu,1465.81,3,2024-08-26
ATP,Enrique Gimenez Sanchez,1465.76,3,2025-09-29
WTA,Kira Golenko,1465.74,3,2024-11-04
ATP,Mark Bogdanov,1465.74,3,2022-10-24
ATP,Eloi Roux,1465.72,3,2024-11-11
WTA,Sofia Kova,1465.68,3,2026-05-25
ATP,Ighor Halmenschlager Reis,1465.58,3,2022-11-21
WTA,Lucia Rodriguez,1465.56,3,2025-12-01
ATP,Pascal Meis,1465.09,3,2023-08-14
ATP,Matteo Vavassori,1465.08,3,2024-10-14
WTA,Angela Kulikov,1465.01,3,2022-05-02
ATP,Jerome Estephan,1464.98,3,2026-04-13
ATP,Donghyun Hwang,1464.97,3,2026-05-25
WTA,Federica Marchiani,1464.96,3,2024-07-01
WTA,Estela Ivanova,1464.94,3,2024-09-23
ATP,Carlos Guerrero Alvarez,1464.82,3,2025-08-11
WTA,Chloe Elliott,1464.8,3,2022-05-02
WTA,Elysia Pool,1464.72,3,2024-07-08
ATP,Luis Llorens Saracho,1464.72,3,2023-11-27
WTA,Elisa Rohrbach,1464.64,3,2026-03-02
WTA,Livia Airoldi,1464.58,3,2024-06-24
WTA,Hanna Koprowska,1464.55,3,2025-06-16
ATP,Vincent Knoess,1464.49,3,2022-05-16
ATP,Diego Ignacio Gomez Pajares,1464.38,3,2025-12-15
ATP,Dmytro Slyepkan,1464.21,3,2021-05-31
WTA,Min Young Choi,1464.15,3,2025-12-29
WTA,Mar Cabassers Morros,1464.1,3,2025-09-08
WTA,Kyla Yelverton,1463.99,3,2022-04-04
ATP,Liviu Popirlan,1463.96,3,2026-05-11
ATP,Ricardo Fernando Romero Estrada,1463.94,3,2026-04-20
ATP,Kaetan Mehta,1463.91,3,2023-11-06
ATP,Jamie Krattiger,1463.86,3,2023-08-28
WTA,Sveva Maria Ricci,1463.82,3,2023-07-31
WTA,Elena Utkina,1463.79,3,2026-05-25
ATP,Victor Sklenka,1463.67,3,2024-06-03
WTA,Emilia Carlotta Brune,1463.64,3,2025-09-01
WTA,Angela Lazic,1463.61,3,2024-04-15
ATP,Yi Jui Lo,1463.61,3,2024-07-29
ATP,Lasha Giorgi Kikvidze,1463.44,3,2023-05-01
ATP,Kamran Hanif,1463.43,3,2022-10-31
WTA,Silvia Alletti,1463.4,3,2025-09-08
ATP,David Hough,1463.34,3,2022-01-03
ATP,Wenze Li,1463.23,3,2026-05-11
ATP,Antreas Djakouris,1463.12,3,2025-11-03
WTA,Hitakamya Singh Narwal,1463.05,3,2022-12-26
ATP,Jiri Krouzek,1463.05,3,2022-05-23
WTA,Lucie Rabiot,1463.04,3,2024-11-04
WTA,Valentine Coussens,1463.03,3,2026-01-12
ATP,Adriano Botta,1463.03,3,2026-05-25
ATP,Nick Beamish,1463.02,3,2026-05-18
ATP,Axel Bergdahl,1463.01,3,2023-05-08
ATP,Omer Yeshaya,1463.0,3,2022-10-24
ATP,Kristian Tumbas Kajgo,1462.95,3,2026-04-13
WTA,Diana Fernandes,1462.91,3,2024-11-25
ATP,Shogo Sanada,1462.87,3,2025-11-17
ATP,Francesco Cano,1462.85,3,2024-04-15
ATP,Rafael Grosu,1462.83,3,2024-09-09
WTA,Carolina Giua,1462.8,3,2023-05-01
ATP,Ioan Alexandru Teglas,1462.79,3,2025-06-23
ATP,Santiago Pedro Franchini,1462.78,3,2025-11-17
ATP,Christopher Heck,1462.76,3,2024-04-08
WTA,Rita Maria Bentes De Oliveira Pinto,1462.62,3,2021-09-27
ATP,Eduard Silviu Schipor,1462.61,3,2024-07-08
ATP,Oleg Syrovatskiy,1462.6,3,2024-07-01
ATP,Leonardo Storck Franca,1462.5,3,2025-11-17
WTA,Yuhan Chen,1462.49,3,2026-05-18
WTA,Ema Norma Bordean,1462.42,3,2024-10-21
ATP,Ernest Habiyambere,1462.39,3,2024-03-04
WTA,Kiko Inoue,1462.28,3,2024-04-08
WTA,Eva Cikajlo,1462.2,3,2024-05-13
WTA,Irina Cantos Siemers,1462.17,3,2022-06-27
WTA,Emma Jouy,1462.15,3,2022-03-21
ATP,Simon Ignacio Flores Leyton,1462.15,3,2026-01-12
WTA,Zoe Leyval,1462.08,3,2023-09-11
WTA,Lucy Webber,1461.99,3,2023-01-09
WTA,Anna Tambelli,1461.73,3,2026-04-20
ATP,Adam Briant,1461.7,3,2024-06-17
ATP,Juan Carlos Garcia Garcia,1461.64,3,2022-07-18
ATP,Francisco Oliveira,1461.63,3,2024-04-22
ATP,Jintao Lan,1461.61,3,2026-06-01
WTA,Carrie Anne Hoo,1461.46,3,2026-04-20
WTA,Mika Ikemori,1461.44,3,2025-06-30
ATP,Max Van Nunen,1461.35,3,2026-04-27
ATP,James Elia,1461.32,3,2025-09-15
WTA,Ema Mravcova,1461.27,3,2024-09-30
ATP,Purav Raja,1461.27,3,2022-04-25
ATP,Eric Morris,1461.22,3,2022-10-17
WTA,Begum Elif Gumussoy,1461.2,3,2021-02-08
WTA,Maren Milla Tobiasson Reinemo,1461.07,3,2024-04-08
ATP,Dmitry Suboch,1461.03,3,2025-02-03
ATP,Tamerlan Azizov,1460.89,3,2024-04-15
ATP,Tristan Piombo,1460.89,3,2024-06-17
WTA,Elysa Axinie,1460.87,3,2025-07-21
WTA,Yu Hua Cheng,1460.81,3,2024-06-24
ATP,Daniel Berdecio Flores,1460.8,3,2023-11-27
WTA,Sydji Peszynski,1460.76,3,2021-10-25
WTA,Asli Oktay,1460.71,3,2024-03-04
ATP,Nikolaj Katic,1460.63,3,2024-06-10
ATP,Paulo Knippling,1460.6,3,2023-04-24
ATP,Parsa Ashjari,1460.58,3,2025-05-12
ATP,Roman Venger,1460.29,3,2025-09-22
ATP,Deni Zmak,1460.26,3,2024-07-22
ATP,Jeffrey Strydom,1460.19,3,2026-05-25
ATP,Matias Rojas,1460.18,3,2023-03-12
WTA,Lykke Lindorff,1460.16,3,2024-02-26
WTA,Bohoussou Blanche Lili Belle Minet,1460.1,3,2022-04-25
WTA,Kami Osher,1459.96,3,2021-10-04
ATP,Giuseppe Corsaro,1459.85,3,2025-03-10
WTA,Edellis Narmaganbet,1459.81,3,2024-04-22
WTA,Elena Francese,1459.8,3,2025-11-03
ATP,Bekzat Usipbekov,1459.75,3,2020-03-09
ATP,Amar Kolic,1459.69,3,2025-06-09
ATP,Nicolas Eli,1459.69,3,2024-01-15
WTA,Julia Millan Tejedor,1459.68,3,2025-08-18
WTA,Dain Kim,1459.62,3,2024-05-27
ATP,Togan Tokac,1459.62,3,2022-05-16
ATP,Mario Nicosia,1459.6,3,2022-05-16
WTA,Tsehay Driscoll,1459.59,3,2023-02-27
WTA,Katarina Jelusic,1459.56,3,2023-06-05
WTA,Alina Kozaeva,1459.56,3,2022-05-30
WTA,Patricia Ungure Rogozoveca,1459.54,3,2023-07-03
ATP,Marko Retelj,1459.54,3,2026-06-01
WTA,Anna Burchak,1459.42,3,2025-10-20
WTA,Kayla Ruth Santosa,1459.37,3,2023-03-27
ATP,Mattia Ricci,1459.34,3,2024-11-18
ATP,Stefan Bianchet,1459.21,3,2025-09-08
ATP,Jayden Summers,1459.2,3,2026-04-20
WTA,Martina Muzzolon,1459.19,3,2021-07-12
ATP,Agustin Ivan Damiano,1459.19,3,2025-11-17
ATP,Wyatt Demulling,1459.18,3,2022-08-08
WTA,Christine Kruger,1459.17,3,2021-02-15
ATP,Jack Mccarthy,1459.15,3,2025-01-06
ATP,Aleksa Bucan,1459.14,3,2022-11-14
WTA,Victoria Zarate,1459.08,3,2023-06-19
ATP,Mohamed Alami,1458.97,3,2023-06-19
WTA,Veritsa Yaneva,1458.92,3,2024-07-15
WTA,Emilia Durska,1458.9,3,2023-01-30
ATP,Eytan Miessen,1458.87,3,2024-07-29
ATP,Valentino Aliano,1458.85,3,2024-11-11
ATP,Filippo Giovannini,1458.8,3,2025-05-05
WTA,Norina Bak Szabo,1458.72,3,2026-05-25
ATP,Milo Gazivoda,1458.71,3,2022-05-09
ATP,Roman Nashatyrkin,1458.66,3,2021-02-01
ATP,Aleksei Abazov,1458.61,3,2021-04-05
ATP,Zhaokai Zhu,1458.58,3,2025-09-15
ATP,Hao Yuan Ng,1458.55,3,2023-01-23
WTA,Asima Sazan,1458.54,3,2022-02-28
ATP,Jay Lin Gibson,1458.54,3,2025-04-28
WTA,Nuppu Palm,1458.46,3,2024-07-29
WTA,Louise Grail,1458.42,3,2024-04-22
ATP,Bjorn Nareyka,1458.41,3,2021-07-05
ATP,Rafael Abdul Salam,1458.35,3,2023-09-25
WTA,Mary Jean Brumfield,1458.2,3,2022-06-13
WTA,Mai Goto,1458.2,3,2024-11-04
ATP,Santiago Navarro,1458.07,3,2022-03-21
WTA,Miranda Bosch,1458.06,3,2024-03-04
WTA,Ines Delaloye,1458.03,3,2026-06-01
ATP,Francisco Vittar,1458.02,3,2021-10-04
ATP,Jiho Lee,1458.02,3,2024-04-08
ATP,Stefan Vedovelli,1458.0,3,2025-07-14
ATP,Charlie Valentine,1457.97,3,2025-06-09
WTA,Isabelle Bahr,1457.93,3,2023-10-02
WTA,Priscilla Sirichantho,1457.9,3,2026-04-20
WTA,Maria Dalessandro,1457.86,3,2024-07-15
WTA,Nina Bernier,1457.8,3,2024-01-22
ATP,Simon Malis,1457.79,3,2022-04-25
ATP,Eleftherios Theodorou,1457.72,3,2020-10-26
ATP,Jera Staley,1457.71,3,2026-03-23
WTA,Olivia Moley,1457.6,3,2021-04-26
ATP,Tomas Vanko,1457.58,3,2020-11-23
WTA,Maimouna Keita,1457.52,3,2024-09-16
ATP,Sebastian Pino,1457.51,3,2024-03-04
WTA,Samar Ben Smida,1457.38,3,2023-05-29
WTA,Lee Anne Endler,1457.36,3,2024-07-29
WTA,Sol Maria Terracina,1457.33,3,2021-04-05
ATP,Eduardo Cohen,1457.32,3,2022-05-16
WTA,Francesca Andrea Feodorov,1457.31,3,2021-05-03
ATP,Toa Maeda,1457.27,3,2023-12-25
WTA,Jing Wang,1457.24,3,2024-09-09
ATP,J J Mercer,1457.18,3,2022-08-01
ATP,Lars Johann,1457.16,3,2025-08-04
ATP,Rudolf Niklas Christiansen,1457.13,3,2025-08-18
WTA,Melissa Moueza,1457.08,3,2025-01-13
WTA,Luiza Rodrigues Daud,1457.07,3,2024-12-09
ATP,Rayen Zribi,1457.06,3,2022-07-11
ATP,Barney Fitzpatrick,1457.06,3,2026-05-18
ATP,Gawad El Feky,1457.06,3,2026-05-04
ATP,Andreas Scott,1456.98,3,2026-06-01
WTA,Pattarawadee Atidphokin,1456.96,3,2024-07-08
ATP,Frederic Vogeli,1456.85,3,2022-10-24
WTA,Lonja Engemise,1456.77,3,2024-03-11
WTA,Hermine Brembt,1456.76,3,2021-01-04
ATP,Daniel Lechner,1456.73,3,2026-01-05
ATP,Jonas Greif,1456.69,3,2022-10-24
WTA,Noel Mae Moreno,1456.65,3,2022-06-27
ATP,Octave Caillat,1456.65,3,2026-02-16
WTA,Karakat Koilybaeva,1456.64,3,2024-04-22
ATP,Dharmil Shah,1456.62,3,2025-03-17
WTA,Nanami Goto,1456.6,3,2025-05-12
WTA,Anna Boron,1456.54,3,2025-09-01
WTA,Laura Martinez Ruiz,1456.5,3,2024-06-03
ATP,Kirill Kolganov,1456.36,3,2021-07-19
ATP,Nikola Puntaric,1456.29,3,2024-03-18
ATP,Ajer Sher,1456.27,3,2022-08-22
ATP,Rishabhdev Rajshekar Raman,1456.24,3,2026-05-11
ATP,Ilya Maltsev,1456.2,3,2026-06-01
WTA,Evelina Zhuk,1456.13,3,2024-04-15
WTA,Jana Ruzic,1456.09,3,2024-09-16
WTA,Alice Benvegnu,1456.08,3,2020-10-26
ATP,Aleksandar Daskalovic,1456.07,3,2025-07-21
WTA,Ira Shah,1456.0,3,2024-08-12
WTA,Isabella Nalani Alvarez Fu,1455.97,3,2021-06-28
ATP,Ognjen Jagrovic,1455.97,3,2025-11-17
WTA,Beatriz Casaca,1455.9,3,2022-04-11
WTA,Barbara Majczyna,1455.88,3,2024-08-19
WTA,Ariana Jativa Riofrio,1455.85,3,2022-03-07
ATP,Strahinja Rakic,1455.85,3,2022-09-19
ATP,Ethan Silva,1455.84,3,2024-10-14
WTA,Alexandra Nicole Aldea Wesselly,1455.83,3,2024-08-12
ATP,Stephan Iserath,1455.81,3,2026-02-09
WTA,Alessia Maria Meriseanu,1455.7,3,2021-10-11
ATP,Pablo De La Cierva Sanchez,1455.66,3,2026-03-16
WTA,Sofia Drohomyretska,1455.65,3,2024-03-04
ATP,Enzo Crevelaro,1455.64,3,2024-11-11
WTA,Suryanshi Shekhawat,1455.61,3,2026-05-11
WTA,Yujie Li,1455.6,3,2024-06-17
WTA,Polina Georgieva,1455.57,3,2023-01-16
ATP,Luka Januashvili,1455.55,3,2023-10-23
ATP,Tancredi Alfano,1455.53,3,2024-04-01
WTA,Petra Cizinska,1455.46,3,2021-02-08
WTA,Peng Yu Lai,1455.4,3,2024-06-24
WTA,Ayanna Shah Ayanna Shah,1455.37,3,2022-06-13
ATP,Sizya Ernest Kivanda,1455.32,3,2022-01-10
ATP,Nikolaos Chatziavraam,1455.32,3,2024-11-04
WTA,Amber Mcginnis,1455.25,3,2024-08-12
ATP,Joaquin Leon Macchiavello,1455.21,3,2024-09-23
WTA,Marie Poetzing,1455.19,3,2022-08-29
WTA,Mariam Abd El Salam,1455.12,3,2020-03-02
WTA,Alicia Taylor,1455.05,3,2026-05-18
WTA,Faith Urasa,1455.03,3,2026-01-05
WTA,Sofiko Zeikidze,1455.01,3,2021-07-19
ATP,Yecong He,1455.0,3,2020-03-09
ATP,Dawid Taczala,1454.95,3,2021-08-23
ATP,Olle Noltorp,1454.94,3,2023-08-14
ATP,Tom Jomby,1454.91,3,2021-06-28
WTA,Chui Kei Leung,1454.9,3,2023-06-26
ATP,Marco Mania,1454.9,3,2022-05-09
WTA,Nana Kusumoto,1454.89,3,2023-03-20
WTA,Manon Lamarque,1454.87,3,2022-03-07
ATP,Alonso Alejandro Delgado,1454.85,3,2022-04-04
WTA,Maretha Burger,1454.83,3,2021-02-15
ATP,Ivan Ponomarev,1454.8,3,2026-03-30
WTA,Chiara Semmelmeyer,1454.78,3,2024-08-05
WTA,Iana Kravchenkova,1454.76,3,2024-01-15
ATP,Benjamin Ignacio Herrera Delucchi,1454.67,3,2024-12-02
WTA,Sumin Lee,1454.66,3,2024-05-27
WTA,Martina Rivero,1454.62,3,2020-02-17
ATP,Gilad Tamar,1454.62,3,2022-05-23
WTA,Tejaswini Narala,1454.6,3,2025-03-03
WTA,Nahia Echaide Gonzalez,1454.58,3,2024-06-10
ATP,Jean Jacques Rakotohasy,1454.56,3,2023-03-13
WTA,Nahia Sanchez Marin Garcia,1454.53,3,2024-07-22
WTA,Annabelle Loutit,1454.45,3,2024-12-16
ATP,Moritz Trocker,1454.41,3,2020-03-09
WTA,Alice Marietti,1454.26,3,2026-05-11
WTA,Emily Dunn,1454.24,3,2026-03-09
WTA,Kristina Kudryavtseva,1454.21,3,2025-06-16
ATP,Pedro Gabriel Rodrigues,1454.21,3,2022-01-31
WTA,Elif Sanem Karadag,1454.19,3,2020-02-24
WTA,Lana Kamel,1454.18,3,2021-01-11
WTA,Camilla Franzin,1454.17,3,2024-08-26
WTA,Madalena Marques,1454.17,3,2020-08-31
WTA,Lea Jurkovic,1454.01,3,2023-04-24
WTA,Cveti Iotova,1453.98,3,2021-09-06
ATP,Eldin Nokic,1453.8,3,2023-11-20
WTA,Julia Daroszewska,1453.75,3,2025-07-07
ATP,Jose Murariu,1453.75,3,2025-08-11
WTA,Chiara Torrieri,1453.73,3,2024-11-11
WTA,Giulia Finocchiaro,1453.66,3,2020-02-24
WTA,Ana Maria Capeti,1453.65,3,2025-09-22
WTA,Sofia Omati Albieri,1453.64,3,2024-03-11
WTA,Nicole Trofimczyk,1453.57,3,2023-10-09
WTA,Lorraine Lissmann,1453.57,3,2023-11-13
ATP,Juan Ignacio Alcalde,1453.48,3,2021-04-19
ATP,Takanyi Garanganga,1453.47,3,2020-01-27
WTA,Neiro Tanaka,1453.46,3,2024-11-04
WTA,Blanca Alvarez Rojas,1453.4,3,2021-08-16
WTA,Sophya Devas,1453.36,3,2024-08-12
WTA,Isabella Nunez,1453.35,3,2020-02-03
WTA,Mingfang Zhu,1453.31,3,2020-01-27
WTA,Suzana Faucz,1453.29,3,2023-05-15
WTA,Annabel Davis,1453.22,3,2024-07-15
WTA,Anissa Saada,1453.2,3,2026-03-02
WTA,Flora Farkaslaki Hints,1453.19,3,2024-07-01
ATP,Artur Soghoyan,1453.15,3,2021-05-17
WTA,Tanisha Kantam,1453.09,3,2026-04-20
WTA,Lucia Saric,1453.06,3,2022-05-02
ATP,Yerassyl Murat,1453.02,3,2021-07-05
WTA,Sofia Sokolova,1453.0,3,2021-11-15
WTA,Maria Nuova Covato,1452.99,3,2023-09-25
ATP,Skander Ben Abdallah,1452.92,3,2022-05-16
ATP,Nikolas Baker,1452.85,3,2026-03-23
WTA,Medhavi Singh,1452.79,3,2024-10-07
ATP,Kai Milburn,1452.79,3,2024-12-09
WTA,Mar Ribera Orquin,1452.78,3,2022-02-07
ATP,Daniel Azar,1452.75,3,2024-05-27
WTA,Lucia Mesa Ramos,1452.69,3,2024-09-23
WTA,Sayuri Hata,1452.68,3,2024-06-10
ATP,Federico Gaston Gonzalez Benitez,1452.68,3,2026-03-16
ATP,Artom Mukhtarulin,1452.63,3,2025-10-13
ATP,Dean Cooper Kirby,1452.6,3,2022-03-07
WTA,Natsumi Nakadate,1452.55,3,2022-10-10
WTA,Anupriya Bauddh,1452.54,3,2022-02-14
WTA,Tanushri Pandey,1452.54,3,2023-02-06
WTA,Alija Merdeeva,1452.52,3,2020-03-09
ATP,Jackson Pereira Xavier,1452.51,3,2025-11-17
ATP,Andrej Glvac,1452.49,3,2020-02-17
WTA,Sophia Hatton,1452.46,3,2024-11-11
ATP,Joseph White,1452.46,3,2022-12-05
WTA,Liliana Drukerova,1452.44,3,2024-11-11
WTA,Michelle De Groot,1452.43,3,2020-01-27
WTA,Sophie Schouten,1452.41,3,2023-07-31
ATP,Emerson Pedro,1452.4,3,2025-11-10
WTA,Kimberley Claudia Astride Ngack Mahop,1452.39,3,2022-11-28
ATP,Juan Miguel Bolivar Idarraga,1452.39,3,2026-03-23
ATP,Reece  Yakubov,1452.38,3,2022-11-14
ATP,Pratyush Mohanty,1452.32,3,2025-11-17
WTA,Rafailia Nikoletta Fulop,1452.3,3,2020-02-24
WTA,Parker Fry,1452.28,3,2025-06-30
WTA,Hen Plaksiy,1452.26,3,2021-08-23
ATP,Ryoto Tachi,1452.23,3,2025-01-27
ATP,William Bartram,1452.23,3,2024-01-15
ATP,Sacha Modica,1452.2,3,2020-10-26
ATP,Belal Abou Taleb,1452.18,3,2022-05-16
ATP,Ethan Terblanche,1452.14,3,2026-05-04
WTA,Clara Nilsson,1452.11,3,2024-05-06
WTA,Nancy Sherif Elghamry,1452.09,3,2021-01-25
WTA,Virginia Santillan,1452.08,3,2022-10-10
ATP,Callum Gale,1452.07,3,2023-07-24
WTA,Anastasia Reimchen,1452.05,3,2021-07-12
WTA,Majda Ajradini,1452.02,3,2020-02-10
WTA,Medha Chandana,1451.98,3,2026-02-09
WTA,Natalia Schwarcova,1451.91,3,2022-09-05
WTA,Sofia Carez,1451.91,3,2025-12-15
WTA,Miriam Gondorova,1451.86,3,2021-03-22
WTA,Daria Camarasan,1451.81,3,2024-08-19
ATP,Ole Bredschneijder,1451.77,3,2026-04-27
WTA,Pilar Traiber,1451.73,3,2021-04-05
WTA,Dariia Medviedieva,1451.69,3,2024-11-18
WTA,Madison Beckham,1451.68,3,2022-05-16
WTA,Ivanova Lucero Moreta,1451.62,3,2022-02-28
ATP,Hussein El Tawil,1451.61,3,2022-08-22
ATP,Debasis Sahoo,1451.58,3,2025-11-17
WTA,Mara Marty,1451.56,3,2022-06-06
WTA,Kaashvi Thapliyal,1451.55,3,2022-02-07
ATP,Emir Sendogan,1451.51,3,2021-04-19
WTA,Tully Richter,1451.5,3,2020-03-02
WTA,Brooke Thompson,1451.48,3,2022-11-14
ATP,Adham Gaber,1451.47,3,2022-08-08
WTA,Mio Kozaki,1451.41,3,2020-01-27
WTA,Rama Bagaeen,1451.41,3,2023-03-20
WTA,Katie Morton,1451.33,3,2020-01-20
WTA,Lena Peyer,1451.31,3,2023-02-27
WTA,Ayano Sonoda,1451.3,3,2020-01-27
WTA,Ramona Matei,1451.23,3,2022-08-08
ATP,Luka Vukovic,1451.23,3,2024-08-19
WTA,Xinke Cui,1451.21,3,2026-05-11
WTA,Heloisa Ferraz,1451.16,3,2024-11-25
WTA,Maya Milosevic,1451.15,3,2024-03-11
WTA,Maria Miruna Enescu,1451.09,3,2024-08-05
WTA,Ines Mircheva,1451.04,3,2020-02-10
ATP,Hudson Baxter,1451.04,3,2026-05-25
ATP,Luke Cripps,1451.01,3,2026-03-23
WTA,Norma Paola Padilla,1451.0,3,2022-08-08
ATP,Hans Peter Kaufmann,1450.99,3,2022-08-22
ATP,Omar El Moslemany,1450.92,3,2021-11-22
WTA,Jostana Madane,1450.88,3,2024-12-09
WTA,Karin Maria Handiakova,1450.75,3,2021-04-05
ATP,Arthav Neema,1450.74,3,2025-08-18
WTA,Natasa Savic,1450.66,3,2023-06-05
WTA,Laura Bryan,1450.61,3,2022-05-09
WTA,Rachel Lee,1450.59,3,2024-05-27
WTA,Elena Arenas Guisasola,1450.53,3,2022-01-17
WTA,Kornelia Krzesniak,1450.48,3,2025-11-17
WTA,Natasa Ilic,1450.32,3,2022-05-30
ATP,Francisco Faigenbaum,1450.16,3,2023-07-03
ATP,Alexandar Balj,1450.16,3,2023-05-29
WTA,Marie Lou Peyre,1450.06,3,2025-09-01
ATP,Kris Alessandro Hernandez Mariona,1450.0,3,2024-11-04
WTA,Vladimira Pavlikova,1449.97,3,2022-08-08
WTA,Mora Carrocera,1449.97,3,2025-09-22
ATP,Alexander Boborykin,1449.95,3,2021-05-31
ATP,Ko Nagashima,1449.87,3,2025-06-02
ATP,Joao Pedro Drumond Ribeiro,1449.85,3,2025-11-24
ATP,Kryce Didier Momo Kassa,1449.77,3,2025-02-17
ATP,Cody Atkinson,1449.75,3,2026-03-09
WTA,Carlota Lujan,1449.74,3,2024-11-18
WTA,Shilpi Swarupa Das,1449.72,3,2021-11-29
WTA,Gabriela Sanchez,1449.7,3,2024-04-01
WTA,Sanika Kambli,1449.69,3,2024-02-26
WTA,Pakhi Bhatt,1449.68,3,2024-07-15
WTA,Xiang Qi,1449.65,3,2023-02-27
WTA,Andra Diana Stanciu,1449.6,3,2023-01-09
ATP,Strahinja Cejovic,1449.59,3,2023-06-26
ATP,Artur Khairutdinov,1449.56,3,2023-03-06
WTA,Adrija Runcha,1449.55,3,2022-08-08
ATP,Jakub Ostajewski,1449.55,3,2022-09-19
ATP,Santiago Pesino,1449.54,3,2026-05-04
WTA,Selasie Senanu Senanu,1449.5,3,2022-05-23
WTA,Yiran Chen,1449.49,3,2023-07-03
WTA,Sheetal Saini,1449.46,3,2024-10-07
WTA,Garcia Miralles Rebeca,1449.45,3,2022-11-28
WTA,Malak Abdel Fattah,1449.42,3,2021-09-06
WTA,Valeriia Ilmeneva,1449.35,3,2022-11-21
WTA,Veronika Lundgren,1449.27,3,2023-05-01
ATP,Vladimir Osminkin,1449.26,3,2026-05-25
WTA,Isabella Righi,1449.16,3,2022-03-14
WTA,Lisa Maria Sohlberg,1448.97,3,2024-10-07
WTA,Natalia Garcia Matea,1448.88,3,2024-06-03
ATP,Vladimir Cherkovets,1448.88,3,2022-02-07
ATP,Vladislav Tasenkov,1448.86,3,2021-03-29
WTA,Anna Sevastyanova,1448.76,3,2022-01-17
WTA,Iana Kakurina,1448.75,3,2022-02-07
WTA,Shanice Weekes,1448.74,3,2023-06-12
WTA,Renata Olea,1448.71,3,2022-09-19
ATP,Bastian Zamora,1448.62,3,2025-11-24
WTA,Freja B Loevbjerg,1448.6,3,2023-07-24
WTA,Prisca Abbas,1448.6,3,2024-02-05
WTA,Nathalie Schroeder,1448.45,3,2024-11-18
WTA,Stephanie Nylander Altelius,1448.39,3,2023-10-30
WTA,Mia Leigh Cilliers,1448.31,3,2024-12-09
WTA,Giulia Peres,1448.28,3,2023-05-01
WTA,Simona Deletic,1448.24,3,2021-08-16
WTA,Denise Pozzetti,1448.24,3,2024-05-27
WTA,Vanessa Epp,1448.23,3,2022-01-17
WTA,Martina Forcisi,1448.22,3,2023-11-13
WTA,Kanika Rapria,1448.21,3,2023-02-06
WTA,Anastasia Kouchnareva,1448.17,3,2021-06-07
WTA,Trinetra Vijayakumar,1448.16,3,2025-08-11
WTA,Sofia Gorovits,1448.12,3,2024-04-01
WTA,Salma Yassin Hosny,1448.11,3,2021-04-12
WTA,Amelia Kopel,1448.06,3,2024-05-20
WTA,Sofia Chachkhiani,1448.02,3,2021-07-19
ATP,Pietro Mugelli,1447.99,3,2025-07-28
WTA,Ruth N Torres Milian,1447.92,3,2024-10-07
WTA,Meriem Ben Ezzedine Meriem,1447.89,3,2022-02-14
WTA,Emilia Boroczky,1447.83,3,2025-11-03
ATP,Kyle Lok Yin Tang,1447.81,3,2023-08-07
ATP,Dragomir Draganov,1447.7,3,2021-10-04
WTA,Maya Prlja,1447.63,3,2026-02-23
WTA,Habiba Mossad,1447.56,3,2021-01-25
WTA,Malak Ahmed,1447.48,3,2021-12-20
ATP,Denim Yadav,1447.3,3,2022-11-07
WTA,Daniella Ben Abraham,1447.24,3,2022-10-10
WTA,Jun Zhi Le Dong,1447.24,3,2024-07-01
WTA,Boidehi Ukil,1447.2,3,2024-12-16
WTA,Vittoria Pastorino,1447.18,3,2021-10-25
WTA,Athina Grigoriadou,1447.11,3,2023-03-20
ATP,Tamas Belafalvi Balint,1447.02,3,2025-08-18
ATP,Ausias Martin Melo,1446.96,3,2025-07-14
ATP,Brian Dal Zilio,1446.92,3,2026-04-27
WTA,Tereza Vlkovska,1446.9,3,2024-04-15
WTA,Kristel Van Der Heijden,1446.85,3,2022-06-20
WTA,Blanca Berges,1446.77,3,2024-06-10
ATP,Eduard Vlasceanu,1446.75,3,2024-10-14
WTA,Amber Oladeji,1446.64,3,2022-08-01
ATP,Yannick Castelnuovo,1446.64,3,2025-09-22
WTA,Tatevik Baburyan,1446.62,3,2025-05-19
WTA,Maria Isabela Stegarescu,1446.56,3,2024-08-05
WTA,Sofia Baciu,1446.29,3,2025-11-17
ATP,Luke Vuletic,1446.28,3,2023-02-06
WTA,Jeannieross Barcia Guquib,1446.04,3,2024-05-20
WTA,Ana Carolina Barbosa Caregnatto,1445.98,3,2025-09-08
WTA,Mariam Moris Moris Fekry Khalil,1445.91,3,2022-08-22
WTA,Catherine Krueger,1445.89,3,2024-02-05
WTA,Aruzhan Nuranbay,1445.85,3,2024-07-22
WTA,Anastasia Yashchenko,1445.6,3,2023-08-14
ATP,Lucca C Pignaton,1445.52,3,2024-11-18
WTA,Sonja Wedenski,1445.51,3,2024-10-28
WTA,Eda Gunduz,1445.45,3,2023-01-09
WTA,Ivana Milosevic,1445.18,3,2023-08-28
WTA,Wilma Bergqvist,1444.97,3,2024-10-28
WTA,Vasiliki Koronaki,1444.89,3,2024-11-18
WTA,Agostina Pizarro Periales,1444.78,3,2024-11-18
WTA,Rebecca Herrington,1444.76,3,2024-03-18
WTA,Xinyi Wang,1444.7,3,2023-06-19
WTA,Dilara Sultanova,1444.33,3,2024-07-29
WTA,Maria J Espinosa,1444.2,3,2022-09-26
WTA,Leonarda Kajkic,1443.9,3,2024-04-29
WTA,Amira Bartaguiz,1443.88,3,2024-11-25
WTA,Sabina Maria Iurea,1443.75,3,2022-08-08
WTA,Katarina Railean,1443.71,3,2024-06-17
WTA,Chelsea Vranici,1443.63,3,2024-10-28
WTA,Meheq Khokhar,1443.56,3,2024-10-21
WTA,Maria Joao Reis Fonseca,1443.39,3,2023-06-12
WTA,Isabela De Mattos Silva,1442.8,3,2025-09-08
WTA,Kiah Turner,1442.77,3,2021-10-11
WTA,Ela Belanova,1442.69,3,2023-12-04
WTA,Andrea Cunya,1442.61,3,2024-05-06
WTA,Pornnapat Hongjumradsin,1442.61,3,2026-05-11
WTA,Aline Aveiro,1442.04,3,2024-11-04
WTA,Aashiyana Pallath,1441.8,3,2024-07-08
ATP,Batiste Guerra,1441.77,3,2024-08-12
WTA,Sofia Becerra Morin,1441.71,3,2026-03-02
WTA,Katarina Liedbeck,1441.54,3,2022-05-16
WTA,Marta Mariani,1441.43,3,2024-06-17
WTA,Amaya Gonzalez Vazquez,1441.21,3,2023-09-11
WTA,Trinity Ly,1440.87,3,2023-04-10
WTA,Tippi Dalle Grave,1440.37,3,2023-05-01
WTA,Yana Maria Khadarovich,1439.95,3,2021-08-09
WTA,Thea Donarski,1439.78,3,2024-07-15
WTA,Ana Gvinepadze,1439.4,3,2023-05-08
WTA,Marta Domenech Guarch,1439.1,3,2024-11-11
WTA,Duda Ewa,1438.82,3,2024-08-26
WTA,Maria Camila Romero Vargas,1436.84,3,2025-10-20
WTA,Celia Campo Munoz,1436.38,3,2024-11-18
WTA,Hongyun Li,1434.76,3,2024-04-29
